[
  {
    "user": {
      "screenName": "MaimaiLee123",
      "name": "李麦麦",
      "profileImageUrl": "https://pbs.twimg.com/profile_images/1863951770080428032/5qM3fGRx_normal.jpg",
      "description": "人只有醒来才知道自己睡了一觉\n\n｜ INTJ ｜感谢follow ｜\n电报   https://t.co/qYINMLQgVt \n自留地  https://t.co/WQYgnkH9Ew",
      "followersCount": 7953,
      "friendsCount": 1083,
      "location": "IP属地:由于相关法律法规及政策,该地址不予显示"
    },
    "images": [
      "https://pbs.twimg.com/media/GgAMgDvboAA4ijd.jpg"
    ],
    "videos": [],
    "tweetUrl": "https://x.com/MaimaiLee123/status/1873511202401460690",
    "fullText": "搞钱绝不能有的学生思维 https://t.co/PlI3FqF6NY"
  },
  {
    "user": {
      "screenName": "MaimaiLee123",
      "name": "李麦麦",
      "profileImageUrl": "https://pbs.twimg.com/profile_images/1863951770080428032/5qM3fGRx_normal.jpg",
      "description": "人只有醒来才知道自己睡了一觉\n\n｜ INTJ ｜感谢follow ｜\n电报   https://t.co/qYINMLQgVt \n自留地  https://t.co/WQYgnkH9Ew",
      "followersCount": 7953,
      "friendsCount": 1083,
      "location": "IP属地:由于相关法律法规及政策,该地址不予显示"
    },
    "images": [],
    "videos": [],
    "tweetUrl": "https://x.com/MaimaiLee123/status/1873504096839483825",
    "fullText": "我这么年轻这么帅，怎么睡一会感觉腰酸酸的，不能是腰间盘突出吧"
  },
  {
    "user": {
      "screenName": "yihong0618",
      "name": "yihong0618",
      "profileImageUrl": "https://pbs.twimg.com/profile_images/1209446924006223872/wSIVSKnh_normal.jpg",
      "description": "喜欢王小波，大概我们能成为朋友。 我的 2024 https://t.co/HfDF6oduB7 我的 2023 https://t.co/QyV8PiZmOY 我的2022 https://t.co/NLYTn7xtta 我的 2021 我的 2020",
      "followersCount": 70673,
      "friendsCount": 3286,
      "location": ""
    },
    "images": [
      "https://pbs.twimg.com/media/Gf_7lqvaIAAKtEL.jpg",
      "https://pbs.twimg.com/media/Gf_7lqyaYAAXDm0.jpg"
    ],
    "videos": [],
    "tweetUrl": "https://x.com/yihong0618/status/1873492613225136199",
    "fullText": "#今天的跑步电台。推荐。 https://t.co/eNwglssvBP"
  },
  {
    "user": {
      "screenName": "dotey",
      "name": "宝玉",
      "profileImageUrl": "https://pbs.twimg.com/profile_images/561086911561736192/6_g58vEs_normal.jpeg",
      "description": "Prompt Engineer, dedicated to learning and disseminating knowledge about AI, software engineering, and engineering management.",
      "followersCount": 99324,
      "friendsCount": 1238,
      "location": "Chicago, IL"
    },
    "images": [],
    "videos": [
      "https://video.twimg.com/ext_tw_video/1873399831680708608/pu/vid/avc1/720x720/UNlA19hAfU6xFiEM.mp4?tag=12"
    ],
    "tweetUrl": "https://x.com/dotey/status/1873485499245240546",
    "fullText": "https://t.co/uO9Ejbfom7 \n\na=(x,y,o=mag(k=x/4-12.5,e=y/9)/9)=&gt;point((q=x+99+cos(9/k)+o*k*(cos(e*9)/3+cos(y/9)/.7)*sin(o*4-t))*.7*sin(c=o*e/30-t/8)+200,200+y/9*cos(c*4-t/2)-q/2*cos(c))"
  },
  {
    "user": {
      "screenName": "middlefeng",
      "name": "FENG DONG",
      "profileImageUrl": "https://pbs.twimg.com/profile_images/2169091824/Nuclear_normal.png",
      "description": "Author of Nuo Model Viewer. Programming C++, Lua, DirectX, Windows, iOS, macOS, Metal. Linux kernel fan (once). Atheism leads to singularity and God save us.",
      "followersCount": 6773,
      "friendsCount": 721,
      "location": "San Jose, CA"
    },
    "images": [
      "https://pbs.twimg.com/media/Gf_PQDKWoAAuu7J.jpg"
    ],
    "videos": [],
    "tweetUrl": "https://x.com/middlefeng/status/1873443905875947688",
    "fullText": "清晨在夏威夷。 https://t.co/9IlIbEigTJ"
  },
  {
    "user": {
      "screenName": "yuyy614893671",
      "name": "金融汪",
      "profileImageUrl": "https://pbs.twimg.com/profile_images/1832901799470411776/mpHf_iT0_normal.jpg",
      "description": "金融市场老兵. Former Investment manager. 观察和理解这个世界每天在发生着什么，是我的兴趣也是工作。X上的内容只是分享，不是投资建议。\n油管频道：师姐说 https://t.co/41afFnOGrW",
      "followersCount": 43591,
      "friendsCount": 307,
      "location": ""
    },
    "images": [],
    "videos": [
      "https://video.twimg.com/amplify_video/1873426862002548736/vid/avc1/1920x1080/M9gs3ln3bWgjvDGJ.mp4?tag=16",
      "https://video.twimg.com/amplify_video/1873426861977477120/vid/avc1/1280x720/5WO6CuBkVVV7nJ3a.mp4?tag=16",
      "https://video.twimg.com/amplify_video/1873431407256584192/vid/avc1/1920x1080/J_pt2ZSoY55iYud0.mp4?tag=16"
    ],
    "tweetUrl": "https://x.com/yuyy614893671/status/1873431911881957475",
    "fullText": "下大雪啦！ https://t.co/CXreMhCZZo"
  },
  {
    "user": {
      "screenName": "MaimaiLee123",
      "name": "李麦麦",
      "profileImageUrl": "https://pbs.twimg.com/profile_images/1863951770080428032/5qM3fGRx_normal.jpg",
      "description": "人只有醒来才知道自己睡了一觉\n\n｜ INTJ ｜感谢follow ｜\n电报   https://t.co/qYINMLQgVt \n自留地  https://t.co/WQYgnkH9Ew",
      "followersCount": 7953,
      "friendsCount": 1083,
      "location": "IP属地:由于相关法律法规及政策,该地址不予显示"
    },
    "images": [],
    "videos": [],
    "tweetUrl": "https://x.com/MaimaiLee123/status/1873412139991674920",
    "fullText": "现在感受到火车在抖了，抖的我想尿尿。\n思考夜晚的时候想到一个有意思的事情：小时候家里灯泡坏了换新灯泡的时候，第一次都要开很久的灯都不关，大概两三天这样，家里人说第一次开的越久就能越耐用。我当时觉得这是某种仪式，是在招魂把魂关进灯里好给灯附魔🤣"
  },
  {
    "user": {
      "screenName": "nishuang",
      "name": "倪爽",
      "profileImageUrl": "https://pbs.twimg.com/profile_images/1615204555/bg_green_300x300_normal.jpg",
      "description": "倪爽，设计顾问。 超过 20 年经验资深设计师，在美国运营 Honest Dot Design / 倪爽设计工作室，为中国及北美企业提供品牌设计、UX 设计两类设计咨询服务。",
      "followersCount": 99319,
      "friendsCount": 800,
      "location": "United States"
    },
    "images": [],
    "videos": [
      "https://video.twimg.com/amplify_video/1873331899755548673/vid/avc1/1280x720/YcnEx7jDSp1hpYxa.mp4?tag=16"
    ],
    "tweetUrl": "https://x.com/nishuang/status/1873408017783476272",
    "fullText": "设计师喜欢的 CMY 小方块\n\n没有 K😂\n\n https://t.co/qVtLbRYa6z"
  },
  {
    "user": {
      "screenName": "middlefeng",
      "name": "FENG DONG",
      "profileImageUrl": "https://pbs.twimg.com/profile_images/2169091824/Nuclear_normal.png",
      "description": "Author of Nuo Model Viewer. Programming C++, Lua, DirectX, Windows, iOS, macOS, Metal. Linux kernel fan (once). Atheism leads to singularity and God save us.",
      "followersCount": 6773,
      "friendsCount": 721,
      "location": "San Jose, CA"
    },
    "images": [],
    "videos": [],
    "tweetUrl": "https://x.com/middlefeng/status/1873405073075974353",
    "fullText": "刚才和一位平时就比较较真的老朋友聊了一下。他 91 年在国内读博士就学过梯度学习。一开始他说以后 AI 发展可能不需要人力。我说 MLP 自己学不出来卷积层，还得靠人实现。他说 LLM 比这个类比先进多了。我说能解决 recurrent 的 training 我就信。然后他就陷入了思考。"
  },
  {
    "user": {
      "screenName": "plusyip",
      "name": "Plusye",
      "profileImageUrl": "https://pbs.twimg.com/profile_images/1718597108058722304/GvFIOU3p_normal.jpg",
      "description": "程序员，开发过 2 个 iOS App，几个不知名的浏览器插件，几个小程序。喜欢看动画、漫画、轻小说和网文。目标是早日成为自宅警備員。搞了个 GPT 和Claude API 转发服务，价格和官方的一样：https://t.co/87W14YcWNd",
      "followersCount": 7571,
      "friendsCount": 273,
      "location": ""
    },
    "images": [
      "https://pbs.twimg.com/media/Gf-YnGEa0AA89bK.png"
    ],
    "videos": [],
    "tweetUrl": "https://x.com/plusyip/status/1873384403197673679",
    "fullText": "还是要做英文站，广告价值高，看卖教人靠 Adsense 赚钱的社群的网友发的截图，和我的网站流量差不多，他一个月赚 300 刀，我一个月连 1 刀都赚不到，太惨了😂 https://t.co/Q6alAfYv76"
  },
  {
    "user": {
      "screenName": "NordaceOfficial",
      "name": "Nordace",
      "profileImageUrl": "https://pbs.twimg.com/profile_images/1103775502391697408/pwfE7uK7_normal.png",
      "description": "Whether you're hiking the Andes or exploring the streets of Rome, we have the best travel bags and accessories for any adventure. Always searching for adventure",
      "followersCount": 42589,
      "friendsCount": 0,
      "location": ""
    },
    "images": [],
    "videos": [],
    "tweetUrl": "https://x.com/NordaceOfficial/status/1873382915452911922",
    "fullText": "🎒 Pack Smarter, Travel Easier with This Tote!\n https://t.co/w1kuPO4zBz"
  },
  {
    "user": {
      "screenName": "NordaceOfficial",
      "name": "Nordace",
      "profileImageUrl": "https://pbs.twimg.com/profile_images/1103775502391697408/pwfE7uK7_normal.png",
      "description": "Whether you're hiking the Andes or exploring the streets of Rome, we have the best travel bags and accessories for any adventure. Always searching for adventure",
      "followersCount": 42588,
      "friendsCount": 0,
      "location": ""
    },
    "images": [],
    "videos": [],
    "tweetUrl": "https://x.com/NordaceOfficial/status/1873382915167703218",
    "fullText": "🎒 Pack Smarter, Travel Easier with This Tote!\n https://t.co/w1kuPO4zBz"
  },
  {
    "user": {
      "screenName": "NordaceOfficial",
      "name": "Nordace",
      "profileImageUrl": "https://pbs.twimg.com/profile_images/1103775502391697408/pwfE7uK7_normal.png",
      "description": "Whether you're hiking the Andes or exploring the streets of Rome, we have the best travel bags and accessories for any adventure. Always searching for adventure",
      "followersCount": 42600,
      "friendsCount": 0,
      "location": ""
    },
    "images": [],
    "videos": [],
    "tweetUrl": "https://x.com/NordaceOfficial/status/1873382914584637455",
    "fullText": "🎒 Pack Smarter, Travel Easier with This Tote!\n https://t.co/w1kuPO4zBz"
  },
  {
    "user": {
      "screenName": "Beacon_Incorp",
      "name": "Beacon Incorporated",
      "profileImageUrl": "https://pbs.twimg.com/profile_images/1843291874351517696/3_S65gp8_normal.jpg",
      "description": "Beacon financial services has more than two decades of experience delivering tailored tax and bookkeeping solutions to businesses of all sizes.",
      "followersCount": 1,
      "friendsCount": 6,
      "location": ""
    },
    "images": [],
    "videos": [],
    "tweetUrl": "https://x.com/Beacon_Incorp/status/1873365353327194485",
    "fullText": "Bench’s sudden closure left you hanging? Beacon is stepping up with:\n✅ Hassle-free bookkeeping transition.\n✅ Special pricing for financially impacted customers.\n✅ Trusted services since 2004.\nDon’t let the closure disrupt your business—switch to Beacon today!"
  },
  {
    "user": {
      "screenName": "MaimaiLee123",
      "name": "李麦麦",
      "profileImageUrl": "https://pbs.twimg.com/profile_images/1863951770080428032/5qM3fGRx_normal.jpg",
      "description": "人只有醒来才知道自己睡了一觉\n\n｜ INTJ ｜感谢follow ｜\n电报   https://t.co/qYINMLQgVt \n自留地  https://t.co/WQYgnkH9Ew",
      "followersCount": 7953,
      "friendsCount": 1083,
      "location": "IP属地:由于相关法律法规及政策,该地址不予显示"
    },
    "images": [
      "https://pbs.twimg.com/media/Gf9sUyhbsAAfuXF.jpg",
      "https://pbs.twimg.com/media/Gf9sUydagAASfXt.jpg"
    ],
    "videos": [],
    "tweetUrl": "https://x.com/MaimaiLee123/status/1873335077607969020",
    "fullText": "坐上绿皮火车了，12小时卧铺挑战。\n上次坐绿皮可以追溯到2008年，小小的我被妈妈带去上海玩。\n顺带问一下，睡中铺的话鞋子一般藏哪？我感觉睡一觉鞋子就不见了🤣 https://t.co/Zv0CvdC9Fn"
  },
  {
    "user": {
      "screenName": "manateelazycat",
      "name": "Andy Stewart",
      "profileImageUrl": "https://pbs.twimg.com/profile_images/768239262/HaskellIcon_normal.jpg",
      "description": "Linux, Emacs开源社区从业二十余载\n懒猫微服CEO， 不端不装， 仗剑走天涯\n客官喜欢， 欢迎买我家的懒猫微服 https://t.co/KVqgWHE3yR\n京东旗舰店： https://t.co/6l2E0fkB8H",
      "followersCount": 17719,
      "friendsCount": 95,
      "location": "China"
    },
    "images": [],
    "videos": [],
    "tweetUrl": "https://x.com/manateelazycat/status/1873333756217766097",
    "fullText": "资治通鉴看到第11本， 看到唐朝的下坡路， 不胜唏嘘。\n\n读到唐宣宗的时候， 仿佛又看到太宗的风范， 果断无私， 从谏如流， 社会越来越好。\n\n可惜的是， 古代的皇帝都乱吃丹药， 天妒英才。"
  },
  {
    "user": {
      "screenName": "manateelazycat",
      "name": "Andy Stewart",
      "profileImageUrl": "https://pbs.twimg.com/profile_images/768239262/HaskellIcon_normal.jpg",
      "description": "Linux, Emacs开源社区从业二十余载\n懒猫微服CEO， 不端不装， 仗剑走天涯\n客官喜欢， 欢迎买我家的懒猫微服 https://t.co/KVqgWHE3yR\n京东旗舰店： https://t.co/6l2E0fkB8H",
      "followersCount": 17719,
      "friendsCount": 95,
      "location": "China"
    },
    "images": [
      "https://pbs.twimg.com/media/Gf9lW9Ob0AA3IeV.jpg"
    ],
    "videos": [],
    "tweetUrl": "https://x.com/manateelazycat/status/1873328606057009207",
    "fullText": "美士谱这个三臂折叠台灯超出我的期望：\n\n1. 最爱它黄光的倒数第二挡亮度， 晚上看书很温馨\n2. 顶部两个灯条可以转动30°， 避免LED灯珠直射眼睛\n3. 三折叠臂可以压的很下， 调成白光晚上焊板子都没问题\n\nhttps://t.co/bTrsHN8P3x https://t.co/gCL4WANnXJ"
  },
  {
    "user": {
      "screenName": "logorrheapnazwh",
      "name": "Maude Lindsey",
      "profileImageUrl": "https://pbs.twimg.com/profile_images/1719115118049636352/5SJu_B2x_normal.jpg",
      "description": "",
      "followersCount": 0,
      "friendsCount": 10,
      "location": ""
    },
    "images": [],
    "videos": [],
    "tweetUrl": "https://x.com/logorrheapnazwh/status/1873327547293089884",
    "fullText": "Conquer the outdoors in our Casual Stand Collar Sweatshirt. Lightweight, warm, and stylish, it’s a must-have for all your fall and winter escapades. Buy Now..."
  },
  {
    "user": {
      "screenName": "skywind3000",
      "name": "LIN WEI",
      "profileImageUrl": "https://pbs.twimg.com/profile_images/786485788468850688/OA9vAxsy_normal.jpg",
      "description": "PuTTY 本无树，MinGW 亦非台 ！",
      "followersCount": 17960,
      "friendsCount": 248,
      "location": "Guangdong"
    },
    "images": [
      "https://pbs.twimg.com/media/Gf9ijacacAAghRq.png"
    ],
    "videos": [],
    "tweetUrl": "https://x.com/skywind3000/status/1873324708386795575",
    "fullText": "现在影视剧里最扯的一个东西就是 GPS 定位装置，半颗牙齿那么大，电池都不够放，无源永久续航的定位系统： https://t.co/6SLgRVVqdI"
  },
  {
    "user": {
      "screenName": "yihui_indie",
      "name": "熠辉 Indie",
      "profileImageUrl": "https://pbs.twimg.com/profile_images/1804848821702377472/fSfFlGTf_normal.jpg",
      "description": "小报童专栏作者(https://t.co/n3aQPcb9yX ) |   全职独立开发者 | NuxtBase作者 |  B站up主 | 分享创造 + 无限迭代ing",
      "followersCount": 22999,
      "friendsCount": 474,
      "location": "Hong Kong"
    },
    "images": [],
    "videos": [],
    "tweetUrl": "https://x.com/yihui_indie/status/1873317233407164648",
    "fullText": "今天发现小红书已经把第二Tab从「购物」正式变成了「热门」，这个决定奠定了小红书转型视频平台了..."
  },
  {
    "user": {
      "screenName": "turingou",
      "name": "郭宇 guoyu.eth",
      "profileImageUrl": "https://pbs.twimg.com/profile_images/1870511184761483265/QO7R0Ow3_normal.jpg",
      "description": "Retired. ex ByteDancer #473. Onsen mania, live in Tokyo/Azumino/Miyakojima.",
      "followersCount": 134231,
      "friendsCount": 1428,
      "location": "東京 港区"
    },
    "images": [
      "https://pbs.twimg.com/media/Gf9a_UGaIAA6tf0.jpg",
      "https://pbs.twimg.com/media/Gf9a_UGbsAAhu1l.jpg",
      "https://pbs.twimg.com/media/Gf9a_UHaQAEYAOv.jpg",
      "https://pbs.twimg.com/media/Gf9a_UKbsAA9jDv.jpg"
    ],
    "videos": [],
    "tweetUrl": "https://x.com/turingou/status/1873316018107687088",
    "fullText": "近期外食 @ モノリス。从北美回来后再吃日式法餐，每道都能评为绝品… https://t.co/p7G3VdHYxd"
  },
  {
    "user": {
      "screenName": "dotey",
      "name": "宝玉",
      "profileImageUrl": "https://pbs.twimg.com/profile_images/561086911561736192/6_g58vEs_normal.jpeg",
      "description": "Prompt Engineer, dedicated to learning and disseminating knowledge about AI, software engineering, and engineering management.",
      "followersCount": 99324,
      "friendsCount": 1238,
      "location": "Chicago, IL"
    },
    "images": [
      "https://pbs.twimg.com/media/Gf9JNTcX0AAI0nn.jpg",
      "https://pbs.twimg.com/media/Gf9JPHfWsAAwIzn.jpg",
      "https://pbs.twimg.com/media/Gf9JQjaXEAAoqNX.jpg",
      "https://pbs.twimg.com/media/Gf9JSGsWQAA9QHS.jpg"
    ],
    "videos": [],
    "tweetUrl": "https://x.com/dotey/status/1873296598060716516",
    "fullText": "实例演示我是如何和 AI 结对编程的\n\n比如我要做一个功能模块，我自己有个大概的思路，然后我将需求抽象精简，包含在一个上下文中，只是一个大方向，不涉及太多细节。（参考图1）\n\n1. 让 AI 根据需求出设计方案\n同样的需求我用 3 个不同的会话生成 3 https://t.co/3heMSEbI4r"
  },
  {
    "user": {
      "screenName": "MaimaiLee123",
      "name": "李麦麦",
      "profileImageUrl": "https://pbs.twimg.com/profile_images/1863951770080428032/5qM3fGRx_normal.jpg",
      "description": "人只有醒来才知道自己睡了一觉\n\n｜ INTJ ｜感谢follow ｜\n电报   https://t.co/qYINMLQgVt \n自留地  https://t.co/WQYgnkH9Ew",
      "followersCount": 7953,
      "friendsCount": 1083,
      "location": "IP属地:由于相关法律法规及政策,该地址不予显示"
    },
    "images": [
      "https://pbs.twimg.com/media/Gf9Dvj_bsAAiVeD.jpg"
    ],
    "videos": [],
    "tweetUrl": "https://x.com/MaimaiLee123/status/1873290473764450805",
    "fullText": "依旧猪脚/. https://t.co/hEStyn1lcJ"
  },
  {
    "user": {
      "screenName": "NordaceOfficial",
      "name": "Nordace",
      "profileImageUrl": "https://pbs.twimg.com/profile_images/1103775502391697408/pwfE7uK7_normal.png",
      "description": "Whether you're hiking the Andes or exploring the streets of Rome, we have the best travel bags and accessories for any adventure. Always searching for adventure",
      "followersCount": 42603,
      "friendsCount": 0,
      "location": ""
    },
    "images": [],
    "videos": [],
    "tweetUrl": "https://x.com/NordaceOfficial/status/1873284321701969925",
    "fullText": "🎒 Pack Smarter, Travel Easier with This Tote!\n https://t.co/w1kuPO4zBz"
  },
  {
    "user": {
      "screenName": "NordaceOfficial",
      "name": "Nordace",
      "profileImageUrl": "https://pbs.twimg.com/profile_images/1103775502391697408/pwfE7uK7_normal.png",
      "description": "Whether you're hiking the Andes or exploring the streets of Rome, we have the best travel bags and accessories for any adventure. Always searching for adventure",
      "followersCount": 42604,
      "friendsCount": 0,
      "location": ""
    },
    "images": [],
    "videos": [],
    "tweetUrl": "https://x.com/NordaceOfficial/status/1873284320544342332",
    "fullText": "🎒 Pack Smarter, Travel Easier with This Tote!\n https://t.co/w1kuPO4zBz"
  },
  {
    "user": {
      "screenName": "NordaceOfficial",
      "name": "Nordace",
      "profileImageUrl": "https://pbs.twimg.com/profile_images/1103775502391697408/pwfE7uK7_normal.png",
      "description": "Whether you're hiking the Andes or exploring the streets of Rome, we have the best travel bags and accessories for any adventure. Always searching for adventure",
      "followersCount": 42601,
      "friendsCount": 0,
      "location": ""
    },
    "images": [],
    "videos": [],
    "tweetUrl": "https://x.com/NordaceOfficial/status/1873284320301072755",
    "fullText": "🎒 Pack Smarter, Travel Easier with This Tote!\n https://t.co/w1kuPO4zBz"
  },
  {
    "user": {
      "screenName": "xiongchun007",
      "name": "Spring Xiong 熊春",
      "profileImageUrl": "https://pbs.twimg.com/profile_images/1850515744104263680/QdGAs4y6_normal.jpg",
      "description": "Programmer, Creator of @Datacollie (Database Management & Data Analysis)  #Java #Web #App #Python #DataScience #OpenSource",
      "followersCount": 3207,
      "friendsCount": 1086,
      "location": ""
    },
    "images": [
      "https://pbs.twimg.com/media/Gf87imyawAQ8Exe.jpg"
    ],
    "videos": [],
    "tweetUrl": "https://x.com/xiongchun007/status/1873281462340075910",
    "fullText": "从上海回到昆明了，天气非常好，也很暖和。吃完午饭出来遛娃。 https://t.co/0baRFZGX5r"
  },
  {
    "user": {
      "screenName": "nateleex",
      "name": "李自然 Nate Lee",
      "profileImageUrl": "https://pbs.twimg.com/profile_images/1727019827645308928/8B7sjQ26_normal.jpg",
      "description": "几个小公司的CEO，竞技之心，有情有义，逍遥自得",
      "followersCount": 6828,
      "friendsCount": 179,
      "location": "Shanghai"
    },
    "images": [],
    "videos": [],
    "tweetUrl": "https://x.com/nateleex/status/1873279937618354627",
    "fullText": "经过一天的对比使用，我宣布正式成为一个deepseek吹。\n之前公司用deepseek比较多，主要出于性价比考虑。现在性能也上来了，个人使用基本可以平替claude。"
  },
  {
    "user": {
      "screenName": "yihui_indie",
      "name": "熠辉 Indie",
      "profileImageUrl": "https://pbs.twimg.com/profile_images/1804848821702377472/fSfFlGTf_normal.jpg",
      "description": "小报童专栏作者(https://t.co/n3aQPcb9yX ) |   全职独立开发者 | NuxtBase作者 |  B站up主 | 分享创造 + 无限迭代ing",
      "followersCount": 22999,
      "friendsCount": 474,
      "location": "Hong Kong"
    },
    "images": [
      "https://pbs.twimg.com/media/Gf8xE02awAIan1G.jpg"
    ],
    "videos": [],
    "tweetUrl": "https://x.com/yihui_indie/status/1873272838238752913",
    "fullText": "哈哈，无偿帮助 @idoubicc 大佬完成了一笔ShipAny！起因是有位推友在我的NuxtBase下面评论是否有React版本的，我就立马私信他推荐了ShipAny，无意之间就促成了交易（虽然我立马要推出我的Next.js版本😅）。\n\n@boo_hz 有个准则：“Indie hackers support indie https://t.co/EMkRVG6315"
  },
  {
    "user": {
      "screenName": "dotey",
      "name": "宝玉",
      "profileImageUrl": "https://pbs.twimg.com/profile_images/561086911561736192/6_g58vEs_normal.jpeg",
      "description": "Prompt Engineer, dedicated to learning and disseminating knowledge about AI, software engineering, and engineering management.",
      "followersCount": 99324,
      "friendsCount": 1238,
      "location": "Chicago, IL"
    },
    "images": [
      "https://pbs.twimg.com/media/Gf8mxmxWAAAsctk.jpg",
      "https://pbs.twimg.com/media/Gf8mzj5WkAAgO0P.jpg",
      "https://pbs.twimg.com/media/Gf8m17vXAAAqAew.jpg",
      "https://pbs.twimg.com/media/Gf8m4IsWMAAjj1t.jpg"
    ],
    "videos": [],
    "tweetUrl": "https://x.com/dotey/status/1873258728687865939",
    "fullText": "问：低耦合设计怎么写prompt，能给我们一个小例子吗？\n答：\n\n举个例子，我在写一个字幕编辑器的App，设计的时候，播放器是一个独立的模块，字幕编辑部分也是一个独立的模块，比如说我现在要给字幕编辑模块增加一个当前播放位置的字幕高亮并自动滚动的功能，我就只需要把字幕编辑器相关的代码发过去。 https://t.co/bwtUyB0flI"
  },
  {
    "user": {
      "screenName": "yihui_indie",
      "name": "熠辉 Indie",
      "profileImageUrl": "https://pbs.twimg.com/profile_images/1804848821702377472/fSfFlGTf_normal.jpg",
      "description": "小报童专栏作者(https://t.co/n3aQPcb9yX ) |   全职独立开发者 | NuxtBase作者 |  B站up主 | 分享创造 + 无限迭代ing",
      "followersCount": 22999,
      "friendsCount": 474,
      "location": "Hong Kong"
    },
    "images": [],
    "videos": [
      "https://video.twimg.com/ext_tw_video/1873249424660664320/pu/vid/avc1/1920x1080/urE1Eio6d3Jxneyf.mp4?tag=14"
    ],
    "tweetUrl": "https://x.com/yihui_indie/status/1873253026754187618",
    "fullText": "🌟太酷了，配置Dify工作流用日语介绍NuxtBase！🌟\n【模板新功能更新】： 目前NuxtBase支持了Dify的前置输入字段流程 + https://t.co/5L9lcY6tID"
  },
  {
    "user": {
      "screenName": "manateelazycat",
      "name": "Andy Stewart",
      "profileImageUrl": "https://pbs.twimg.com/profile_images/768239262/HaskellIcon_normal.jpg",
      "description": "Linux, Emacs开源社区从业二十余载\n懒猫微服CEO， 不端不装， 仗剑走天涯\n客官喜欢， 欢迎买我家的懒猫微服 https://t.co/KVqgWHE3yR\n京东旗舰店： https://t.co/6l2E0fkB8H",
      "followersCount": 17719,
      "friendsCount": 95,
      "location": "China"
    },
    "images": [
      "https://pbs.twimg.com/media/Gf8hC_lawAQXsgK.jpg",
      "https://pbs.twimg.com/media/Gf8hC_kbAAAF8dm.jpg",
      "https://pbs.twimg.com/media/Gf8hC_haEAAtYzH.jpg"
    ],
    "videos": [],
    "tweetUrl": "https://x.com/manateelazycat/status/1873252406047457300",
    "fullText": "昨晚喝酒路上的晚霞😍 https://t.co/zttm8zS4yf"
  },
  {
    "user": {
      "screenName": "dotey",
      "name": "宝玉",
      "profileImageUrl": "https://pbs.twimg.com/profile_images/561086911561736192/6_g58vEs_normal.jpeg",
      "description": "Prompt Engineer, dedicated to learning and disseminating knowledge about AI, software engineering, and engineering management.",
      "followersCount": 99324,
      "friendsCount": 1238,
      "location": "Chicago, IL"
    },
    "images": [],
    "videos": [],
    "tweetUrl": "https://x.com/dotey/status/1873248984359182841",
    "fullText": "网友分享：\n\n你好宝老师，我想投稿大模型的使用体验。我是理工科，国内土博，材料专业。使用强度不是很高，但是集中分析的时候会连续追问和讨论。\n\n关于推理模型，我想说说我的使用体验。我使用的较多的时gpt o1，O1mini，还有谷歌的新出的thinking。"
  },
  {
    "user": {
      "screenName": "ovst36099",
      "name": "兔子",
      "profileImageUrl": "https://pbs.twimg.com/profile_images/1811330028954923008/EcwM3vmh_normal.jpg",
      "description": "被知产耽误的新手程\n\n我的服务：\n1. ChatGPT直连站（免费长期试用）：https://t.co/jCiDSGbaon\n2. API转发站（送 0.4 美金）：https://t.co/drXlNAoFMJ\n3. mj绘画站（送 5 积分）：https://t.co/H6rHEiFR5X",
      "followersCount": 1733,
      "friendsCount": 186,
      "location": "NewYork"
    },
    "images": [
      "https://pbs.twimg.com/media/Gf8dIR_awAIDU0_.jpg"
    ],
    "videos": [],
    "tweetUrl": "https://x.com/ovst36099/status/1873248007761870884",
    "fullText": "小朋友练球，我也充电🔋\n\n作为努力练习的奖励，一会还得一起建设“我的世界”\n\n就是这游戏不支持队友语音，要不然同时学习下英文多好😉 https://t.co/VYC970sloo"
  },
  {
    "user": {
      "screenName": "MaimaiLee123",
      "name": "李麦麦",
      "profileImageUrl": "https://pbs.twimg.com/profile_images/1863951770080428032/5qM3fGRx_normal.jpg",
      "description": "人只有醒来才知道自己睡了一觉\n\n｜ INTJ ｜感谢follow ｜\n电报   https://t.co/qYINMLQgVt \n自留地  https://t.co/WQYgnkH9Ew",
      "followersCount": 7953,
      "friendsCount": 1083,
      "location": "IP属地:由于相关法律法规及政策,该地址不予显示"
    },
    "images": [
      "https://pbs.twimg.com/media/Gf8NdFFasAA6b3v.jpg"
    ],
    "videos": [],
    "tweetUrl": "https://x.com/MaimaiLee123/status/1873230771127026008",
    "fullText": "搞钱必须要有「老子时间很贵」的概念 https://t.co/RYKW2a9Q7H"
  },
  {
    "user": {
      "screenName": "dotey",
      "name": "宝玉",
      "profileImageUrl": "https://pbs.twimg.com/profile_images/561086911561736192/6_g58vEs_normal.jpeg",
      "description": "Prompt Engineer, dedicated to learning and disseminating knowledge about AI, software engineering, and engineering management.",
      "followersCount": 99324,
      "friendsCount": 1238,
      "location": "Chicago, IL"
    },
    "images": [],
    "videos": [],
    "tweetUrl": "https://x.com/dotey/status/1873222368916566381",
    "fullText": "Prompt：宝玉老师，我在组里强推某种固定格式的开发设计文档，要求组员按格式补充写完，再借助o1或则别的模型实现代码细节，是否可行。等代码出来工程师再进行一定的修改或则调整。\n\nRepsonse：\n对于这种先设计再开发，辅助 AI 编程的方式，我觉得非常赞，如果我做的话，可能会做一点调整：\n\n1."
  },
  {
    "user": {
      "screenName": "manateelazycat",
      "name": "Andy Stewart",
      "profileImageUrl": "https://pbs.twimg.com/profile_images/768239262/HaskellIcon_normal.jpg",
      "description": "Linux, Emacs开源社区从业二十余载\n懒猫微服CEO， 不端不装， 仗剑走天涯\n客官喜欢， 欢迎买我家的懒猫微服 https://t.co/KVqgWHE3yR\n京东旗舰店： https://t.co/6l2E0fkB8H",
      "followersCount": 17719,
      "friendsCount": 95,
      "location": "China"
    },
    "images": [],
    "videos": [],
    "tweetUrl": "https://x.com/manateelazycat/status/1873222212913955146",
    "fullText": "开源经济学\n\n早上遛狗的时候想到这个事情，本来想写一篇文章的， 但是感觉没有想的系统化， 所以简单发个推文吧。\n\n1. 开源本质上是满足人好奇心的经济学产品， 一个牛人想到一个方法， 分享其中的奥秘， 1% 的其他牛人可以从源代码中学习到奥秘和知识， 99% 的人纯粹享受可以免费使用工具的权利\n\n2."
  },
  {
    "user": {
      "screenName": "yuyy614893671",
      "name": "金融汪",
      "profileImageUrl": "https://pbs.twimg.com/profile_images/1832901799470411776/mpHf_iT0_normal.jpg",
      "description": "金融市场老兵. Former Investment manager. 观察和理解这个世界每天在发生着什么，是我的兴趣也是工作。X上的内容只是分享，不是投资建议。\n油管频道：师姐说 https://t.co/41afFnOGrW",
      "followersCount": 43591,
      "friendsCount": 307,
      "location": ""
    },
    "images": [],
    "videos": [
      "https://video.twimg.com/ext_tw_video/1873185856820789248/pu/vid/avc1/848x480/QnKY3kzuBWLpfXNN.mp4?tag=12"
    ],
    "tweetUrl": "https://x.com/yuyy614893671/status/1873194511192735783",
    "fullText": "【济州航空发动机遭遇鸟击】\nMBC 新闻发布了据称是波音 737 飞机在务安机场紧急降落前，发动机遭遇鸟击的画面。\n\n这架飞机载有 173 名韩国人和 2 名泰国人，在起落架失灵的情况下试图着陆，随后撞破围栏并爆炸 https://t.co/UirVZC1yts"
  },
  {
    "user": {
      "screenName": "NordaceOfficial",
      "name": "Nordace",
      "profileImageUrl": "https://pbs.twimg.com/profile_images/1103775502391697408/pwfE7uK7_normal.png",
      "description": "Whether you're hiking the Andes or exploring the streets of Rome, we have the best travel bags and accessories for any adventure. Always searching for adventure",
      "followersCount": 42556,
      "friendsCount": 0,
      "location": ""
    },
    "images": [],
    "videos": [],
    "tweetUrl": "https://x.com/NordaceOfficial/status/1873179629785100548",
    "fullText": "🎒 Organize, Pack, and Travel Better with This Bag!\nhttps://t.co/JLnEOUPAg4"
  },
  {
    "user": {
      "screenName": "NordaceOfficial",
      "name": "Nordace",
      "profileImageUrl": "https://pbs.twimg.com/profile_images/1103775502391697408/pwfE7uK7_normal.png",
      "description": "Whether you're hiking the Andes or exploring the streets of Rome, we have the best travel bags and accessories for any adventure. Always searching for adventure",
      "followersCount": 42593,
      "friendsCount": 0,
      "location": ""
    },
    "images": [],
    "videos": [],
    "tweetUrl": "https://x.com/NordaceOfficial/status/1873179629692784892",
    "fullText": "🎒 Organize, Pack, and Travel Better with This Bag!\nhttps://t.co/JLnEOUPAg4"
  },
  {
    "user": {
      "screenName": "NordaceOfficial",
      "name": "Nordace",
      "profileImageUrl": "https://pbs.twimg.com/profile_images/1103775502391697408/pwfE7uK7_normal.png",
      "description": "Whether you're hiking the Andes or exploring the streets of Rome, we have the best travel bags and accessories for any adventure. Always searching for adventure",
      "followersCount": 42574,
      "friendsCount": 0,
      "location": ""
    },
    "images": [],
    "videos": [],
    "tweetUrl": "https://x.com/NordaceOfficial/status/1873179629499896052",
    "fullText": "🎒🌟 Travel Is Easy Now!\nhttps://t.co/JLnEOUPAg4"
  },
  {
    "user": {
      "screenName": "yuyy614893671",
      "name": "金融汪",
      "profileImageUrl": "https://pbs.twimg.com/profile_images/1832901799470411776/mpHf_iT0_normal.jpg",
      "description": "金融市场老兵. Former Investment manager. 观察和理解这个世界每天在发生着什么，是我的兴趣也是工作。X上的内容只是分享，不是投资建议。\n油管频道：师姐说 https://t.co/41afFnOGrW",
      "followersCount": 43591,
      "friendsCount": 307,
      "location": ""
    },
    "images": [],
    "videos": [],
    "tweetUrl": "https://x.com/yuyy614893671/status/1873176083035755002",
    "fullText": "这个世界怎么了？"
  },
  {
    "user": {
      "screenName": "yuyy614893671",
      "name": "金融汪",
      "profileImageUrl": "https://pbs.twimg.com/profile_images/1832901799470411776/mpHf_iT0_normal.jpg",
      "description": "金融市场老兵. Former Investment manager. 观察和理解这个世界每天在发生着什么，是我的兴趣也是工作。X上的内容只是分享，不是投资建议。\n油管频道：师姐说 https://t.co/41afFnOGrW",
      "followersCount": 43591,
      "friendsCount": 307,
      "location": ""
    },
    "images": [],
    "videos": [
      "https://video.twimg.com/ext_tw_video/1873174636579430400/pu/vid/avc1/1264x720/ZCDlFWUWLqIzEy9l.mp4?tag=12"
    ],
    "tweetUrl": "https://x.com/yuyy614893671/status/1873175807566467291",
    "fullText": "突发消息：济州航空一架载有 181名乘客的航班在韩国务安国际机场坠毁 - 韩联社\n\n https://t.co/DgLwFVbaSZ"
  },
  {
    "user": {
      "screenName": "NordaceOfficial",
      "name": "Nordace",
      "profileImageUrl": "https://pbs.twimg.com/profile_images/1103775502391697408/pwfE7uK7_normal.png",
      "description": "Whether you're hiking the Andes or exploring the streets of Rome, we have the best travel bags and accessories for any adventure. Always searching for adventure",
      "followersCount": 42582,
      "friendsCount": 0,
      "location": ""
    },
    "images": [],
    "videos": [],
    "tweetUrl": "https://x.com/NordaceOfficial/status/1873141885235253614",
    "fullText": "🎒 Organize and Travel Smarter with This Bag!\nhttps://t.co/JLnEOUPAg4"
  },
  {
    "user": {
      "screenName": "NordaceOfficial",
      "name": "Nordace",
      "profileImageUrl": "https://pbs.twimg.com/profile_images/1103775502391697408/pwfE7uK7_normal.png",
      "description": "Whether you're hiking the Andes or exploring the streets of Rome, we have the best travel bags and accessories for any adventure. Always searching for adventure",
      "followersCount": 42599,
      "friendsCount": 0,
      "location": ""
    },
    "images": [],
    "videos": [],
    "tweetUrl": "https://x.com/NordaceOfficial/status/1873141884476125435",
    "fullText": "🎒Organize and Travel Smarter with This Bag!\n\nhttps://t.co/JLnEOUPAg4"
  },
  {
    "user": {
      "screenName": "NordaceOfficial",
      "name": "Nordace",
      "profileImageUrl": "https://pbs.twimg.com/profile_images/1103775502391697408/pwfE7uK7_normal.png",
      "description": "Whether you're hiking the Andes or exploring the streets of Rome, we have the best travel bags and accessories for any adventure. Always searching for adventure",
      "followersCount": 42603,
      "friendsCount": 0,
      "location": ""
    },
    "images": [],
    "videos": [],
    "tweetUrl": "https://x.com/NordaceOfficial/status/1873141884379443633",
    "fullText": "🎒 Organize and Travel Smarter with This Bag!\nhttps://t.co/JLnEOUPAg4"
  },
  {
    "user": {
      "screenName": "skywind3000",
      "name": "LIN WEI",
      "profileImageUrl": "https://pbs.twimg.com/profile_images/786485788468850688/OA9vAxsy_normal.jpg",
      "description": "PuTTY 本无树，MinGW 亦非台 ！",
      "followersCount": 17960,
      "friendsCount": 248,
      "location": "Guangdong"
    },
    "images": [],
    "videos": [],
    "tweetUrl": "https://x.com/skywind3000/status/1873135387901870453",
    "fullText": "现在小学洗脑挺成功的，之前和儿子说假期去日本玩，直接拒绝： “不去”，“我是中国人，为什么要去日本”，“日本人那么可恶，为什么还要去日本”，平时从来没跟小孩灌输过任何立场，我就好奇这些观念哪里来的 “老师告诉我们的”，“班上同学说的”，我们这代的教育大多认为月亮还是外国圆，但这代人全反过来了"
  },
  {
    "user": {
      "screenName": "NordaceOfficial",
      "name": "Nordace",
      "profileImageUrl": "https://pbs.twimg.com/profile_images/1103775502391697408/pwfE7uK7_normal.png",
      "description": "Whether you're hiking the Andes or exploring the streets of Rome, we have the best travel bags and accessories for any adventure. Always searching for adventure",
      "followersCount": 42561,
      "friendsCount": 0,
      "location": ""
    },
    "images": [],
    "videos": [],
    "tweetUrl": "https://x.com/NordaceOfficial/status/1873111687588688309",
    "fullText": "🌍🌍 Travel in Style and Comfort with This Bag!\nhttps://t.co/JLnEOUPAg4"
  },
  {
    "user": {
      "screenName": "NordaceOfficial",
      "name": "Nordace",
      "profileImageUrl": "https://pbs.twimg.com/profile_images/1103775502391697408/pwfE7uK7_normal.png",
      "description": "Whether you're hiking the Andes or exploring the streets of Rome, we have the best travel bags and accessories for any adventure. Always searching for adventure",
      "followersCount": 42588,
      "friendsCount": 0,
      "location": ""
    },
    "images": [],
    "videos": [],
    "tweetUrl": "https://x.com/NordaceOfficial/status/1873111685570953293",
    "fullText": "🌍Travel Smarter, Pack Easier with This Bag!\nhttps://t.co/JLnEOUPAg4"
  },
  {
    "user": {
      "screenName": "nishuang",
      "name": "倪爽",
      "profileImageUrl": "https://pbs.twimg.com/profile_images/1615204555/bg_green_300x300_normal.jpg",
      "description": "倪爽，设计顾问。 超过 20 年经验资深设计师，在美国运营 Honest Dot Design / 倪爽设计工作室，为中国及北美企业提供品牌设计、UX 设计两类设计咨询服务。",
      "followersCount": 99319,
      "friendsCount": 800,
      "location": "United States"
    },
    "images": [
      "https://pbs.twimg.com/media/Gf6dbKQWEAAo2dx.jpg"
    ],
    "videos": [],
    "tweetUrl": "https://x.com/nishuang/status/1873108209856028731",
    "fullText": "2025年，设计师最希望消失的设计趋势\n\n#设计入门\n\nFastCompany 采访了 8 位不同领域的设计师，分享自己最讨厌的设计趋势\n\n- 专为社交媒体设计的高颜值劣质产品\n- 拱门（这是我一直特烦的趋势）\n- 用收入来衡量的设计\n- 以 Instagram 为中心、盲目追随视觉潮流的设计\n- AI 美学\n- （产品设计里的）1970 https://t.co/Wg8yp3HwgM"
  },
  {
    "user": {
      "screenName": "NordaceOfficial",
      "name": "Nordace",
      "profileImageUrl": "https://pbs.twimg.com/profile_images/1103775502391697408/pwfE7uK7_normal.png",
      "description": "Whether you're hiking the Andes or exploring the streets of Rome, we have the best travel bags and accessories for any adventure. Always searching for adventure",
      "followersCount": 42600,
      "friendsCount": 0,
      "location": ""
    },
    "images": [],
    "videos": [],
    "tweetUrl": "https://x.com/NordaceOfficial/status/1873104133588402278",
    "fullText": "🎒 Travel Smarter, Organize Better with This Bag!\nhttps://t.co/JLnEOUPAg4"
  },
  {
    "user": {
      "screenName": "NordaceOfficial",
      "name": "Nordace",
      "profileImageUrl": "https://pbs.twimg.com/profile_images/1103775502391697408/pwfE7uK7_normal.png",
      "description": "Whether you're hiking the Andes or exploring the streets of Rome, we have the best travel bags and accessories for any adventure. Always searching for adventure",
      "followersCount": 42599,
      "friendsCount": 0,
      "location": ""
    },
    "images": [],
    "videos": [],
    "tweetUrl": "https://x.com/NordaceOfficial/status/1873104132438901172",
    "fullText": "🎒 Travel Smarter, Organize Better with This Bag!\nhttps://t.co/JLnEOUPAg4"
  },
  {
    "user": {
      "screenName": "NordaceOfficial",
      "name": "Nordace",
      "profileImageUrl": "https://pbs.twimg.com/profile_images/1103775502391697408/pwfE7uK7_normal.png",
      "description": "Whether you're hiking the Andes or exploring the streets of Rome, we have the best travel bags and accessories for any adventure. Always searching for adventure",
      "followersCount": 42601,
      "friendsCount": 0,
      "location": ""
    },
    "images": [],
    "videos": [],
    "tweetUrl": "https://x.com/NordaceOfficial/status/1873104131977531872",
    "fullText": "🌍🎒 Travel Smarter, Organize Better with This Bag!\nhttps://t.co/JLnEOUPAg4"
  },
  {
    "user": {
      "screenName": "dotey",
      "name": "宝玉",
      "profileImageUrl": "https://pbs.twimg.com/profile_images/561086911561736192/6_g58vEs_normal.jpeg",
      "description": "Prompt Engineer, dedicated to learning and disseminating knowledge about AI, software engineering, and engineering management.",
      "followersCount": 99324,
      "friendsCount": 1238,
      "location": "Chicago, IL"
    },
    "images": [],
    "videos": [],
    "tweetUrl": "https://x.com/dotey/status/1873063951472251271",
    "fullText": "转发：【机翻or人翻】随便聊聊\n\n我用过gpt的，但是就一回。今年九月，有个比较大的活儿，我把当时还没有找到工作的妹妹带上了，她正好是翻硕毕业，我说带她见见所谓大世面，跟着我一起去了那个大活动现场。"
  },
  {
    "user": {
      "screenName": "yuyy614893671",
      "name": "金融汪",
      "profileImageUrl": "https://pbs.twimg.com/profile_images/1832901799470411776/mpHf_iT0_normal.jpg",
      "description": "金融市场老兵. Former Investment manager. 观察和理解这个世界每天在发生着什么，是我的兴趣也是工作。X上的内容只是分享，不是投资建议。\n油管频道：师姐说 https://t.co/41afFnOGrW",
      "followersCount": 43588,
      "friendsCount": 307,
      "location": ""
    },
    "images": [
      "https://pbs.twimg.com/media/Gf5yUJ_W0AAc1h2.jpg"
    ],
    "videos": [],
    "tweetUrl": "https://x.com/yuyy614893671/status/1873060191484395929",
    "fullText": "基石投资女大佬官宣离婚 https://t.co/Yf4po8UqbR"
  },
  {
    "user": {
      "screenName": "yuyy614893671",
      "name": "金融汪",
      "profileImageUrl": "https://pbs.twimg.com/profile_images/1832901799470411776/mpHf_iT0_normal.jpg",
      "description": "金融市场老兵. Former Investment manager. 观察和理解这个世界每天在发生着什么，是我的兴趣也是工作。X上的内容只是分享，不是投资建议。\n油管频道：师姐说 https://t.co/41afFnOGrW",
      "followersCount": 43588,
      "friendsCount": 307,
      "location": ""
    },
    "images": [],
    "videos": [],
    "tweetUrl": "https://x.com/yuyy614893671/status/1873051306665107627",
    "fullText": "是这样的，我如果认为某些信息对我来说很重要，可能带来巨大的投资机会或职业发展机会等\n\n我会根据这个信息，自己做深度的研究，数据搜集，访谈，讨论，甚至打电话发邮件跟相关部门人员沟通获得一手资料\n\n如果说，这一生我还是抓住了一些机会的话，那就是我从不给自己设限，并愿意下场亲自实践\n\n以上"
  },
  {
    "user": {
      "screenName": "ovst36099",
      "name": "兔子",
      "profileImageUrl": "https://pbs.twimg.com/profile_images/1811330028954923008/EcwM3vmh_normal.jpg",
      "description": "被知产耽误的新手程\n\n我的服务：\n1. ChatGPT直连站（免费长期试用）：https://t.co/jCiDSGbaon\n2. API转发站（送 0.4 美金）：https://t.co/drXlNAoFMJ\n3. mj绘画站（送 5 积分）：https://t.co/H6rHEiFR5X",
      "followersCount": 1732,
      "friendsCount": 186,
      "location": "NewYork"
    },
    "images": [],
    "videos": [
      "https://video.twimg.com/ext_tw_video/1873038072461574144/pu/vid/avc1/720x960/9ThCDnTp3ltz8cgJ.mp4?tag=12"
    ],
    "tweetUrl": "https://x.com/ovst36099/status/1873039012254158890",
    "fullText": "一个讲的是自己的理想\n一个讲的是他们的“理想” https://t.co/DF9oenoIMu"
  },
  {
    "user": {
      "screenName": "NordaceOfficial",
      "name": "Nordace",
      "profileImageUrl": "https://pbs.twimg.com/profile_images/1103775502391697408/pwfE7uK7_normal.png",
      "description": "Whether you're hiking the Andes or exploring the streets of Rome, we have the best travel bags and accessories for any adventure. Always searching for adventure",
      "followersCount": 42566,
      "friendsCount": 0,
      "location": ""
    },
    "images": [],
    "videos": [],
    "tweetUrl": "https://x.com/NordaceOfficial/status/1873036561677468142",
    "fullText": "🌍🎒 Travel Smarter, Organize Better with This Bag!\nhttps://t.co/JLnEOUPAg4"
  },
  {
    "user": {
      "screenName": "NordaceOfficial",
      "name": "Nordace",
      "profileImageUrl": "https://pbs.twimg.com/profile_images/1103775502391697408/pwfE7uK7_normal.png",
      "description": "Whether you're hiking the Andes or exploring the streets of Rome, we have the best travel bags and accessories for any adventure. Always searching for adventure",
      "followersCount": 42599,
      "friendsCount": 0,
      "location": ""
    },
    "images": [],
    "videos": [],
    "tweetUrl": "https://x.com/NordaceOfficial/status/1873036192112914567",
    "fullText": "🎒 Travel Smarter, Organize Better with This Bag!\nhttps://t.co/JLnEOUPAg4"
  },
  {
    "user": {
      "screenName": "NordaceOfficial",
      "name": "Nordace",
      "profileImageUrl": "https://pbs.twimg.com/profile_images/1103775502391697408/pwfE7uK7_normal.png",
      "description": "Whether you're hiking the Andes or exploring the streets of Rome, we have the best travel bags and accessories for any adventure. Always searching for adventure",
      "followersCount": 42601,
      "friendsCount": 0,
      "location": ""
    },
    "images": [],
    "videos": [],
    "tweetUrl": "https://x.com/NordaceOfficial/status/1873036187461718401",
    "fullText": "🎒 Travel Smarter, Organize Better with This Bag!\nhttps://t.co/JLnEOUPAg4"
  },
  {
    "user": {
      "screenName": "MaimaiLee123",
      "name": "李麦麦",
      "profileImageUrl": "https://pbs.twimg.com/profile_images/1863951770080428032/5qM3fGRx_normal.jpg",
      "description": "人只有醒来才知道自己睡了一觉\n\n｜ INTJ ｜感谢follow ｜\n电报   https://t.co/qYINMLQgVt \n自留地  https://t.co/WQYgnkH9Ew",
      "followersCount": 7950,
      "friendsCount": 1083,
      "location": "IP属地:由于相关法律法规及政策,该地址不予显示"
    },
    "images": [
      "https://pbs.twimg.com/media/Gf5bcq8asAAb0Ht.jpg"
    ],
    "videos": [],
    "tweetUrl": "https://x.com/MaimaiLee123/status/1873035105964625953",
    "fullText": "吃面 https://t.co/RQDguS4jpu"
  },
  {
    "user": {
      "screenName": "NordaceOfficial",
      "name": "Nordace",
      "profileImageUrl": "https://pbs.twimg.com/profile_images/1103775502391697408/pwfE7uK7_normal.png",
      "description": "Whether you're hiking the Andes or exploring the streets of Rome, we have the best travel bags and accessories for any adventure. Always searching for adventure",
      "followersCount": 42604,
      "friendsCount": 0,
      "location": ""
    },
    "images": [],
    "videos": [],
    "tweetUrl": "https://x.com/NordaceOfficial/status/1873021093570621637",
    "fullText": "🎒 Organize, Pack, and Travel Better with This Bag!\nhttps://t.co/JLnEOUPAg4"
  },
  {
    "user": {
      "screenName": "NordaceOfficial",
      "name": "Nordace",
      "profileImageUrl": "https://pbs.twimg.com/profile_images/1103775502391697408/pwfE7uK7_normal.png",
      "description": "Whether you're hiking the Andes or exploring the streets of Rome, we have the best travel bags and accessories for any adventure. Always searching for adventure",
      "followersCount": 42589,
      "friendsCount": 0,
      "location": ""
    },
    "images": [],
    "videos": [],
    "tweetUrl": "https://x.com/NordaceOfficial/status/1873021092866199577",
    "fullText": "🎒 Organize, Pack, and Travel Better with This Bag!\nhttps://t.co/JLnEOUPAg4"
  },
  {
    "user": {
      "screenName": "NordaceOfficial",
      "name": "Nordace",
      "profileImageUrl": "https://pbs.twimg.com/profile_images/1103775502391697408/pwfE7uK7_normal.png",
      "description": "Whether you're hiking the Andes or exploring the streets of Rome, we have the best travel bags and accessories for any adventure. Always searching for adventure",
      "followersCount": 42599,
      "friendsCount": 0,
      "location": ""
    },
    "images": [],
    "videos": [],
    "tweetUrl": "https://x.com/NordaceOfficial/status/1873021088726233397",
    "fullText": "🎒🌟 Travel Is Easy Now!\nhttps://t.co/JLnEOUPAg4"
  },
  {
    "user": {
      "screenName": "qmbigbeat",
      "name": "BigBeat",
      "profileImageUrl": "https://pbs.twimg.com/profile_images/1840185603515731968/GdRhSrAr_normal.jpg",
      "description": "CEO & Founder https://t.co/AQysa4BNUM\nAdvisory Board-https://t.co/ZatjC3WuVC\nBoard-https://t.co/vYESuri7Lq\nFrmr CSO-SVP https://t.co/eI2tJcraBv\nFrmr SVP https://t.co/h8fAMnKTt0",
      "followersCount": 64109,
      "friendsCount": 5077,
      "location": "Wesley Chapel, FL"
    },
    "images": [
      "https://pbs.twimg.com/media/Gf5GH7XWIAADocf.jpg"
    ],
    "videos": [],
    "tweetUrl": "https://x.com/qmbigbeat/status/1873011600233242867",
    "fullText": "🪇🎶🍾🥂🎉🪅🎊🥳\nThe New Year’s Eve #NYE Cirque du 2025 International Gala at the Omni Shoreham Hotel in #Washington #DC set to be a grand celebration welcoming 2025. \n\nhttps://t.co/c4upk1BabZ\n\nIt features multiple themed celebrations, live performances, DJs, international acts, https://t.co/raKMG8MYtM"
  },
  {
    "user": {
      "screenName": "MaimaiLee123",
      "name": "李麦麦",
      "profileImageUrl": "https://pbs.twimg.com/profile_images/1863951770080428032/5qM3fGRx_normal.jpg",
      "description": "人只有醒来才知道自己睡了一觉\n\n｜ INTJ ｜感谢follow ｜\n电报   https://t.co/qYINMLQgVt \n自留地  https://t.co/WQYgnkH9Ew",
      "followersCount": 7941,
      "friendsCount": 1084,
      "location": "IP属地:由于相关法律法规及政策,该地址不予显示"
    },
    "images": [],
    "videos": [],
    "tweetUrl": "https://x.com/MaimaiLee123/status/1873003483424801159",
    "fullText": "为什么忐忑不安心跳加速之后，二弟会支棱起来呢😯"
  },
  {
    "user": {
      "screenName": "MaimaiLee123",
      "name": "李麦麦",
      "profileImageUrl": "https://pbs.twimg.com/profile_images/1863951770080428032/5qM3fGRx_normal.jpg",
      "description": "人只有醒来才知道自己睡了一觉\n\n｜ INTJ ｜感谢follow ｜\n电报   https://t.co/qYINMLQgVt \n自留地  https://t.co/WQYgnkH9Ew",
      "followersCount": 7930,
      "friendsCount": 1084,
      "location": "IP属地:由于相关法律法规及政策,该地址不予显示"
    },
    "images": [],
    "videos": [],
    "tweetUrl": "https://x.com/MaimaiLee123/status/1872996940599968142",
    "fullText": "DAO真是个很尴尬的东西\n\n合约的规则是由代码决定的，那么代码中的漏洞也是规则的一部分。当遇到漏洞，面临“It's  a bug, or a feature ”的问题的时候，由人类组成的DAO就会变成一个不稳定因素，是保持去中心化精神呢还是保利益？这是说不清的事情。\n像当时的The"
  },
  {
    "user": {
      "screenName": "canlesofficial",
      "name": "Canles",
      "profileImageUrl": "https://pbs.twimg.com/profile_images/1666678663084150784/41oyvaiH_normal.jpg",
      "description": "👣 Engineered for walking | 👟 Comfy & versatile footwear for life's adventures | 🌿 Breathable, lightweight designs",
      "followersCount": 10651,
      "friendsCount": 1,
      "location": "Vancouver, Canada"
    },
    "images": [],
    "videos": [],
    "tweetUrl": "https://x.com/canlesofficial/status/1872986334853513238",
    "fullText": "Say Goodbye to Neuropathy Pain This Winter!\n\nStruggling with numbness, tingling, or discomfort? Our winter boots offer a wide toe box, cozy warmth, and supportive design to ease neuropathy pain, ensuring a comfortable, pain-free winter."
  },
  {
    "user": {
      "screenName": "canlesofficial",
      "name": "Canles",
      "profileImageUrl": "https://pbs.twimg.com/profile_images/1666678663084150784/41oyvaiH_normal.jpg",
      "description": "👣 Engineered for walking | 👟 Comfy & versatile footwear for life's adventures | 🌿 Breathable, lightweight designs",
      "followersCount": 10646,
      "friendsCount": 1,
      "location": "Vancouver, Canada"
    },
    "images": [],
    "videos": [],
    "tweetUrl": "https://x.com/canlesofficial/status/1872986327442219437",
    "fullText": "Say Goodbye to Neuropathy Pain This Winter!\n\nStruggling with numbness, tingling, or discomfort? Our winter boots offer a wide toe box, cozy warmth, and supportive design to ease neuropathy pain, ensuring a comfortable, pain-free winter."
  },
  {
    "user": {
      "screenName": "canlesofficial",
      "name": "Canles",
      "profileImageUrl": "https://pbs.twimg.com/profile_images/1666678663084150784/41oyvaiH_normal.jpg",
      "description": "👣 Engineered for walking | 👟 Comfy & versatile footwear for life's adventures | 🌿 Breathable, lightweight designs",
      "followersCount": 10651,
      "friendsCount": 1,
      "location": "Vancouver, Canada"
    },
    "images": [],
    "videos": [],
    "tweetUrl": "https://x.com/canlesofficial/status/1872986313231831337",
    "fullText": "Say Goodbye to Neuropathy Pain This Winter!\n\nStruggling with numbness, tingling, or discomfort? Our winter boots offer a wide toe box, cozy warmth, and supportive design to ease neuropathy pain, ensuring a comfortable, pain-free winter."
  },
  {
    "user": {
      "screenName": "canlesofficial",
      "name": "Canles",
      "profileImageUrl": "https://pbs.twimg.com/profile_images/1666678663084150784/41oyvaiH_normal.jpg",
      "description": "👣 Engineered for walking | 👟 Comfy & versatile footwear for life's adventures | 🌿 Breathable, lightweight designs",
      "followersCount": 10651,
      "friendsCount": 1,
      "location": "Vancouver, Canada"
    },
    "images": [],
    "videos": [],
    "tweetUrl": "https://x.com/canlesofficial/status/1872986311919058972",
    "fullText": "Say Goodbye to Neuropathy Pain This Winter!\n\nStruggling with numbness, tingling, or discomfort? Our winter boots offer a wide toe box, cozy warmth, and supportive design to ease neuropathy pain, ensuring a comfortable, pain-free winter."
  },
  {
    "user": {
      "screenName": "yihui_indie",
      "name": "熠辉 Indie",
      "profileImageUrl": "https://pbs.twimg.com/profile_images/1804848821702377472/fSfFlGTf_normal.jpg",
      "description": "小报童专栏作者(https://t.co/n3aQPcb9yX ) |   全职独立开发者 | NuxtBase作者 |  B站up主 | 分享创造 + 无限迭代ing",
      "followersCount": 23009,
      "friendsCount": 474,
      "location": "Hong Kong"
    },
    "images": [],
    "videos": [],
    "tweetUrl": "https://x.com/yihui_indie/status/1872945729297391841",
    "fullText": "因为NuxtBase的Dify模板的迭代工作，我基本上这一周每天都会调试开着8小时以上的Dify...我经常感叹，开源有时候真比不上字节的大力出奇迹🥲"
  },
  {
    "user": {
      "screenName": "MaimaiLee123",
      "name": "李麦麦",
      "profileImageUrl": "https://pbs.twimg.com/profile_images/1863951770080428032/5qM3fGRx_normal.jpg",
      "description": "人只有醒来才知道自己睡了一觉\n\n｜ INTJ ｜感谢follow ｜\n电报   https://t.co/qYINMLQgVt \n自留地  https://t.co/WQYgnkH9Ew",
      "followersCount": 7936,
      "friendsCount": 1084,
      "location": "IP属地:由于相关法律法规及政策,该地址不予显示"
    },
    "images": [
      "https://pbs.twimg.com/media/Gf4GNpvawAEcRrr.jpg"
    ],
    "videos": [],
    "tweetUrl": "https://x.com/MaimaiLee123/status/1872941335659028902",
    "fullText": "这些建议就像帽子，一顶不合适就试试另一顶 https://t.co/Uy3aCb2HAI"
  },
  {
    "user": {
      "screenName": "yihui_indie",
      "name": "熠辉 Indie",
      "profileImageUrl": "https://pbs.twimg.com/profile_images/1804848821702377472/fSfFlGTf_normal.jpg",
      "description": "小报童专栏作者(https://t.co/n3aQPcb9yX ) |   全职独立开发者 | NuxtBase作者 |  B站up主 | 分享创造 + 无限迭代ing",
      "followersCount": 23014,
      "friendsCount": 474,
      "location": "Hong Kong"
    },
    "images": [
      "https://pbs.twimg.com/media/Gf3xBCGasAA9MFF.jpg"
    ],
    "videos": [],
    "tweetUrl": "https://x.com/yihui_indie/status/1872918774330073591",
    "fullText": "这几天压力有点大，并行的事情有点多，给用户和同伴承诺的DDL又比较接近。突然有那么怀恋上班，毕竟还是有周末的🥲 https://t.co/MBiEhcYKMC"
  },
  {
    "user": {
      "screenName": "nishuang",
      "name": "倪爽",
      "profileImageUrl": "https://pbs.twimg.com/profile_images/1615204555/bg_green_300x300_normal.jpg",
      "description": "倪爽，设计顾问。 超过 20 年经验资深设计师，在美国运营 Honest Dot Design / 倪爽设计工作室，为中国及北美企业提供品牌设计、UX 设计两类设计咨询服务。",
      "followersCount": 99313,
      "friendsCount": 800,
      "location": "United States"
    },
    "images": [
      "https://pbs.twimg.com/media/Gf3h8epXkAAB3O4.jpg",
      "https://pbs.twimg.com/media/Gf3h9UKXcAAy5tr.jpg",
      "https://pbs.twimg.com/media/Gf3h-TSXQAAh2fv.jpg",
      "https://pbs.twimg.com/media/Gf3jPuEW0AASb14.jpg"
    ],
    "videos": [],
    "tweetUrl": "https://x.com/nishuang/status/1872908909658177891",
    "fullText": "Perplexity 那么强大，小团队的 AI 搜索怎么设计\n\n#设计AI\n\n今天我测试了 AI 搜索工具 https://t.co/exLHfJmA68，开发者是 @huoru_tarnish ，他们创造性地用了两个方法和 Perplexity 们竞争👏\n\n1，让搜索结果更容易理解。传统 AI 搜索结果就是正文、提纲、摘要，Hika https://t.co/SHEzaWSFXM"
  },
  {
    "user": {
      "screenName": "ovst36099",
      "name": "兔子",
      "profileImageUrl": "https://pbs.twimg.com/profile_images/1811330028954923008/EcwM3vmh_normal.jpg",
      "description": "被知产耽误的新手程\n\n我的服务：\n1. ChatGPT直连站（免费长期试用）：https://t.co/jCiDSGbaon\n2. API转发站（送 0.4 美金）：https://t.co/drXlNAoFMJ\n3. mj绘画站（送 5 积分）：https://t.co/H6rHEiFR5X",
      "followersCount": 1733,
      "friendsCount": 186,
      "location": "NewYork"
    },
    "images": [
      "https://pbs.twimg.com/media/Gf3nQ1gawAIe0ll.jpg",
      "https://pbs.twimg.com/media/Gf3nQ2xawAcVdXK.jpg"
    ],
    "videos": [],
    "tweetUrl": "https://x.com/ovst36099/status/1872907312903667958",
    "fullText": "冬天的好天气，带着电脑在公园里晒太阳写代码，感觉好舒服\n\n就是公园里没法双屏🤔，归根结底可能还是因为穷 https://t.co/ZyqkONXSEC"
  },
  {
    "user": {
      "screenName": "ovst36099",
      "name": "兔子",
      "profileImageUrl": "https://pbs.twimg.com/profile_images/1811330028954923008/EcwM3vmh_normal.jpg",
      "description": "被知产耽误的新手程\n\n我的服务：\n1. ChatGPT直连站（免费长期试用）：https://t.co/jCiDSGbaon\n2. API转发站（送 0.4 美金）：https://t.co/drXlNAoFMJ\n3. mj绘画站（送 5 积分）：https://t.co/H6rHEiFR5X",
      "followersCount": 1734,
      "friendsCount": 186,
      "location": "NewYork"
    },
    "images": [
      "https://pbs.twimg.com/media/Gf3mIS9bgAAN-H4.jpg"
    ],
    "videos": [],
    "tweetUrl": "https://x.com/ovst36099/status/1872906096534536343",
    "fullText": "这个优化显示真不错 https://t.co/UuRyud2ONg"
  },
  {
    "user": {
      "screenName": "_KleinHe_",
      "name": "KleinHE",
      "profileImageUrl": "https://pbs.twimg.com/profile_images/1790402221785649153/YuxI3TL8_normal.jpg",
      "description": "20 y.o.｜全干开发者💻 ｜UI/UX 🪄｜Creator of https://t.co/BxjKxV8BAN 思想上的西西弗斯🧠｜究极书虫📚｜ex 硬核游戏玩家👾 英推：https://t.co/wRw05o35m5",
      "followersCount": 1028,
      "friendsCount": 506,
      "location": "🟩 🟨 🟨 🟨 🟨  10k followers"
    },
    "images": [
      "https://pbs.twimg.com/media/Gf3ldkna0AAYvfs.jpg"
    ],
    "videos": [],
    "tweetUrl": "https://x.com/_KleinHe_/status/1872905564076028075",
    "fullText": "破千啦！谢谢大家！！🤩\n\n（PS: 感谢熠辉的图 https://t.co/bc6AomHPNh"
  },
  {
    "user": {
      "screenName": "yuyy614893671",
      "name": "金融汪",
      "profileImageUrl": "https://pbs.twimg.com/profile_images/1832901799470411776/mpHf_iT0_normal.jpg",
      "description": "金融市场老兵. Former Investment manager. 观察和理解这个世界每天在发生着什么，是我的兴趣也是工作。X上的内容只是分享，不是投资建议。\n油管频道：师姐说 https://t.co/41afFnOGrW",
      "followersCount": 43442,
      "friendsCount": 307,
      "location": ""
    },
    "images": [],
    "videos": [],
    "tweetUrl": "https://x.com/yuyy614893671/status/1872904073890185492",
    "fullText": "给年轻人指个路吧\n\n现在性价比比最高的学校和专业应该是德州的社区大学新设的专门进行芯片制造培训的专业\n\n学制2年，学费还能减免，工作根本不愁找\n\n台积电，三星，英特尔在美国投资的芯片封装工厂技术工人奇缺，他们现在就和社区大学合作，开设技术工人培训专业，毕业了直接进厂"
  },
  {
    "user": {
      "screenName": "yuyy614893671",
      "name": "金融汪",
      "profileImageUrl": "https://pbs.twimg.com/profile_images/1832901799470411776/mpHf_iT0_normal.jpg",
      "description": "金融市场老兵. Former Investment manager. 观察和理解这个世界每天在发生着什么，是我的兴趣也是工作。X上的内容只是分享，不是投资建议。\n油管频道：师姐说 https://t.co/41afFnOGrW",
      "followersCount": 43427,
      "friendsCount": 307,
      "location": ""
    },
    "images": [
      "https://pbs.twimg.com/media/Gf3eylHXEAAUvS1.jpg"
    ],
    "videos": [],
    "tweetUrl": "https://x.com/yuyy614893671/status/1872898008259674405",
    "fullText": "山里雪厚\n\n晚上也没法出门\n\n只好看报告刷手机\n\n哎～～ https://t.co/tU0iHVVRCJ"
  },
  {
    "user": {
      "screenName": "yuyy614893671",
      "name": "金融汪",
      "profileImageUrl": "https://pbs.twimg.com/profile_images/1832901799470411776/mpHf_iT0_normal.jpg",
      "description": "金融市场老兵. Former Investment manager. 观察和理解这个世界每天在发生着什么，是我的兴趣也是工作。X上的内容只是分享，不是投资建议。\n油管频道：师姐说 https://t.co/41afFnOGrW",
      "followersCount": 43426,
      "friendsCount": 307,
      "location": ""
    },
    "images": [],
    "videos": [],
    "tweetUrl": "https://x.com/yuyy614893671/status/1872896149625159866",
    "fullText": "去年，有两个小朋友到我家来玩，一个在普林斯顿，一个在佐治亚理工，都是顶好的专业，但是想找工作抽到H1B太难了，只好去读博士，为了留下来，还不得不去读博士后……受剥削\n\n当然，他们的家世不错，有米，也能不断给他们输血补贴，上海人；其实本来也是准备毕业了回去的……但"
  },
  {
    "user": {
      "screenName": "yuyy614893671",
      "name": "金融汪",
      "profileImageUrl": "https://pbs.twimg.com/profile_images/1832901799470411776/mpHf_iT0_normal.jpg",
      "description": "金融市场老兵. Former Investment manager. 观察和理解这个世界每天在发生着什么，是我的兴趣也是工作。X上的内容只是分享，不是投资建议。\n油管频道：师姐说 https://t.co/41afFnOGrW",
      "followersCount": 43426,
      "friendsCount": 307,
      "location": ""
    },
    "images": [
      "https://pbs.twimg.com/media/Gf3aiLeWYAAGaXt.jpg"
    ],
    "videos": [],
    "tweetUrl": "https://x.com/yuyy614893671/status/1872893310140072159",
    "fullText": "人类的悲喜并不相通\n\n绝大多数美国人是无法理解一个等待了7年才拿到美国国籍的商业和技术奇才，在那些等待的岁月里是怎么熬的，也曾忐忑过吧\n\n从这一点上来说Elon没有背叛他的来时路 https://t.co/FDaJS8njJm"
  },
  {
    "user": {
      "screenName": "xiongchun007",
      "name": "Spring Xiong 熊春",
      "profileImageUrl": "https://pbs.twimg.com/profile_images/1850515744104263680/QdGAs4y6_normal.jpg",
      "description": "Programmer, Creator of @Datacollie (Database Management & Data Analysis)  #Java #Web #App #Python #DataScience #OpenSource",
      "followersCount": 3210,
      "friendsCount": 1086,
      "location": ""
    },
    "images": [
      "https://pbs.twimg.com/media/Gf3P6b4akAAnVzd.jpg",
      "https://pbs.twimg.com/media/Gf3P6c7aMAAFtMu.jpg",
      "https://pbs.twimg.com/media/Gf3P6c2bQAA14Df.jpg"
    ],
    "videos": [],
    "tweetUrl": "https://x.com/xiongchun007/status/1872881625383703027",
    "fullText": "记录一下此次来沪的临时工棚和蜗居的贫民窟窝点。现在正在打包我的东西，准备明天先回昆明，短暂修整后从昆明去深圳报到继续打螺丝。本来是想着在上海找份工作的，但事与愿违，有点小失落，有点小遗憾。🍼🚁🎈 https://t.co/aSNtwU6H3I"
  },
  {
    "user": {
      "screenName": "yuyy614893671",
      "name": "金融汪",
      "profileImageUrl": "https://pbs.twimg.com/profile_images/1832901799470411776/mpHf_iT0_normal.jpg",
      "description": "金融市场老兵. Former Investment manager. 观察和理解这个世界每天在发生着什么，是我的兴趣也是工作。X上的内容只是分享，不是投资建议。\n油管频道：师姐说 https://t.co/41afFnOGrW",
      "followersCount": 43420,
      "friendsCount": 307,
      "location": ""
    },
    "images": [
      "https://pbs.twimg.com/media/Gf3PzfaWsAAmQRl.jpg"
    ],
    "videos": [],
    "tweetUrl": "https://x.com/yuyy614893671/status/1872881513727181163",
    "fullText": "【H-1B签证被谁拿走了】\n【一个典型的H-1B签证制度漏洞或骗局】\n【H-1B的“中间人”生意】\n\n1/N\n这是一个典型的H-1B签证流程，从雇主在网上注册开始，到最终获批一般需要8个月的时间 https://t.co/FjXAMdnBcb"
  },
  {
    "user": {
      "screenName": "nishuang",
      "name": "倪爽",
      "profileImageUrl": "https://pbs.twimg.com/profile_images/1615204555/bg_green_300x300_normal.jpg",
      "description": "倪爽，设计顾问。 超过 20 年经验资深设计师，在美国运营 Honest Dot Design / 倪爽设计工作室，为中国及北美企业提供品牌设计、UX 设计两类设计咨询服务。",
      "followersCount": 99312,
      "friendsCount": 800,
      "location": "United States"
    },
    "images": [
      "https://pbs.twimg.com/media/Gf3OWZuWAAAQGQM.jpg"
    ],
    "videos": [],
    "tweetUrl": "https://x.com/nishuang/status/1872881015406117296",
    "fullText": "这是“纽约客”杂志总统选举那一期的封面，因为事前判断哈里斯会赢得竞选，所以他们没有准备 Trump 的封面\n\n选举当天，“纽约客”的编辑才发现苗头不对，Trump 越来越接近胜利\n\n所以他们找了艺术家，临时绘制了这期封面，整个沟通、绘制过程不超过 1 个小时\n\n#设计参考 https://t.co/S5Db51GFMx"
  },
  {
    "user": {
      "screenName": "_KleinHe_",
      "name": "KleinHE",
      "profileImageUrl": "https://pbs.twimg.com/profile_images/1790402221785649153/YuxI3TL8_normal.jpg",
      "description": "20 y.o.｜全干开发者💻 ｜UI/UX 🪄｜Creator of https://t.co/BxjKxV8BAN 思想上的西西弗斯🧠｜究极书虫📚｜ex 硬核游戏玩家👾 英推：https://t.co/wRw05o35m5",
      "followersCount": 1028,
      "friendsCount": 506,
      "location": "🟩 🟨 🟨 🟨 🟨  10k followers"
    },
    "images": [
      "https://pbs.twimg.com/media/Gf3K3sYawAElTh2.jpg"
    ],
    "videos": [],
    "tweetUrl": "https://x.com/_KleinHe_/status/1872876222692385265",
    "fullText": "推友们 助力一下 Klein 破千呗 🥰 https://t.co/IZo6pu3jXy"
  },
  {
    "user": {
      "screenName": "lencx_",
      "name": "lencx",
      "profileImageUrl": "https://pbs.twimg.com/profile_images/1777510753672785921/p0hrP-Qm_normal.png",
      "description": "✍🏻 公众号「浮之静」 👨🏻‍💻 Web • Rust • Tauri  • Electron\n🚫 不看 • 不听 • 不说 🤔 学会思考 • 自说自话",
      "followersCount": 19755,
      "friendsCount": 1004,
      "location": ""
    },
    "images": [],
    "videos": [
      "https://video.twimg.com/ext_tw_video/1872857079544987650/pu/vid/avc1/1152x720/qTwWslx5O49SvjB9.mp4?tag=12"
    ],
    "tweetUrl": "https://x.com/lencx_/status/1872858516349972967",
    "fullText": "#Noi 这几天折腾了点新东西，把 Noi Ask 变成一个万能输入框了（视频演示的输入并没有依靠插件来注入代码，而是在内部做了一些通用处理，基本可以覆盖大部分 AI Chat 或网页输入）。网页 URL 或代码直接转 AST/Markdown 也算是一个小的尝试。 https://t.co/Trg8wNGni1"
  },
  {
    "user": {
      "screenName": "goocarlos",
      "name": "Luyu Zhang",
      "profileImageUrl": "https://pbs.twimg.com/profile_images/1770805803932364800/yJnlxO2f_normal.jpg",
      "description": "CEO&Founder of @dify_ai",
      "followersCount": 16626,
      "friendsCount": 768,
      "location": "Mountain View, CA"
    },
    "images": [
      "https://pbs.twimg.com/media/Gf2mtiOawAENyG2.jpg",
      "https://pbs.twimg.com/media/Gf2mtlDawAQx5-C.jpg",
      "https://pbs.twimg.com/media/Gf2mtlDawAITTbP.jpg",
      "https://pbs.twimg.com/media/Gf2mtiQawAEPsKY.jpg"
    ],
    "videos": [],
    "tweetUrl": "https://x.com/goocarlos/status/1872836431405834423",
    "fullText": "《胡桃夹子》是一部由柴可夫斯基创作的芭蕾舞剧，首演于1892年。这部剧以德国作家E.T.A.霍夫曼的童话故事《胡桃夹子与鼠王》为基础，讲述了一个小女孩克拉拉在圣诞夜收到胡桃夹子玩具后发生的奇幻冒险。故事充满魔幻元素，包括玩具士兵、糖果仙子和奇妙的雪国场景，非常适合节日气氛。 https://t.co/gUNC4imq8d"
  },
  {
    "user": {
      "screenName": "skinnyf33lings_",
      "name": "skinnyfeelings",
      "profileImageUrl": "https://pbs.twimg.com/profile_images/1858579819942080517/eGSiKAYe_normal.jpg",
      "description": "it was never a phase 🤘🏻",
      "followersCount": 8,
      "friendsCount": 22,
      "location": ""
    },
    "images": [],
    "videos": [
      "https://video.twimg.com/amplify_video/1872809342396690432/vid/avc1/720x720/jQ-nTvzdCEtQgckG.mp4?tag=16"
    ],
    "tweetUrl": "https://x.com/skinnyf33lings_/status/1872809420306182261",
    "fullText": "my new single can you hear me is out now on all platforms! listen on spotify here: https://t.co/jVjm5wZcRY https://t.co/QkOCQgJqB7"
  },
  {
    "user": {
      "screenName": "manateelazycat",
      "name": "Andy Stewart",
      "profileImageUrl": "https://pbs.twimg.com/profile_images/768239262/HaskellIcon_normal.jpg",
      "description": "Linux, Emacs开源社区从业二十余载\n懒猫微服CEO， 不端不装， 仗剑走天涯\n客官喜欢， 欢迎买我家的懒猫微服 https://t.co/KVqgWHE3yR\n京东旗舰店： https://t.co/6l2E0fkB8H",
      "followersCount": 17554,
      "friendsCount": 94,
      "location": "China"
    },
    "images": [],
    "videos": [
      "https://video.twimg.com/ext_tw_video/1872802729321742336/pu/vid/avc1/1280x720/2FElpMGq8nafgr6j.mp4?tag=12"
    ],
    "tweetUrl": "https://x.com/manateelazycat/status/1872802884804583527",
    "fullText": "懒猫微服创始人最喜欢的软件是？ https://t.co/WsQjmedcU5"
  },
  {
    "user": {
      "screenName": "yuyy614893671",
      "name": "金融汪",
      "profileImageUrl": "https://pbs.twimg.com/profile_images/1832901799470411776/mpHf_iT0_normal.jpg",
      "description": "金融市场老兵. Former Investment manager. 观察和理解这个世界每天在发生着什么，是我的兴趣也是工作。X上的内容只是分享，不是投资建议。\n油管频道：师姐说 https://t.co/41afFnOGrW",
      "followersCount": 43206,
      "friendsCount": 307,
      "location": ""
    },
    "images": [],
    "videos": [
      "https://video.twimg.com/amplify_video/1872782534406283264/vid/avc1/1280x720/fs9FtBhmlWWTwyEO.mp4?tag=16"
    ],
    "tweetUrl": "https://x.com/yuyy614893671/status/1872782896223928343",
    "fullText": "在路上 https://t.co/6smbScptGc"
  },
  {
    "user": {
      "screenName": "zoneify",
      "name": "zone·ify",
      "profileImageUrl": "https://pbs.twimg.com/profile_images/1118152309207207936/UyXYi8pg_normal.jpg",
      "description": "Movies - Live Channels - Stories and Kids zone—all free, all the time.",
      "followersCount": 47,
      "friendsCount": 59,
      "location": ""
    },
    "images": [],
    "videos": [
      "https://video.twimg.com/ext_tw_video/1872751737288663040/pu/vid/avc1/720x1280/olDhzMavVNTJe06b.mp4?tag=12"
    ],
    "tweetUrl": "https://x.com/zoneify/status/1872752008278753765",
    "fullText": "What happens when a ski trip turns into a fight for survival? Watch here: https://t.co/4yc5cDGjKf\n⛷️🏔️ #zoneify #streamfree #streaming #movienight #adrenaline #survival #skitripgonewrong #frozenthriller #watchnow #snowboard #edgeofyourseat available on  #firetv #roku #uverse https://t.co/lIpI1owZAA"
  },
  {
    "user": {
      "screenName": "FarazJaka",
      "name": "Faraz Jaka",
      "profileImageUrl": "https://pbs.twimg.com/profile_images/1694575927999827968/E7LrzFKl_normal.jpg",
      "description": "I help recreational, semi-pro, & aspiring ♠ poker pros take their game to the next level📈 | WPT POY $15m+ winnings | DMs open. 🎓Founder of @jakacoaching",
      "followersCount": 44945,
      "friendsCount": 1291,
      "location": "My Poker Strategy Newsletter👇"
    },
    "images": [],
    "videos": [],
    "tweetUrl": "https://x.com/FarazJaka/status/1872712673558970659",
    "fullText": "♣️Real Talk: Most players aren't broke because they play badly. They're broke because their bankroll management is pure guesswork. \n\nI'm giving away my complete framework so you can eliminate the guessing. Click below to get your free copy of my Bankroll Management Guide"
  },
  {
    "user": {
      "screenName": "FarazJaka",
      "name": "Faraz Jaka",
      "profileImageUrl": "https://pbs.twimg.com/profile_images/1694575927999827968/E7LrzFKl_normal.jpg",
      "description": "I help recreational, semi-pro, & aspiring ♠ poker pros take their game to the next level📈 | WPT POY $15m+ winnings | DMs open. 🎓Founder of @jakacoaching",
      "followersCount": 44948,
      "friendsCount": 1291,
      "location": "My Poker Strategy Newsletter👇"
    },
    "images": [],
    "videos": [],
    "tweetUrl": "https://x.com/FarazJaka/status/1872712673353449524",
    "fullText": "♣️Real Talk: Most players aren't broke because they play badly. They're broke because their bankroll management is pure guesswork. \n\nI'm giving away my complete framework so you can eliminate the guessing. Click below to get your free copy of my Bankroll Management Guide"
  },
  {
    "user": {
      "screenName": "NordaceOfficial",
      "name": "Nordace",
      "profileImageUrl": "https://pbs.twimg.com/profile_images/1103775502391697408/pwfE7uK7_normal.png",
      "description": "Whether you're hiking the Andes or exploring the streets of Rome, we have the best travel bags and accessories for any adventure. Always searching for adventure",
      "followersCount": 42564,
      "friendsCount": 0,
      "location": ""
    },
    "images": [],
    "videos": [],
    "tweetUrl": "https://x.com/NordaceOfficial/status/1872673653378404789",
    "fullText": "💼 Boxing Day Deals on Travel Backpacks! 💼\nhttps://t.co/RijK83dnwx\n\nUp to 70% OFF on backpacks made for your travels!"
  },
  {
    "user": {
      "screenName": "NordaceOfficial",
      "name": "Nordace",
      "profileImageUrl": "https://pbs.twimg.com/profile_images/1103775502391697408/pwfE7uK7_normal.png",
      "description": "Whether you're hiking the Andes or exploring the streets of Rome, we have the best travel bags and accessories for any adventure. Always searching for adventure",
      "followersCount": 42566,
      "friendsCount": 0,
      "location": ""
    },
    "images": [],
    "videos": [],
    "tweetUrl": "https://x.com/NordaceOfficial/status/1872673652988416190",
    "fullText": "🎒✨ Boxing Day Traveler's Sale! ✨\nhttps://t.co/RijK83dnwx\n\nUp to 70% OFF on backpacks made for your travels!"
  },
  {
    "user": {
      "screenName": "NordaceOfficial",
      "name": "Nordace",
      "profileImageUrl": "https://pbs.twimg.com/profile_images/1103775502391697408/pwfE7uK7_normal.png",
      "description": "Whether you're hiking the Andes or exploring the streets of Rome, we have the best travel bags and accessories for any adventure. Always searching for adventure",
      "followersCount": 42560,
      "friendsCount": 0,
      "location": ""
    },
    "images": [],
    "videos": [],
    "tweetUrl": "https://x.com/NordaceOfficial/status/1872673652887683280",
    "fullText": "🎒✨ Boxing Day Traveler's Sale! ✨\nhttps://t.co/RijK83dnwx\n\nUp to 70% OFF on backpacks made for your travels!"
  },
  {
    "user": {
      "screenName": "CelsiusOfficial",
      "name": "CELSIUS Energy Drink",
      "profileImageUrl": "https://pbs.twimg.com/profile_images/1742917732868431872/yHOTA_lK_normal.jpg",
      "description": "Zero Sugar, Essential Energy to LIVE FIT ⚡️",
      "followersCount": 33412,
      "friendsCount": 160,
      "location": "Florida"
    },
    "images": [],
    "videos": [],
    "tweetUrl": "https://x.com/CelsiusOfficial/status/1872655682454847887",
    "fullText": "BIG THINGS COMING IN 2025."
  },
  {
    "user": {
      "screenName": "cronosnewdawn",
      "name": "Cronos: The New Dawn | Wishlist Now!",
      "profileImageUrl": "https://pbs.twimg.com/profile_images/1847009159448834048/PGHiG3AE_normal.jpg",
      "description": "Welcome to Cronos: The New Dawn - a pulse-pounding, third-person survival horror game by @BlooberTeam\n\nJoin our Discord 👉 https://t.co/P3JvCaAnvM",
      "followersCount": 2480,
      "friendsCount": 6,
      "location": ""
    },
    "images": [],
    "videos": [],
    "tweetUrl": "https://x.com/cronosnewdawn/status/1872640325388513683",
    "fullText": "Delve deep into the heart of a deadly struggle against overwhelming foes while uncovering the mysteries of a twisted time travel story.\n\n#CronosTheNewDawn #BlooberTeam"
  },
  {
    "user": {
      "screenName": "arulgapro",
      "name": "arulga",
      "profileImageUrl": "https://pbs.twimg.com/profile_images/1866430518667198464/l6cB7A1H_normal.png",
      "description": "Transform your style with SWEATSHIRTs that speak ✨Each piece from our collection is a canvas for inspiration, activism & self-expression. #CustomSweatshirts👕",
      "followersCount": 12,
      "friendsCount": 31,
      "location": ""
    },
    "images": [
      "https://pbs.twimg.com/media/Gfy1IPgWMAAp3sv.jpg"
    ],
    "videos": [],
    "tweetUrl": "https://x.com/arulgapro/status/1872570725179244602",
    "fullText": "💕 Show Grandpa your love! Personalized sweatshirts with grandkids’ names - ideal for Father’s Day or his birthday. Unique &amp; heartfelt! \n🛒Get yours👉 https://t.co/KTX9FYB4g6 https://t.co/kWMPfCgFzC"
  },
  {
    "user": {
      "screenName": "canlesofficial",
      "name": "Canles",
      "profileImageUrl": "https://pbs.twimg.com/profile_images/1666678663084150784/41oyvaiH_normal.jpg",
      "description": "👣 Engineered for walking | 👟 Comfy & versatile footwear for life's adventures | 🌿 Breathable, lightweight designs",
      "followersCount": 10603,
      "friendsCount": 1,
      "location": "Vancouver, Canada"
    },
    "images": [],
    "videos": [],
    "tweetUrl": "https://x.com/canlesofficial/status/1872557694936367266",
    "fullText": "Tired of shivering through the winter? Our revolutionary winter boots are here to save the day! Designed to keep your feet toasty warm, dry, and protected, no matter how harsh the weather. Experience the ultimate in winter comfort."
  },
  {
    "user": {
      "screenName": "canlesofficial",
      "name": "Canles",
      "profileImageUrl": "https://pbs.twimg.com/profile_images/1666678663084150784/41oyvaiH_normal.jpg",
      "description": "👣 Engineered for walking | 👟 Comfy & versatile footwear for life's adventures | 🌿 Breathable, lightweight designs",
      "followersCount": 10615,
      "friendsCount": 1,
      "location": "Vancouver, Canada"
    },
    "images": [],
    "videos": [],
    "tweetUrl": "https://x.com/canlesofficial/status/1872557690125496473",
    "fullText": "Tired of shivering through the winter? Our revolutionary winter boots are here to save the day! Designed to keep your feet toasty warm, dry, and protected, no matter how harsh the weather. Experience the ultimate in winter comfort."
  }
]