[
  {
    "user": {
      "screenName": "skywind3000",
      "name": "LIN WEI",
      "profileImageUrl": "https://pbs.twimg.com/profile_images/786485788468850688/OA9vAxsy_normal.jpg",
      "description": "PuTTY 本无树，MinGW 亦非台 ！",
      "followersCount": 17894,
      "friendsCount": 247,
      "location": "Guangdong"
    },
    "images": [],
    "videos": [],
    "tweetUrl": "https://x.com/skywind3000/status/1873135387901870453",
    "fullText": "现在小学洗脑挺成功的，之前和儿子说假期去日本玩，直接拒绝： “不去”，“我是中国人，为什么要去日本”，“日本人那么可恶，为什么还要去日本”，平时从来没跟小孩灌输过任何立场，我就好奇这些观念哪里来的 “老师告诉我们的”，“班上同学说的”，我们这代的教育大多认为月亮还是外国圆，但这代人全反过来了"
  },
  {
    "user": {
      "screenName": "nishuang",
      "name": "倪爽",
      "profileImageUrl": "https://pbs.twimg.com/profile_images/1615204555/bg_green_300x300_normal.jpg",
      "description": "倪爽，设计顾问。 超过 20 年经验资深设计师，在美国运营 Honest Dot Design / 倪爽设计工作室，为中国及北美企业提供品牌设计、UX 设计两类设计咨询服务。",
      "followersCount": 99289,
      "friendsCount": 800,
      "location": "United States"
    },
    "images": [
      "https://pbs.twimg.com/media/Gf6dbKQWEAAo2dx.jpg"
    ],
    "videos": [],
    "tweetUrl": "https://x.com/nishuang/status/1873108209856028731",
    "fullText": "2025年，设计师最希望消失的设计趋势\n\n#设计入门\n\nFastCompany 采访了 8 位不同领域的设计师，分享自己最讨厌的设计趋势\n\n- 专为社交媒体设计的高颜值劣质产品\n- 拱门（这是我一直特烦的趋势）\n- 用收入来衡量的设计\n- 以 Instagram 为中心、盲目追随视觉潮流的设计\n- AI 美学\n- （产品设计里的）1970 https://t.co/Wg8yp3HwgM"
  },
  {
    "user": {
      "screenName": "dotey",
      "name": "宝玉",
      "profileImageUrl": "https://pbs.twimg.com/profile_images/561086911561736192/6_g58vEs_normal.jpeg",
      "description": "Prompt Engineer, dedicated to learning and disseminating knowledge about AI, software engineering, and engineering management.",
      "followersCount": 99238,
      "friendsCount": 1238,
      "location": "Chicago, IL"
    },
    "images": [],
    "videos": [],
    "tweetUrl": "https://x.com/dotey/status/1873063951472251271",
    "fullText": "转发：【机翻or人翻】随便聊聊\n\n我用过gpt的，但是就一回。今年九月，有个比较大的活儿，我把当时还没有找到工作的妹妹带上了，她正好是翻硕毕业，我说带她见见所谓大世面，跟着我一起去了那个大活动现场。"
  },
  {
    "user": {
      "screenName": "yuyy614893671",
      "name": "金融汪",
      "profileImageUrl": "https://pbs.twimg.com/profile_images/1832901799470411776/mpHf_iT0_normal.jpg",
      "description": "金融市场老兵. Former Investment manager. 观察和理解这个世界每天在发生着什么，是我的兴趣也是工作。X上的内容只是分享，不是投资建议。\n油管频道：师姐说 https://t.co/41afFnOGrW",
      "followersCount": 43188,
      "friendsCount": 307,
      "location": ""
    },
    "images": [
      "https://pbs.twimg.com/media/Gf5yUJ_W0AAc1h2.jpg"
    ],
    "videos": [],
    "tweetUrl": "https://x.com/yuyy614893671/status/1873060191484395929",
    "fullText": "基石投资女大佬官宣离婚 https://t.co/Yf4po8UqbR"
  },
  {
    "user": {
      "screenName": "yuyy614893671",
      "name": "金融汪",
      "profileImageUrl": "https://pbs.twimg.com/profile_images/1832901799470411776/mpHf_iT0_normal.jpg",
      "description": "金融市场老兵. Former Investment manager. 观察和理解这个世界每天在发生着什么，是我的兴趣也是工作。X上的内容只是分享，不是投资建议。\n油管频道：师姐说 https://t.co/41afFnOGrW",
      "followersCount": 43188,
      "friendsCount": 307,
      "location": ""
    },
    "images": [],
    "videos": [],
    "tweetUrl": "https://x.com/yuyy614893671/status/1873051306665107627",
    "fullText": "是这样的，我如果认为某些信息对我来说很重要，可能带来巨大的投资机会或职业发展机会等\n\n我会根据这个信息，自己做深度的研究，数据搜集，访谈，讨论，甚至打电话发邮件跟相关部门人员沟通获得一手资料\n\n如果说，这一生我还是抓住了一些机会的话，那就是我从不给自己设限，并愿意下场亲自实践\n\n以上"
  },
  {
    "user": {
      "screenName": "ovst36099",
      "name": "兔子",
      "profileImageUrl": "https://pbs.twimg.com/profile_images/1811330028954923008/EcwM3vmh_normal.jpg",
      "description": "被知产耽误的新手程\n\n我的服务：\n1. ChatGPT直连站（免费长期试用）：https://t.co/jCiDSGbaon\n2. API转发站（送 0.4 美金）：https://t.co/drXlNAoFMJ\n3. mj绘画站（送 5 积分）：https://t.co/H6rHEiFR5X",
      "followersCount": 1730,
      "friendsCount": 186,
      "location": "NewYork"
    },
    "images": [],
    "videos": [
      "https://video.twimg.com/ext_tw_video/1873038072461574144/pu/vid/avc1/720x960/9ThCDnTp3ltz8cgJ.mp4?tag=12"
    ],
    "tweetUrl": "https://x.com/ovst36099/status/1873039012254158890",
    "fullText": "一个讲的是自己的理想\n一个讲的是他们的“理想” https://t.co/DF9oenoIMu"
  },
  {
    "user": {
      "screenName": "MaimaiLee123",
      "name": "李麦麦",
      "profileImageUrl": "https://pbs.twimg.com/profile_images/1863951770080428032/5qM3fGRx_normal.jpg",
      "description": "人只有醒来才知道自己睡了一觉\n\n｜ INTJ ｜感谢follow ｜\n电报   https://t.co/qYINMLQgVt \n自留地  https://t.co/WQYgnkH9Ew",
      "followersCount": 7860,
      "friendsCount": 1082,
      "location": "IP属地:由于相关法律法规及政策,该地址不予显示"
    },
    "images": [
      "https://pbs.twimg.com/media/Gf5bcq8asAAb0Ht.jpg"
    ],
    "videos": [],
    "tweetUrl": "https://x.com/MaimaiLee123/status/1873035105964625953",
    "fullText": "吃面 https://t.co/RQDguS4jpu"
  },
  {
    "user": {
      "screenName": "NordaceOfficial",
      "name": "Nordace",
      "profileImageUrl": "https://pbs.twimg.com/profile_images/1103775502391697408/pwfE7uK7_normal.png",
      "description": "Whether you're hiking the Andes or exploring the streets of Rome, we have the best travel bags and accessories for any adventure. Always searching for adventure",
      "followersCount": 42557,
      "friendsCount": 0,
      "location": ""
    },
    "images": [],
    "videos": [],
    "tweetUrl": "https://x.com/NordaceOfficial/status/1873021093570621637",
    "fullText": "🎒 Organize, Pack, and Travel Better with This Bag!\nhttps://t.co/JLnEOUPAg4"
  },
  {
    "user": {
      "screenName": "NordaceOfficial",
      "name": "Nordace",
      "profileImageUrl": "https://pbs.twimg.com/profile_images/1103775502391697408/pwfE7uK7_normal.png",
      "description": "Whether you're hiking the Andes or exploring the streets of Rome, we have the best travel bags and accessories for any adventure. Always searching for adventure",
      "followersCount": 42555,
      "friendsCount": 0,
      "location": ""
    },
    "images": [],
    "videos": [],
    "tweetUrl": "https://x.com/NordaceOfficial/status/1873021092866199577",
    "fullText": "🎒 Organize, Pack, and Travel Better with This Bag!\nhttps://t.co/JLnEOUPAg4"
  },
  {
    "user": {
      "screenName": "MaimaiLee123",
      "name": "李麦麦",
      "profileImageUrl": "https://pbs.twimg.com/profile_images/1863951770080428032/5qM3fGRx_normal.jpg",
      "description": "人只有醒来才知道自己睡了一觉\n\n｜ INTJ ｜感谢follow ｜\n电报   https://t.co/qYINMLQgVt \n自留地  https://t.co/WQYgnkH9Ew",
      "followersCount": 7860,
      "friendsCount": 1082,
      "location": "IP属地:由于相关法律法规及政策,该地址不予显示"
    },
    "images": [],
    "videos": [],
    "tweetUrl": "https://x.com/MaimaiLee123/status/1873003483424801159",
    "fullText": "为什么忐忑不安心跳加速之后，二弟会支棱起来呢😯"
  },
  {
    "user": {
      "screenName": "MaimaiLee123",
      "name": "李麦麦",
      "profileImageUrl": "https://pbs.twimg.com/profile_images/1863951770080428032/5qM3fGRx_normal.jpg",
      "description": "人只有醒来才知道自己睡了一觉\n\n｜ INTJ ｜感谢follow ｜\n电报   https://t.co/qYINMLQgVt \n自留地  https://t.co/WQYgnkH9Ew",
      "followersCount": 7860,
      "friendsCount": 1082,
      "location": "IP属地:由于相关法律法规及政策,该地址不予显示"
    },
    "images": [],
    "videos": [],
    "tweetUrl": "https://x.com/MaimaiLee123/status/1872996940599968142",
    "fullText": "DAO真是个很尴尬的东西\n\n合约的规则是由代码决定的，那么代码中的漏洞也是规则的一部分。当遇到漏洞，面临“It's  a bug, or a feature ”的问题的时候，由人类组成的DAO就会变成一个不稳定因素，是保持去中心化精神呢还是保利益？这是说不清的事情。\n像当时的The"
  },
  {
    "user": {
      "screenName": "Petrograde2",
      "name": "Salacious B. Crumb",
      "profileImageUrl": "https://pbs.twimg.com/profile_images/1282535618766163968/F19EgJj-_normal.jpg",
      "description": "I'm a Texas veteran working in aerospace. Gen X. \nI'm also a part-time sci-fi writer. \nMAGA MAHA Navigating the infinite seas of information, one meme at a time",
      "followersCount": 2950,
      "friendsCount": 3827,
      "location": "Texas "
    },
    "images": [],
    "videos": [],
    "tweetUrl": "https://x.com/Petrograde2/status/1872968236909859019",
    "fullText": "My book is on sale from Dec 28th - Jan 4th!\nhttps://t.co/n94m4raXwp"
  },
  {
    "user": {
      "screenName": "yihui_indie",
      "name": "熠辉 Indie",
      "profileImageUrl": "https://pbs.twimg.com/profile_images/1804848821702377472/fSfFlGTf_normal.jpg",
      "description": "小报童专栏作者(https://t.co/n3aQPcb9yX ) |   全职独立开发者 | NuxtBase作者 |  B站up主 | 分享创造 + 无限迭代ing",
      "followersCount": 22993,
      "friendsCount": 473,
      "location": "Hong Kong"
    },
    "images": [],
    "videos": [],
    "tweetUrl": "https://x.com/yihui_indie/status/1872945729297391841",
    "fullText": "因为NuxtBase的Dify模板的迭代工作，我基本上这一周每天都会调试开着8小时以上的Dify...我经常感叹，开源有时候真比不上字节的大力出奇迹🥲"
  },
  {
    "user": {
      "screenName": "MaimaiLee123",
      "name": "李麦麦",
      "profileImageUrl": "https://pbs.twimg.com/profile_images/1863951770080428032/5qM3fGRx_normal.jpg",
      "description": "人只有醒来才知道自己睡了一觉\n\n｜ INTJ ｜感谢follow ｜\n电报   https://t.co/qYINMLQgVt \n自留地  https://t.co/WQYgnkH9Ew",
      "followersCount": 7860,
      "friendsCount": 1082,
      "location": "IP属地:由于相关法律法规及政策,该地址不予显示"
    },
    "images": [
      "https://pbs.twimg.com/media/Gf4GNpvawAEcRrr.jpg"
    ],
    "videos": [],
    "tweetUrl": "https://x.com/MaimaiLee123/status/1872941335659028902",
    "fullText": "这些建议就像帽子，一顶不合适就试试另一顶 https://t.co/Uy3aCb2HAI"
  },
  {
    "user": {
      "screenName": "yihui_indie",
      "name": "熠辉 Indie",
      "profileImageUrl": "https://pbs.twimg.com/profile_images/1804848821702377472/fSfFlGTf_normal.jpg",
      "description": "小报童专栏作者(https://t.co/n3aQPcb9yX ) |   全职独立开发者 | NuxtBase作者 |  B站up主 | 分享创造 + 无限迭代ing",
      "followersCount": 22993,
      "friendsCount": 473,
      "location": "Hong Kong"
    },
    "images": [
      "https://pbs.twimg.com/media/Gf3xBCGasAA9MFF.jpg"
    ],
    "videos": [],
    "tweetUrl": "https://x.com/yihui_indie/status/1872918774330073591",
    "fullText": "这几天压力有点大，并行的事情有点多，给用户和同伴承诺的DDL又比较接近。突然有那么怀恋上班，毕竟还是有周末的🥲 https://t.co/MBiEhcYKMC"
  },
  {
    "user": {
      "screenName": "nishuang",
      "name": "倪爽",
      "profileImageUrl": "https://pbs.twimg.com/profile_images/1615204555/bg_green_300x300_normal.jpg",
      "description": "倪爽，设计顾问。 超过 20 年经验资深设计师，在美国运营 Honest Dot Design / 倪爽设计工作室，为中国及北美企业提供品牌设计、UX 设计两类设计咨询服务。",
      "followersCount": 99289,
      "friendsCount": 800,
      "location": "United States"
    },
    "images": [
      "https://pbs.twimg.com/media/Gf3h8epXkAAB3O4.jpg",
      "https://pbs.twimg.com/media/Gf3h9UKXcAAy5tr.jpg",
      "https://pbs.twimg.com/media/Gf3h-TSXQAAh2fv.jpg",
      "https://pbs.twimg.com/media/Gf3jPuEW0AASb14.jpg"
    ],
    "videos": [],
    "tweetUrl": "https://x.com/nishuang/status/1872908909658177891",
    "fullText": "Perplexity 那么强大，小团队的 AI 搜索怎么设计\n\n#设计AI\n\n今天我测试了 AI 搜索工具 https://t.co/exLHfJmA68，开发者是 @huoru_tarnish ，他们创造性地用了两个方法和 Perplexity 们竞争👏\n\n1，让搜索结果更容易理解。传统 AI 搜索结果就是正文、提纲、摘要，Hika https://t.co/SHEzaWSFXM"
  },
  {
    "user": {
      "screenName": "ovst36099",
      "name": "兔子",
      "profileImageUrl": "https://pbs.twimg.com/profile_images/1811330028954923008/EcwM3vmh_normal.jpg",
      "description": "被知产耽误的新手程\n\n我的服务：\n1. ChatGPT直连站（免费长期试用）：https://t.co/jCiDSGbaon\n2. API转发站（送 0.4 美金）：https://t.co/drXlNAoFMJ\n3. mj绘画站（送 5 积分）：https://t.co/H6rHEiFR5X",
      "followersCount": 1730,
      "friendsCount": 186,
      "location": "NewYork"
    },
    "images": [
      "https://pbs.twimg.com/media/Gf3nQ1gawAIe0ll.jpg",
      "https://pbs.twimg.com/media/Gf3nQ2xawAcVdXK.jpg"
    ],
    "videos": [],
    "tweetUrl": "https://x.com/ovst36099/status/1872907312903667958",
    "fullText": "冬天的好天气，带着电脑在公园里晒太阳写代码，感觉好舒服\n\n就是公园里没法双屏🤔，归根结底可能还是因为穷 https://t.co/ZyqkONXSEC"
  },
  {
    "user": {
      "screenName": "ovst36099",
      "name": "兔子",
      "profileImageUrl": "https://pbs.twimg.com/profile_images/1811330028954923008/EcwM3vmh_normal.jpg",
      "description": "被知产耽误的新手程\n\n我的服务：\n1. ChatGPT直连站（免费长期试用）：https://t.co/jCiDSGbaon\n2. API转发站（送 0.4 美金）：https://t.co/drXlNAoFMJ\n3. mj绘画站（送 5 积分）：https://t.co/H6rHEiFR5X",
      "followersCount": 1730,
      "friendsCount": 186,
      "location": "NewYork"
    },
    "images": [
      "https://pbs.twimg.com/media/Gf3mIS9bgAAN-H4.jpg"
    ],
    "videos": [],
    "tweetUrl": "https://x.com/ovst36099/status/1872906096534536343",
    "fullText": "这个优化显示真不错 https://t.co/UuRyud2ONg"
  },
  {
    "user": {
      "screenName": "_KleinHe_",
      "name": "KleinHE",
      "profileImageUrl": "https://pbs.twimg.com/profile_images/1790402221785649153/YuxI3TL8_normal.jpg",
      "description": "20 y.o.｜全干开发者💻 ｜UI/UX 🪄｜Creator of https://t.co/BxjKxV8BAN 思想上的西西弗斯🧠｜究极书虫📚｜ex 硬核游戏玩家👾 英推：https://t.co/wRw05o35m5",
      "followersCount": 1024,
      "friendsCount": 503,
      "location": "🟩 🟨 🟨 🟨 🟨  10k followers"
    },
    "images": [
      "https://pbs.twimg.com/media/Gf3ldkna0AAYvfs.jpg"
    ],
    "videos": [],
    "tweetUrl": "https://x.com/_KleinHe_/status/1872905564076028075",
    "fullText": "破千啦！谢谢大家！！🤩\n\n（PS: 感谢熠辉的图 https://t.co/bc6AomHPNh"
  },
  {
    "user": {
      "screenName": "yuyy614893671",
      "name": "金融汪",
      "profileImageUrl": "https://pbs.twimg.com/profile_images/1832901799470411776/mpHf_iT0_normal.jpg",
      "description": "金融市场老兵. Former Investment manager. 观察和理解这个世界每天在发生着什么，是我的兴趣也是工作。X上的内容只是分享，不是投资建议。\n油管频道：师姐说 https://t.co/41afFnOGrW",
      "followersCount": 43188,
      "friendsCount": 307,
      "location": ""
    },
    "images": [],
    "videos": [],
    "tweetUrl": "https://x.com/yuyy614893671/status/1872904073890185492",
    "fullText": "给年轻人指个路吧\n\n现在性价比比最高的学校和专业应该是德州的社区大学新设的专门进行芯片制造培训的专业\n\n学制2年，学费还能减免，工作根本不愁找\n\n台积电，三星，英特尔在美国投资的芯片封装工厂技术工人奇缺，他们现在就和社区大学合作，开设技术工人培训专业，毕业了直接进厂"
  },
  {
    "user": {
      "screenName": "yuyy614893671",
      "name": "金融汪",
      "profileImageUrl": "https://pbs.twimg.com/profile_images/1832901799470411776/mpHf_iT0_normal.jpg",
      "description": "金融市场老兵. Former Investment manager. 观察和理解这个世界每天在发生着什么，是我的兴趣也是工作。X上的内容只是分享，不是投资建议。\n油管频道：师姐说 https://t.co/41afFnOGrW",
      "followersCount": 43188,
      "friendsCount": 307,
      "location": ""
    },
    "images": [
      "https://pbs.twimg.com/media/Gf3eylHXEAAUvS1.jpg"
    ],
    "videos": [],
    "tweetUrl": "https://x.com/yuyy614893671/status/1872898008259674405",
    "fullText": "山里雪厚\n\n晚上也没法出门\n\n只好看报告刷手机\n\n哎～～ https://t.co/tU0iHVVRCJ"
  },
  {
    "user": {
      "screenName": "yuyy614893671",
      "name": "金融汪",
      "profileImageUrl": "https://pbs.twimg.com/profile_images/1832901799470411776/mpHf_iT0_normal.jpg",
      "description": "金融市场老兵. Former Investment manager. 观察和理解这个世界每天在发生着什么，是我的兴趣也是工作。X上的内容只是分享，不是投资建议。\n油管频道：师姐说 https://t.co/41afFnOGrW",
      "followersCount": 43188,
      "friendsCount": 307,
      "location": ""
    },
    "images": [],
    "videos": [],
    "tweetUrl": "https://x.com/yuyy614893671/status/1872896149625159866",
    "fullText": "去年，有两个小朋友到我家来玩，一个在普林斯顿，一个在佐治亚理工，都是顶好的专业，但是想找工作抽到H1B太难了，只好去读博士，为了留下来，还不得不去读博士后……受剥削\n\n当然，他们的家世不错，有米，也能不断给他们输血补贴，上海人；其实本来也是准备毕业了回去的……但"
  },
  {
    "user": {
      "screenName": "yuyy614893671",
      "name": "金融汪",
      "profileImageUrl": "https://pbs.twimg.com/profile_images/1832901799470411776/mpHf_iT0_normal.jpg",
      "description": "金融市场老兵. Former Investment manager. 观察和理解这个世界每天在发生着什么，是我的兴趣也是工作。X上的内容只是分享，不是投资建议。\n油管频道：师姐说 https://t.co/41afFnOGrW",
      "followersCount": 43188,
      "friendsCount": 307,
      "location": ""
    },
    "images": [
      "https://pbs.twimg.com/media/Gf3aiLeWYAAGaXt.jpg"
    ],
    "videos": [],
    "tweetUrl": "https://x.com/yuyy614893671/status/1872893310140072159",
    "fullText": "人类的悲喜并不相通\n\n绝大多数美国人是无法理解一个等待了7年才拿到美国国籍的商业和技术奇才，在那些等待的岁月里是怎么熬的，也曾忐忑过吧\n\n从这一点上来说Elon没有背叛他的来时路 https://t.co/FDaJS8njJm"
  },
  {
    "user": {
      "screenName": "_KleinHe_",
      "name": "KleinHE",
      "profileImageUrl": "https://pbs.twimg.com/profile_images/1790402221785649153/YuxI3TL8_normal.jpg",
      "description": "20 y.o.｜全干开发者💻 ｜UI/UX 🪄｜Creator of https://t.co/BxjKxV8BAN 思想上的西西弗斯🧠｜究极书虫📚｜ex 硬核游戏玩家👾 英推：https://t.co/wRw05o35m5",
      "followersCount": 1013,
      "friendsCount": 502,
      "location": "🟩 🟨 🟨 🟨 🟨  10k followers"
    },
    "images": [
      "https://pbs.twimg.com/media/Gf3SUCsawAEckCR.jpg"
    ],
    "videos": [],
    "tweetUrl": "https://x.com/_KleinHe_/status/1872884477929885981",
    "fullText": "破千啦！！谢谢大家的支持 🤗 https://t.co/GyQyQwrBpv"
  },
  {
    "user": {
      "screenName": "xiongchun007",
      "name": "Spring Xiong 熊春",
      "profileImageUrl": "https://pbs.twimg.com/profile_images/1850515744104263680/QdGAs4y6_normal.jpg",
      "description": "Programmer, Creator of @Datacollie (Database Management & Data Analysis)  #Java #Web #App #Python #DataScience #OpenSource",
      "followersCount": 3204,
      "friendsCount": 1086,
      "location": ""
    },
    "images": [
      "https://pbs.twimg.com/media/Gf3P6b4akAAnVzd.jpg",
      "https://pbs.twimg.com/media/Gf3P6c7aMAAFtMu.jpg",
      "https://pbs.twimg.com/media/Gf3P6c2bQAA14Df.jpg"
    ],
    "videos": [],
    "tweetUrl": "https://x.com/xiongchun007/status/1872881625383703027",
    "fullText": "记录一下此次来沪的临时工棚和蜗居的贫民窟窝点。现在正在打包我的东西，准备明天先回昆明，短暂修整后从昆明去深圳报到继续打螺丝。本来是想着在上海找份工作的，但事与愿违，有点小失落，有点小遗憾。🍼🚁🎈 https://t.co/aSNtwU6H3I"
  },
  {
    "user": {
      "screenName": "yuyy614893671",
      "name": "金融汪",
      "profileImageUrl": "https://pbs.twimg.com/profile_images/1832901799470411776/mpHf_iT0_normal.jpg",
      "description": "金融市场老兵. Former Investment manager. 观察和理解这个世界每天在发生着什么，是我的兴趣也是工作。X上的内容只是分享，不是投资建议。\n油管频道：师姐说 https://t.co/41afFnOGrW",
      "followersCount": 43188,
      "friendsCount": 307,
      "location": ""
    },
    "images": [
      "https://pbs.twimg.com/media/Gf3PzfaWsAAmQRl.jpg"
    ],
    "videos": [],
    "tweetUrl": "https://x.com/yuyy614893671/status/1872881513727181163",
    "fullText": "【H-1B签证被谁拿走了】\n【一个典型的H-1B签证制度漏洞或骗局】\n【H-1B的“中间人”生意】\n\n1/N\n这是一个典型的H-1B签证流程，从雇主在网上注册开始，到最终获批一般需要8个月的时间 https://t.co/FjXAMdnBcb"
  },
  {
    "user": {
      "screenName": "nishuang",
      "name": "倪爽",
      "profileImageUrl": "https://pbs.twimg.com/profile_images/1615204555/bg_green_300x300_normal.jpg",
      "description": "倪爽，设计顾问。 超过 20 年经验资深设计师，在美国运营 Honest Dot Design / 倪爽设计工作室，为中国及北美企业提供品牌设计、UX 设计两类设计咨询服务。",
      "followersCount": 99289,
      "friendsCount": 800,
      "location": "United States"
    },
    "images": [
      "https://pbs.twimg.com/media/Gf3OWZuWAAAQGQM.jpg"
    ],
    "videos": [],
    "tweetUrl": "https://x.com/nishuang/status/1872881015406117296",
    "fullText": "这是“纽约客”杂志总统选举那一期的封面，因为事前判断哈里斯会赢得竞选，所以他们没有准备 Trump 的封面\n\n选举当天，“纽约客”的编辑才发现苗头不对，Trump 越来越接近胜利\n\n所以他们找了艺术家，临时绘制了这期封面，整个沟通、绘制过程不超过 1 个小时\n\n#设计参考 https://t.co/S5Db51GFMx"
  },
  {
    "user": {
      "screenName": "_KleinHe_",
      "name": "KleinHE",
      "profileImageUrl": "https://pbs.twimg.com/profile_images/1790402221785649153/YuxI3TL8_normal.jpg",
      "description": "20 y.o.｜全干开发者💻 ｜UI/UX 🪄｜Creator of https://t.co/BxjKxV8BAN 思想上的西西弗斯🧠｜究极书虫📚｜ex 硬核游戏玩家👾 英推：https://t.co/wRw05o35m5",
      "followersCount": 1024,
      "friendsCount": 503,
      "location": "🟩 🟨 🟨 🟨 🟨  10k followers"
    },
    "images": [
      "https://pbs.twimg.com/media/Gf3K3sYawAElTh2.jpg"
    ],
    "videos": [],
    "tweetUrl": "https://x.com/_KleinHe_/status/1872876222692385265",
    "fullText": "推友们 助力一下 Klein 破千呗 🥰 https://t.co/IZo6pu3jXy"
  },
  {
    "user": {
      "screenName": "lencx_",
      "name": "lencx",
      "profileImageUrl": "https://pbs.twimg.com/profile_images/1777510753672785921/p0hrP-Qm_normal.png",
      "description": "✍🏻 公众号「浮之静」 👨🏻‍💻 Web • Rust • Tauri  • Electron\n🚫 不看 • 不听 • 不说 🤔 学会思考 • 自说自话",
      "followersCount": 19754,
      "friendsCount": 1004,
      "location": ""
    },
    "images": [],
    "videos": [
      "https://video.twimg.com/ext_tw_video/1872857079544987650/pu/vid/avc1/1152x720/qTwWslx5O49SvjB9.mp4?tag=12"
    ],
    "tweetUrl": "https://x.com/lencx_/status/1872858516349972967",
    "fullText": "#Noi 这几天折腾了点新东西，把 Noi Ask 变成一个万能输入框了（视频演示的输入并没有依靠插件来注入代码，而是在内部做了一些通用处理，基本可以覆盖大部分 AI Chat 或网页输入）。网页 URL 或代码直接转 AST/Markdown 也算是一个小的尝试。 https://t.co/Trg8wNGni1"
  },
  {
    "user": {
      "screenName": "BattleNations",
      "name": "Battle Nations",
      "profileImageUrl": "https://pbs.twimg.com/profile_images/1852827892788629504/vr1akE9i_normal.jpg",
      "description": "Build your empire and lead your armies to victory in Battle Nations! Manage resources wisely, build a flourishing empire, and assemble an unstoppable army.",
      "followersCount": 10915,
      "friendsCount": 11,
      "location": ""
    },
    "images": [],
    "videos": [],
    "tweetUrl": "https://x.com/BattleNations/status/1872842229787836556",
    "fullText": "Exciting news, Commanders! Battle Nations is back! Join our closed beta and be among the first to rebuild your empire. Your army awaits!"
  },
  {
    "user": {
      "screenName": "goocarlos",
      "name": "Luyu Zhang",
      "profileImageUrl": "https://pbs.twimg.com/profile_images/1770805803932364800/yJnlxO2f_normal.jpg",
      "description": "CEO&Founder of @dify_ai",
      "followersCount": 16632,
      "friendsCount": 768,
      "location": "Mountain View, CA"
    },
    "images": [
      "https://pbs.twimg.com/media/Gf2mtiOawAENyG2.jpg",
      "https://pbs.twimg.com/media/Gf2mtlDawAQx5-C.jpg",
      "https://pbs.twimg.com/media/Gf2mtlDawAITTbP.jpg",
      "https://pbs.twimg.com/media/Gf2mtiQawAEPsKY.jpg"
    ],
    "videos": [],
    "tweetUrl": "https://x.com/goocarlos/status/1872836431405834423",
    "fullText": "《胡桃夹子》是一部由柴可夫斯基创作的芭蕾舞剧，首演于1892年。这部剧以德国作家E.T.A.霍夫曼的童话故事《胡桃夹子与鼠王》为基础，讲述了一个小女孩克拉拉在圣诞夜收到胡桃夹子玩具后发生的奇幻冒险。故事充满魔幻元素，包括玩具士兵、糖果仙子和奇妙的雪国场景，非常适合节日气氛。 https://t.co/gUNC4imq8d"
  },
  {
    "user": {
      "screenName": "weedmaps",
      "name": "Weedmaps",
      "profileImageUrl": "https://pbs.twimg.com/profile_images/1549932914091012096/m7g4963Q_normal.png",
      "description": "#Weedmaps is a community where businesses and consumers can search and discover #cannabis products.",
      "followersCount": 213009,
      "friendsCount": 966,
      "location": "Irvine, CA"
    },
    "images": [],
    "videos": [],
    "tweetUrl": "https://x.com/weedmaps/status/1872816486412169229",
    "fullText": "The most wonderful time of the year"
  },
  {
    "user": {
      "screenName": "manateelazycat",
      "name": "Andy Stewart",
      "profileImageUrl": "https://pbs.twimg.com/profile_images/768239262/HaskellIcon_normal.jpg",
      "description": "Linux, Emacs开源社区从业二十余载\n懒猫微服CEO， 不端不装， 仗剑走天涯\n客官喜欢， 欢迎买我家的懒猫微服 https://t.co/KVqgWHE3yR\n京东旗舰店： https://t.co/6l2E0fkB8H",
      "followersCount": 17527,
      "friendsCount": 94,
      "location": "China"
    },
    "images": [],
    "videos": [
      "https://video.twimg.com/ext_tw_video/1872802729321742336/pu/vid/avc1/1280x720/2FElpMGq8nafgr6j.mp4?tag=12"
    ],
    "tweetUrl": "https://x.com/manateelazycat/status/1872802884804583527",
    "fullText": "懒猫微服创始人最喜欢的软件是？ https://t.co/WsQjmedcU5"
  },
  {
    "user": {
      "screenName": "yuyy614893671",
      "name": "金融汪",
      "profileImageUrl": "https://pbs.twimg.com/profile_images/1832901799470411776/mpHf_iT0_normal.jpg",
      "description": "金融市场老兵. Former Investment manager. 观察和理解这个世界每天在发生着什么，是我的兴趣也是工作。X上的内容只是分享，不是投资建议。\n油管频道：师姐说 https://t.co/41afFnOGrW",
      "followersCount": 43188,
      "friendsCount": 307,
      "location": ""
    },
    "images": [],
    "videos": [
      "https://video.twimg.com/amplify_video/1872782534406283264/vid/avc1/1280x720/fs9FtBhmlWWTwyEO.mp4?tag=16"
    ],
    "tweetUrl": "https://x.com/yuyy614893671/status/1872782896223928343",
    "fullText": "在路上 https://t.co/6smbScptGc"
  },
  {
    "user": {
      "screenName": "MaimaiLee123",
      "name": "李麦麦",
      "profileImageUrl": "https://pbs.twimg.com/profile_images/1863951770080428032/5qM3fGRx_normal.jpg",
      "description": "人只有醒来才知道自己睡了一觉\n\n｜ INTJ ｜感谢follow ｜\n电报   https://t.co/qYINMLQgVt \n自留地  https://t.co/WQYgnkH9Ew",
      "followersCount": 7860,
      "friendsCount": 1082,
      "location": "IP属地:由于相关法律法规及政策,该地址不予显示"
    },
    "images": [
      "https://pbs.twimg.com/media/Gf11ywGasAAjydA.jpg"
    ],
    "videos": [],
    "tweetUrl": "https://x.com/MaimaiLee123/status/1872782546825822359",
    "fullText": "很久没有熬通宵还是睡不着爬起来吃早餐了 https://t.co/8kiUSwVDPQ"
  },
  {
    "user": {
      "screenName": "yihong0618",
      "name": "yihong0618",
      "profileImageUrl": "https://pbs.twimg.com/profile_images/1209446924006223872/wSIVSKnh_normal.jpg",
      "description": "喜欢王小波，大概我们能成为朋友。 我的 2024 https://t.co/HfDF6oduB7 我的 2023 https://t.co/QyV8PiZmOY 我的2022 https://t.co/NLYTn7xtta 我的 2021 我的 2020",
      "followersCount": 70651,
      "friendsCount": 3285,
      "location": ""
    },
    "images": [
      "https://pbs.twimg.com/media/Gf1xgP5bUAAsMXF.jpg",
      "https://pbs.twimg.com/media/Gf1xgYzawAImLVU.jpg"
    ],
    "videos": [],
    "tweetUrl": "https://x.com/yihong0618/status/1872777847527620983",
    "fullText": "#今天的跑步电台。 https://t.co/uuaTZWk2Th"
  },
  {
    "user": {
      "screenName": "JokersOfNeon",
      "name": "Jokers of Neon",
      "profileImageUrl": "https://pbs.twimg.com/profile_images/1803140950891323394/MMuUDS5m_normal.jpg",
      "description": "A strategy on-chain card game, built by @caravana_studio on @starknet using @ohayo_dojo - BUILD your deck, RULE the game!",
      "followersCount": 420,
      "friendsCount": 72,
      "location": "Starknet"
    },
    "images": [],
    "videos": [
      "https://video.twimg.com/ext_tw_video/1872742753043443712/pu/vid/avc1/1280x720/2fmCMZYsC-fmgfdf.mp4?tag=12"
    ],
    "tweetUrl": "https://x.com/JokersOfNeon/status/1872751316667355643",
    "fullText": "Jokers of Neon is a roguelike deck-builder card game where strategy meets luck 🃏\n\n🔥 Build your deck\n🎯 Reach target scores\n🛒 Buy epic cards &amp; power-ups in the store as you climb each level\n\nPlay NOW and conquer the leaderboard:♠️ https://t.co/W1DizcTCt5 ♠️\n\nThink you’ve got https://t.co/A9dWFPPsig"
  },
  {
    "user": {
      "screenName": "yuyy614893671",
      "name": "金融汪",
      "profileImageUrl": "https://pbs.twimg.com/profile_images/1832901799470411776/mpHf_iT0_normal.jpg",
      "description": "金融市场老兵. Former Investment manager. 观察和理解这个世界每天在发生着什么，是我的兴趣也是工作。X上的内容只是分享，不是投资建议。\n油管频道：师姐说 https://t.co/41afFnOGrW",
      "followersCount": 43168,
      "friendsCount": 307,
      "location": ""
    },
    "images": [
      "https://pbs.twimg.com/media/Gf1RFb_XEAA-pvN.jpg"
    ],
    "videos": [],
    "tweetUrl": "https://x.com/yuyy614893671/status/1872742182421160258",
    "fullText": "遇见一片云 https://t.co/pK88oqufxr"
  },
  {
    "user": {
      "screenName": "dotey",
      "name": "宝玉",
      "profileImageUrl": "https://pbs.twimg.com/profile_images/561086911561736192/6_g58vEs_normal.jpeg",
      "description": "Prompt Engineer, dedicated to learning and disseminating knowledge about AI, software engineering, and engineering management.",
      "followersCount": 99249,
      "friendsCount": 1238,
      "location": "Chicago, IL"
    },
    "images": [
      "https://pbs.twimg.com/media/Gf1NzkTWAAAtcjy.jpg"
    ],
    "videos": [],
    "tweetUrl": "https://x.com/dotey/status/1872738578457067768",
    "fullText": "推荐阅读：《使用Cursor作为AI的通用入口》\nhttps://t.co/cxGVqCKQcR https://t.co/deQRm2gMoe"
  },
  {
    "user": {
      "screenName": "MaimaiLee123",
      "name": "李麦麦",
      "profileImageUrl": "https://pbs.twimg.com/profile_images/1863951770080428032/5qM3fGRx_normal.jpg",
      "description": "人只有醒来才知道自己睡了一觉\n\n｜ INTJ ｜感谢follow ｜\n电报   https://t.co/qYINMLQgVt \n自留地  https://t.co/WQYgnkH9Ew",
      "followersCount": 7853,
      "friendsCount": 1082,
      "location": "IP属地:由于相关法律法规及政策,该地址不予显示"
    },
    "images": [],
    "videos": [],
    "tweetUrl": "https://x.com/MaimaiLee123/status/1872724066249130468",
    "fullText": "在闲鱼挑二手的iphone 15pro，每次想换手机都有一种屎里捞金的感觉，要不就是商家，要不就是新号，要不就是信息不全，要不就是图片模糊，虽然买卖了几十回二手电子产品无一失手，但是挑手机仍然是最痛苦的事情"
  },
  {
    "user": {
      "screenName": "22Words",
      "name": "22 Words",
      "profileImageUrl": "https://pbs.twimg.com/profile_images/895427397763321858/SnlI8rfs_normal.jpg",
      "description": "Fight Boredom, Spread Happiness",
      "followersCount": 27217,
      "friendsCount": 536,
      "location": "Pasadena, CA"
    },
    "images": [],
    "videos": [],
    "tweetUrl": "https://x.com/22Words/status/1872715426624643184",
    "fullText": "Nobody believed me when I said I saved more with these coupons! 🙌🤩"
  },
  {
    "user": {
      "screenName": "NordaceOfficial",
      "name": "Nordace",
      "profileImageUrl": "https://pbs.twimg.com/profile_images/1103775502391697408/pwfE7uK7_normal.png",
      "description": "Whether you're hiking the Andes or exploring the streets of Rome, we have the best travel bags and accessories for any adventure. Always searching for adventure",
      "followersCount": 42550,
      "friendsCount": 0,
      "location": ""
    },
    "images": [],
    "videos": [],
    "tweetUrl": "https://x.com/NordaceOfficial/status/1872673653378404789",
    "fullText": "💼 Boxing Day Deals on Travel Backpacks! 💼\nhttps://t.co/RijK83dnwx\n\nUp to 70% OFF on backpacks made for your travels!"
  },
  {
    "user": {
      "screenName": "NordaceOfficial",
      "name": "Nordace",
      "profileImageUrl": "https://pbs.twimg.com/profile_images/1103775502391697408/pwfE7uK7_normal.png",
      "description": "Whether you're hiking the Andes or exploring the streets of Rome, we have the best travel bags and accessories for any adventure. Always searching for adventure",
      "followersCount": 42543,
      "friendsCount": 0,
      "location": ""
    },
    "images": [],
    "videos": [],
    "tweetUrl": "https://x.com/NordaceOfficial/status/1872673653072241113",
    "fullText": "✨ Boxing Day Travel Essentials Sale! ✨\nhttps://t.co/RijK83dnwx\n\nUp to 70% OFF on backpacks made for your travels!"
  },
  {
    "user": {
      "screenName": "NordaceOfficial",
      "name": "Nordace",
      "profileImageUrl": "https://pbs.twimg.com/profile_images/1103775502391697408/pwfE7uK7_normal.png",
      "description": "Whether you're hiking the Andes or exploring the streets of Rome, we have the best travel bags and accessories for any adventure. Always searching for adventure",
      "followersCount": 42553,
      "friendsCount": 0,
      "location": ""
    },
    "images": [],
    "videos": [],
    "tweetUrl": "https://x.com/NordaceOfficial/status/1872673652988416190",
    "fullText": "🎒✨ Boxing Day Traveler's Sale! ✨\nhttps://t.co/RijK83dnwx\n\nUp to 70% OFF on backpacks made for your travels!"
  },
  {
    "user": {
      "screenName": "NordaceOfficial",
      "name": "Nordace",
      "profileImageUrl": "https://pbs.twimg.com/profile_images/1103775502391697408/pwfE7uK7_normal.png",
      "description": "Whether you're hiking the Andes or exploring the streets of Rome, we have the best travel bags and accessories for any adventure. Always searching for adventure",
      "followersCount": 42556,
      "friendsCount": 0,
      "location": ""
    },
    "images": [],
    "videos": [],
    "tweetUrl": "https://x.com/NordaceOfficial/status/1872673652942225735",
    "fullText": "🎒✨ Boxing Day Traveler's Sale! ✨\nhttps://t.co/RijK83dnwx\n\nUp to 70% OFF on backpacks made for your travels!"
  },
  {
    "user": {
      "screenName": "NordaceOfficial",
      "name": "Nordace",
      "profileImageUrl": "https://pbs.twimg.com/profile_images/1103775502391697408/pwfE7uK7_normal.png",
      "description": "Whether you're hiking the Andes or exploring the streets of Rome, we have the best travel bags and accessories for any adventure. Always searching for adventure",
      "followersCount": 42555,
      "friendsCount": 0,
      "location": ""
    },
    "images": [],
    "videos": [],
    "tweetUrl": "https://x.com/NordaceOfficial/status/1872673652887683280",
    "fullText": "🎒✨ Boxing Day Traveler's Sale! ✨\nhttps://t.co/RijK83dnwx\n\nUp to 70% OFF on backpacks made for your travels!"
  },
  {
    "user": {
      "screenName": "NordaceOfficial",
      "name": "Nordace",
      "profileImageUrl": "https://pbs.twimg.com/profile_images/1103775502391697408/pwfE7uK7_normal.png",
      "description": "Whether you're hiking the Andes or exploring the streets of Rome, we have the best travel bags and accessories for any adventure. Always searching for adventure",
      "followersCount": 42516,
      "friendsCount": 0,
      "location": ""
    },
    "images": [],
    "videos": [],
    "tweetUrl": "https://x.com/NordaceOfficial/status/1872673652858351734",
    "fullText": "🎒✨ Boxing Day Traveler's Sale! ✨\nhttps://t.co/RijK83dnwx\n\nUp to 70% OFF on backpacks made for your travels!"
  },
  {
    "user": {
      "screenName": "ovst36099",
      "name": "兔子",
      "profileImageUrl": "https://pbs.twimg.com/profile_images/1811330028954923008/EcwM3vmh_normal.jpg",
      "description": "被知产耽误的新手程\n\n我的服务：\n1. ChatGPT直连站（免费长期试用）：https://t.co/jCiDSGbaon\n2. API转发站（送 0.4 美金）：https://t.co/drXlNAoFMJ\n3. mj绘画站（送 5 积分）：https://t.co/H6rHEiFR5X",
      "followersCount": 1730,
      "friendsCount": 186,
      "location": "NewYork"
    },
    "images": [
      "https://pbs.twimg.com/media/Gf0LGBsa0AAtTaK.png",
      "https://pbs.twimg.com/media/Gf0LN8Ia4AAckGQ.png",
      "https://pbs.twimg.com/media/Gf0LSOHbUAAlje3.png",
      "https://pbs.twimg.com/media/Gf0LWvnbQAAkn3a.png"
    ],
    "videos": [],
    "tweetUrl": "https://x.com/ovst36099/status/1872667138617720940",
    "fullText": "12月兔子在谷歌上打了广告；网站使用量明星增多\n\n但添加客服买会员的，几乎都来自推特而非谷歌广告\n\n同时，发现购买会员的推友们质量都很高，有独立开发者、大厂程序员、投资者、公务员、作家等等\n\n我也要跟上步伐不断进步，分享有用的东西给大家🤠 https://t.co/elJlD3cUjp"
  },
  {
    "user": {
      "screenName": "yuyy614893671",
      "name": "金融汪",
      "profileImageUrl": "https://pbs.twimg.com/profile_images/1832901799470411776/mpHf_iT0_normal.jpg",
      "description": "金融市场老兵. Former Investment manager. 观察和理解这个世界每天在发生着什么，是我的兴趣也是工作。X上的内容只是分享，不是投资建议。\n油管频道：师姐说 https://t.co/41afFnOGrW",
      "followersCount": 42986,
      "friendsCount": 307,
      "location": ""
    },
    "images": [],
    "videos": [
      "https://video.twimg.com/ext_tw_video/1872486620210872320/pu/vid/avc1/1280x720/MTtGYqGFHp3yC0li.mp4?tag=12"
    ],
    "tweetUrl": "https://x.com/yuyy614893671/status/1872665997662159158",
    "fullText": "🇺🇸特朗普：优秀大学毕业生应获得绿卡才能留在美国\n\n“如果你从美国大学毕业——无论是两年制、四年制还是博士学位——你应该自动获得绿卡并留下来。\n\n资料来源： @theallinpod采访 2024 年 6 月\nhttps://t.co/iisMjt2bvP"
  },
  {
    "user": {
      "screenName": "yuyy614893671",
      "name": "金融汪",
      "profileImageUrl": "https://pbs.twimg.com/profile_images/1832901799470411776/mpHf_iT0_normal.jpg",
      "description": "金融市场老兵. Former Investment manager. 观察和理解这个世界每天在发生着什么，是我的兴趣也是工作。X上的内容只是分享，不是投资建议。\n油管频道：师姐说 https://t.co/41afFnOGrW",
      "followersCount": 42971,
      "friendsCount": 307,
      "location": ""
    },
    "images": [
      "https://pbs.twimg.com/media/Gf0JMbGasAAjtAz.jpg"
    ],
    "videos": [],
    "tweetUrl": "https://x.com/yuyy614893671/status/1872663135729205747",
    "fullText": "Uncle Elon’s fight with MAGA. https://t.co/EvbihOQT5v"
  },
  {
    "user": {
      "screenName": "yihui_indie",
      "name": "熠辉 Indie",
      "profileImageUrl": "https://pbs.twimg.com/profile_images/1804848821702377472/fSfFlGTf_normal.jpg",
      "description": "小报童专栏作者(https://t.co/n3aQPcb9yX ) |   全职独立开发者 | NuxtBase作者 |  B站up主 | 分享创造 + 无限迭代ing",
      "followersCount": 23001,
      "friendsCount": 473,
      "location": "Hong Kong"
    },
    "images": [
      "https://pbs.twimg.com/media/Gf0HutrbAAAJIJz.jpg"
    ],
    "videos": [],
    "tweetUrl": "https://x.com/yihui_indie/status/1872662481346408695",
    "fullText": "大晚上收到NuxtBase付费用户发的红包，原因是耐心解答问题，有点小感动🥰 不过也慢慢理解了当时 @javay_hu 在解答Mkdirs用户问题时遇到的精力分配问题，得努力想办法用更好的工具 + 教程去解决和平衡这块才行 https://t.co/SOVaFssWO9"
  },
  {
    "user": {
      "screenName": "CelsiusOfficial",
      "name": "CELSIUS Energy Drink",
      "profileImageUrl": "https://pbs.twimg.com/profile_images/1742917732868431872/yHOTA_lK_normal.jpg",
      "description": "Zero Sugar, Essential Energy to LIVE FIT ⚡️",
      "followersCount": 33279,
      "friendsCount": 160,
      "location": "Florida"
    },
    "images": [],
    "videos": [],
    "tweetUrl": "https://x.com/CelsiusOfficial/status/1872655682454847887",
    "fullText": "BIG THINGS COMING IN 2025."
  },
  {
    "user": {
      "screenName": "MaimaiLee123",
      "name": "李麦麦",
      "profileImageUrl": "https://pbs.twimg.com/profile_images/1863951770080428032/5qM3fGRx_normal.jpg",
      "description": "人只有醒来才知道自己睡了一觉\n\n｜ INTJ ｜感谢follow ｜\n电报   https://t.co/qYINMLQgVt \n自留地  https://t.co/WQYgnkH9Ew",
      "followersCount": 7826,
      "friendsCount": 1083,
      "location": "IP属地:由于相关法律法规及政策,该地址不予显示"
    },
    "images": [
      "https://pbs.twimg.com/media/Gf0B1PvbYAAakqT.png"
    ],
    "videos": [],
    "tweetUrl": "https://x.com/MaimaiLee123/status/1872655160201335022",
    "fullText": "《胜券在握》也是蹭上AI了，有看过的朋友说说值得看吗 https://t.co/VMCiYxcOqo"
  },
  {
    "user": {
      "screenName": "manateelazycat",
      "name": "Andy Stewart",
      "profileImageUrl": "https://pbs.twimg.com/profile_images/768239262/HaskellIcon_normal.jpg",
      "description": "Linux, Emacs开源社区从业二十余载\n懒猫微服CEO， 不端不装， 仗剑走天涯\n客官喜欢， 欢迎买我家的懒猫微服 https://t.co/KVqgWHE3yR\n京东旗舰店： https://t.co/6l2E0fkB8H",
      "followersCount": 17348,
      "friendsCount": 94,
      "location": "China"
    },
    "images": [],
    "videos": [],
    "tweetUrl": "https://x.com/manateelazycat/status/1872641821144396112",
    "fullText": "这段时间卖货卖麻了， 周末不赚钱。\n\n大家有啥想让我分享的， 可以问我， 我来分享我20年的技术、产品、管理和创业经验。\n\n每人仅限一个问题。 ;)"
  },
  {
    "user": {
      "screenName": "plusyip",
      "name": "Plusye",
      "profileImageUrl": "https://pbs.twimg.com/profile_images/1718597108058722304/GvFIOU3p_normal.jpg",
      "description": "程序员，开发过 2 个 iOS App，几个不知名的浏览器插件，几个小程序。喜欢看动画、漫画、轻小说和网文。目标是早日成为自宅警備員。搞了个 GPT 和Claude API 转发服务，价格和官方的一样：https://t.co/87W14YcWNd",
      "followersCount": 7564,
      "friendsCount": 272,
      "location": ""
    },
    "images": [],
    "videos": [],
    "tweetUrl": "https://x.com/plusyip/status/1872639668682166638",
    "fullText": "用开源项目 one-api 管理和转发 GPT/Claude/Gemini 等 API 的网友赶紧看看机器，one-api 的一些版本的 Docker 镜像被投毒了，会在后台挖矿 😂 这个开源项目用的人还挺多的。我在 11 月份就开始自己开发 LLMHub，12 月份就完全从 one-api 迁移到自己的系统了。\nhttps://t.co/b2Zv1eOzYi"
  },
  {
    "user": {
      "screenName": "MaimaiLee123",
      "name": "李麦麦",
      "profileImageUrl": "https://pbs.twimg.com/profile_images/1863951770080428032/5qM3fGRx_normal.jpg",
      "description": "人只有醒来才知道自己睡了一觉\n\n｜ INTJ ｜感谢follow ｜\n电报   https://t.co/qYINMLQgVt \n自留地  https://t.co/WQYgnkH9Ew",
      "followersCount": 7827,
      "friendsCount": 1083,
      "location": "IP属地:由于相关法律法规及政策,该地址不予显示"
    },
    "images": [
      "https://pbs.twimg.com/media/GfzxmMtaYAAafKQ.jpg"
    ],
    "videos": [],
    "tweetUrl": "https://x.com/MaimaiLee123/status/1872637368546791604",
    "fullText": "今日AI meme https://t.co/P5NaK8zngA"
  },
  {
    "user": {
      "screenName": "yihong0618",
      "name": "yihong0618",
      "profileImageUrl": "https://pbs.twimg.com/profile_images/1209446924006223872/wSIVSKnh_normal.jpg",
      "description": "喜欢王小波，大概我们能成为朋友。 我的 2024 https://t.co/HfDF6oduB7 我的 2023 https://t.co/QyV8PiZmOY 我的2022 https://t.co/NLYTn7xtta 我的 2021 我的 2020",
      "followersCount": 70635,
      "friendsCount": 3285,
      "location": ""
    },
    "images": [],
    "videos": [],
    "tweetUrl": "https://x.com/yihong0618/status/1872635893657604391",
    "fullText": "中国最强的两个模型是开源的：Qwen, DeepSeek\n美国最强的两个模型是闭源的：Claude , GPT"
  },
  {
    "user": {
      "screenName": "OpenAI",
      "name": "OpenAI",
      "profileImageUrl": "https://pbs.twimg.com/profile_images/1634058036934500352/b4F1eVpJ_normal.jpg",
      "description": "OpenAI’s mission is to ensure that artificial general intelligence benefits all of humanity. We’re hiring: https://t.co/dJGr6LgzPA",
      "followersCount": 3826033,
      "friendsCount": 3,
      "location": ""
    },
    "images": [],
    "videos": [],
    "tweetUrl": "https://x.com/OpenAI/status/1872628736690123213",
    "fullText": "OpenAI's Board of Directors is evaluating our corporate structure with the goal of making a stronger non-profit supported by the for-profit’s success.\n\nOur plan would create one of the best-resourced non-profits in history. https://t.co/6GvnMyCQmR"
  },
  {
    "user": {
      "screenName": "MaimaiLee123",
      "name": "李麦麦",
      "profileImageUrl": "https://pbs.twimg.com/profile_images/1863951770080428032/5qM3fGRx_normal.jpg",
      "description": "人只有醒来才知道自己睡了一觉\n\n｜ INTJ ｜感谢follow ｜\n电报   https://t.co/qYINMLQgVt \n自留地  https://t.co/WQYgnkH9Ew",
      "followersCount": 7820,
      "friendsCount": 1083,
      "location": "IP属地:由于相关法律法规及政策,该地址不予显示"
    },
    "images": [
      "https://pbs.twimg.com/media/Gfzjxp-acAAsf-t.jpg"
    ],
    "videos": [],
    "tweetUrl": "https://x.com/MaimaiLee123/status/1872622015670321252",
    "fullText": "有点不理解小时候的自己为什么不喜欢吃席，家里人出份子钱送我去低着头从头吃到尾，一次能吃十几二十个菜，其中还有毛蟹龙虾之类的，吃完走之前还有主家的回礼红包（一般是10-30块钱，我可以不上交）。\n\n目前已饿晕，和小时候的自己无法共情，先吃饱再说。 https://t.co/nEP8vhxTCC"
  },
  {
    "user": {
      "screenName": "MaimaiLee123",
      "name": "李麦麦",
      "profileImageUrl": "https://pbs.twimg.com/profile_images/1863951770080428032/5qM3fGRx_normal.jpg",
      "description": "人只有醒来才知道自己睡了一觉\n\n｜ INTJ ｜感谢follow ｜\n电报   https://t.co/qYINMLQgVt \n自留地  https://t.co/WQYgnkH9Ew",
      "followersCount": 7820,
      "friendsCount": 1083,
      "location": "IP属地:由于相关法律法规及政策,该地址不予显示"
    },
    "images": [
      "https://pbs.twimg.com/media/Gfzf32ja8AAH1ay.jpg"
    ],
    "videos": [],
    "tweetUrl": "https://x.com/MaimaiLee123/status/1872617698917794219",
    "fullText": "https://t.co/nLsi6aEd2K"
  },
  {
    "user": {
      "screenName": "MaimaiLee123",
      "name": "李麦麦",
      "profileImageUrl": "https://pbs.twimg.com/profile_images/1863951770080428032/5qM3fGRx_normal.jpg",
      "description": "人只有醒来才知道自己睡了一觉\n\n｜ INTJ ｜感谢follow ｜\n电报   https://t.co/qYINMLQgVt \n自留地  https://t.co/WQYgnkH9Ew",
      "followersCount": 7817,
      "friendsCount": 1083,
      "location": "IP属地:由于相关法律法规及政策,该地址不予显示"
    },
    "images": [
      "https://pbs.twimg.com/media/GfzQsCabMAAE12Q.jpg"
    ],
    "videos": [],
    "tweetUrl": "https://x.com/MaimaiLee123/status/1872601011086663803",
    "fullText": "12个关键选择｜实现人生阶级跃迁\n\n我们的人生都是由大大小小的选择构成\n每一次选择叠加后，就成就了现在的我们 https://t.co/fxDumyEZ0X"
  },
  {
    "user": {
      "screenName": "manateelazycat",
      "name": "Andy Stewart",
      "profileImageUrl": "https://pbs.twimg.com/profile_images/768239262/HaskellIcon_normal.jpg",
      "description": "Linux, Emacs开源社区从业二十余载\n懒猫微服CEO， 不端不装， 仗剑走天涯\n客官喜欢， 欢迎买我家的懒猫微服 https://t.co/KVqgWHE3yR\n京东旗舰店： https://t.co/6l2E0fkB8H",
      "followersCount": 17328,
      "friendsCount": 94,
      "location": "China"
    },
    "images": [],
    "videos": [
      "https://video.twimg.com/ext_tw_video/1872599961483042816/pu/vid/avc1/1920x1080/Qc1ndXZN_OnjIrOH.mp4?tag=14"
    ],
    "tweetUrl": "https://x.com/manateelazycat/status/1872600735361409526",
    "fullText": "MediaGo， 100MB/s满速下载神器，浏览器能看就下！\n\n很多用户都在使用这个应用，今天录了个视频，大家看看这个好不好哇 : ) https://t.co/arITTthN4o"
  },
  {
    "user": {
      "screenName": "waylybaye",
      "name": "Baye",
      "profileImageUrl": "https://pbs.twimg.com/profile_images/1807439424009175040/F2mBMzcN_normal.jpg",
      "description": "一个自由的程序员，以卖 App 为生。做了熊猫吃短信、ServerCat、后续、DAMA、OpenCat。记录生活和开发日常。私信不用，有事请点 App 内的「联系我们」发邮件。",
      "followersCount": 146862,
      "friendsCount": 448,
      "location": "中华人民共和国"
    },
    "images": [
      "https://pbs.twimg.com/media/GfzHVLSb0AABuVe.jpg",
      "https://pbs.twimg.com/media/GfzHX-_aQAAvwhm.jpg"
    ],
    "videos": [],
    "tweetUrl": "https://x.com/waylybaye/status/1872591218154316255",
    "fullText": "兄弟们，联通这个海外“教育加速”宽带，能加速那啥吗？这个价格不像是精品网线路啊 https://t.co/p6Yz5l9hUM"
  },
  {
    "user": {
      "screenName": "xiongchun007",
      "name": "Spring Xiong 熊春",
      "profileImageUrl": "https://pbs.twimg.com/profile_images/1850515744104263680/QdGAs4y6_normal.jpg",
      "description": "Programmer, Creator of @Datacollie (Database Management & Data Analysis)  #Java #Web #App #Python #DataScience #OpenSource",
      "followersCount": 3168,
      "friendsCount": 1085,
      "location": ""
    },
    "images": [
      "https://pbs.twimg.com/media/GfzAEebaIAA7US-.jpg"
    ],
    "videos": [],
    "tweetUrl": "https://x.com/xiongchun007/status/1872584112076476449",
    "fullText": "Day 37 #大龄程序员求职真人秀 [大结局] 经过一番折腾，收到了BYD的录用邀请函，1月9号去深圳比亚迪报到，继续开启我的牛马生活。至此，本期大龄程序员真人秀节目全剧终。感谢兄弟姐妹们一路围观，顺祝大家心想事成。 https://t.co/4Ix7gr08sC"
  },
  {
    "user": {
      "screenName": "arulgapro",
      "name": "arulga",
      "profileImageUrl": "https://pbs.twimg.com/profile_images/1866430518667198464/l6cB7A1H_normal.png",
      "description": "Transform your style with SWEATSHIRTs that speak ✨Each piece from our collection is a canvas for inspiration, activism & self-expression. #CustomSweatshirts👕",
      "followersCount": 11,
      "friendsCount": 31,
      "location": ""
    },
    "images": [
      "https://pbs.twimg.com/media/Gfy1IPgWMAAp3sv.jpg"
    ],
    "videos": [],
    "tweetUrl": "https://x.com/arulgapro/status/1872570725179244602",
    "fullText": "💕 Show Grandpa your love! Personalized sweatshirts with grandkids’ names - ideal for Father’s Day or his birthday. Unique &amp; heartfelt! \n🛒Get yours👉 https://t.co/KTX9FYB4g6 https://t.co/kWMPfCgFzC"
  },
  {
    "user": {
      "screenName": "_KleinHe_",
      "name": "KleinHE",
      "profileImageUrl": "https://pbs.twimg.com/profile_images/1790402221785649153/YuxI3TL8_normal.jpg",
      "description": "20 y.o.｜全干开发者💻 ｜UI/UX 🪄｜Creator of https://t.co/BxjKxV8BAN 思想上的西西弗斯🧠｜究极书虫📚｜ex 硬核游戏玩家👾 英推：https://t.co/wRw05o35m5",
      "followersCount": 998,
      "friendsCount": 499,
      "location": "🟩 🟩 🟩 🟩 🟨   1k followers"
    },
    "images": [],
    "videos": [],
    "tweetUrl": "https://x.com/_KleinHe_/status/1872562211635532054",
    "fullText": "狭义的 “黑客” 技术里，最感兴趣的是逆向，因为能满足我很多的好奇心，还挺好玩的 😎"
  },
  {
    "user": {
      "screenName": "canlesofficial",
      "name": "Canles",
      "profileImageUrl": "https://pbs.twimg.com/profile_images/1666678663084150784/41oyvaiH_normal.jpg",
      "description": "👣 Engineered for walking | 👟 Comfy & versatile footwear for life's adventures | 🌿 Breathable, lightweight designs",
      "followersCount": 10601,
      "friendsCount": 1,
      "location": "Vancouver, Canada"
    },
    "images": [],
    "videos": [],
    "tweetUrl": "https://x.com/canlesofficial/status/1872557705556283628",
    "fullText": "Tired of shivering through the winter? Our revolutionary winter boots are here to save the day! Designed to keep your feet toasty warm, dry, and protected, no matter how harsh the weather. Experience the ultimate in winter comfort."
  },
  {
    "user": {
      "screenName": "canlesofficial",
      "name": "Canles",
      "profileImageUrl": "https://pbs.twimg.com/profile_images/1666678663084150784/41oyvaiH_normal.jpg",
      "description": "👣 Engineered for walking | 👟 Comfy & versatile footwear for life's adventures | 🌿 Breathable, lightweight designs",
      "followersCount": 10616,
      "friendsCount": 1,
      "location": "Vancouver, Canada"
    },
    "images": [],
    "videos": [],
    "tweetUrl": "https://x.com/canlesofficial/status/1872557694936367266",
    "fullText": "Tired of shivering through the winter? Our revolutionary winter boots are here to save the day! Designed to keep your feet toasty warm, dry, and protected, no matter how harsh the weather. Experience the ultimate in winter comfort."
  },
  {
    "user": {
      "screenName": "canlesofficial",
      "name": "Canles",
      "profileImageUrl": "https://pbs.twimg.com/profile_images/1666678663084150784/41oyvaiH_normal.jpg",
      "description": "👣 Engineered for walking | 👟 Comfy & versatile footwear for life's adventures | 🌿 Breathable, lightweight designs",
      "followersCount": 10601,
      "friendsCount": 1,
      "location": "Vancouver, Canada"
    },
    "images": [],
    "videos": [],
    "tweetUrl": "https://x.com/canlesofficial/status/1872557690125496473",
    "fullText": "Tired of shivering through the winter? Our revolutionary winter boots are here to save the day! Designed to keep your feet toasty warm, dry, and protected, no matter how harsh the weather. Experience the ultimate in winter comfort."
  },
  {
    "user": {
      "screenName": "canlesofficial",
      "name": "Canles",
      "profileImageUrl": "https://pbs.twimg.com/profile_images/1666678663084150784/41oyvaiH_normal.jpg",
      "description": "👣 Engineered for walking | 👟 Comfy & versatile footwear for life's adventures | 🌿 Breathable, lightweight designs",
      "followersCount": 10627,
      "friendsCount": 1,
      "location": "Vancouver, Canada"
    },
    "images": [],
    "videos": [],
    "tweetUrl": "https://x.com/canlesofficial/status/1872557677399671244",
    "fullText": "Tired of shivering through the winter? Our revolutionary winter boots are here to save the day! Designed to keep your feet toasty warm, dry, and protected, no matter how harsh the weather. Experience the ultimate in winter comfort."
  },
  {
    "user": {
      "screenName": "canlesofficial",
      "name": "Canles",
      "profileImageUrl": "https://pbs.twimg.com/profile_images/1666678663084150784/41oyvaiH_normal.jpg",
      "description": "👣 Engineered for walking | 👟 Comfy & versatile footwear for life's adventures | 🌿 Breathable, lightweight designs",
      "followersCount": 10612,
      "friendsCount": 1,
      "location": "Vancouver, Canada"
    },
    "images": [],
    "videos": [],
    "tweetUrl": "https://x.com/canlesofficial/status/1872557673012670963",
    "fullText": "Tired of shivering through the winter? Our revolutionary winter boots are here to save the day! Designed to keep your feet toasty warm, dry, and protected, no matter how harsh the weather. Experience the ultimate in winter comfort."
  },
  {
    "user": {
      "screenName": "yihui_indie",
      "name": "熠辉 Indie",
      "profileImageUrl": "https://pbs.twimg.com/profile_images/1804848821702377472/fSfFlGTf_normal.jpg",
      "description": "小报童专栏作者(https://t.co/n3aQPcb9yX ) |   全职独立开发者 | NuxtBase作者 |  B站up主 | 分享创造 + 无限迭代ing",
      "followersCount": 22986,
      "friendsCount": 473,
      "location": "Hong Kong"
    },
    "images": [
      "https://pbs.twimg.com/media/GfyhITNboAA4z0G.jpg"
    ],
    "videos": [],
    "tweetUrl": "https://x.com/yihui_indie/status/1872549021627416964",
    "fullText": "✨记录一下第一次给大学开票的人生体验 https://t.co/J7uqBse8jg"
  },
  {
    "user": {
      "screenName": "yuyy614893671",
      "name": "金融汪",
      "profileImageUrl": "https://pbs.twimg.com/profile_images/1832901799470411776/mpHf_iT0_normal.jpg",
      "description": "金融市场老兵. Former Investment manager. 观察和理解这个世界每天在发生着什么，是我的兴趣也是工作。X上的内容只是分享，不是投资建议。\n油管频道：师姐说 https://t.co/41afFnOGrW",
      "followersCount": 42891,
      "friendsCount": 307,
      "location": ""
    },
    "images": [
      "https://pbs.twimg.com/media/GfyhMNQbwAATH5w.jpg"
    ],
    "videos": [],
    "tweetUrl": "https://x.com/yuyy614893671/status/1872548779024642400",
    "fullText": "麦肯锡2024H1B的工资水平\n亚特兰大的会计基本年薪8.69万美元\n分析师比会计高3万美元一年\n\n有美国人疑问难道这些岗位都招不到美国人吗？\n\n人类的悲喜并不相通，企业都是希望能够用更低的成本雇佣更优秀，更勤劳，还没有别的选择权的牛马们啊。 https://t.co/dTbf3GycZ3"
  },
  {
    "user": {
      "screenName": "yuyy614893671",
      "name": "金融汪",
      "profileImageUrl": "https://pbs.twimg.com/profile_images/1832901799470411776/mpHf_iT0_normal.jpg",
      "description": "金融市场老兵. Former Investment manager. 观察和理解这个世界每天在发生着什么，是我的兴趣也是工作。X上的内容只是分享，不是投资建议。\n油管频道：师姐说 https://t.co/41afFnOGrW",
      "followersCount": 42891,
      "friendsCount": 307,
      "location": ""
    },
    "images": [],
    "videos": [],
    "tweetUrl": "https://x.com/yuyy614893671/status/1872545858568462841",
    "fullText": "MAGA憎恨印度裔的原因：\n\nAlphabet Google 首席执行官🇮🇳\n微软首席执行官🇮🇳\nYouTube 首席执行官🇮🇳\n世界银行集团首席执行官🇮🇳\nIBM 首席执行官🇮🇳\nNetApp 首席执行官🇮🇳\nArista Networks 首席执行官🇮🇳\n诺华公司首席执行官🇮🇳\n美光科技首席执行官🇮🇳\nFlex 首席执行官🇮🇳\nWayfair 首席执行官🇮🇳\nOnlyFans"
  },
  {
    "user": {
      "screenName": "yuyy614893671",
      "name": "金融汪",
      "profileImageUrl": "https://pbs.twimg.com/profile_images/1832901799470411776/mpHf_iT0_normal.jpg",
      "description": "金融市场老兵. Former Investment manager. 观察和理解这个世界每天在发生着什么，是我的兴趣也是工作。X上的内容只是分享，不是投资建议。\n油管频道：师姐说 https://t.co/41afFnOGrW",
      "followersCount": 42890,
      "friendsCount": 307,
      "location": ""
    },
    "images": [
      "https://pbs.twimg.com/media/GfydOSbacAAERx3.jpg",
      "https://pbs.twimg.com/media/GfydOSdbIAAsIHB.jpg",
      "https://pbs.twimg.com/media/GfydOSibMAEIhf_.jpg",
      "https://pbs.twimg.com/media/GfydOSca0AAQPjr.jpg"
    ],
    "videos": [],
    "tweetUrl": "https://x.com/yuyy614893671/status/1872544422782726553",
    "fullText": "What we know about Elon Musk’s opinions on STEM talent in America. https://t.co/DYGDiqsQ68"
  },
  {
    "user": {
      "screenName": "MaimaiLee123",
      "name": "李麦麦",
      "profileImageUrl": "https://pbs.twimg.com/profile_images/1863951770080428032/5qM3fGRx_normal.jpg",
      "description": "人只有醒来才知道自己睡了一觉\n\n｜ INTJ ｜感谢follow ｜\n电报   https://t.co/qYINMLQgVt \n自留地  https://t.co/WQYgnkH9Ew",
      "followersCount": 7805,
      "friendsCount": 1083,
      "location": "IP属地:由于相关法律法规及政策,该地址不予显示"
    },
    "images": [
      "https://pbs.twimg.com/media/GfyaJ4-aUAANdNC.jpg"
    ],
    "videos": [],
    "tweetUrl": "https://x.com/MaimaiLee123/status/1872541958067073189",
    "fullText": "PE患者福音，让你重拾男性雄风。今天刷视频看到的，觉得大家可能用得上，就搬来给大家试试\n\n【长篇干货！医学牲的研究成果！提升战斗力最管用的脱敏训练思路和方法！】 https://t.co/1sODEOJ67v https://t.co/fttUmbnuzp"
  },
  {
    "user": {
      "screenName": "yuyy614893671",
      "name": "金融汪",
      "profileImageUrl": "https://pbs.twimg.com/profile_images/1832901799470411776/mpHf_iT0_normal.jpg",
      "description": "金融市场老兵. Former Investment manager. 观察和理解这个世界每天在发生着什么，是我的兴趣也是工作。X上的内容只是分享，不是投资建议。\n油管频道：师姐说 https://t.co/41afFnOGrW",
      "followersCount": 42884,
      "friendsCount": 307,
      "location": ""
    },
    "images": [
      "https://pbs.twimg.com/media/GfyZQAJboAEy8zh.jpg"
    ],
    "videos": [],
    "tweetUrl": "https://x.com/yuyy614893671/status/1872540047976943996",
    "fullText": "摩根大通的数据显示，今年迄今为止，散户们的投资收益仅为了9.8%\n\n与此同时，标准普尔 500 指数上涨 26.6%，是本世纪表现最好的年份之一\n\n散户的表现也是连续第四年落后于标准普尔 500 指数\n\n许多个人投资者在 8 月份的回调期间出售了表现最好的资产，其中包括 英伟达 $NVDA和特斯拉$TSLA https://t.co/qY5EaNI6LT"
  },
  {
    "user": {
      "screenName": "yuyy614893671",
      "name": "金融汪",
      "profileImageUrl": "https://pbs.twimg.com/profile_images/1832901799470411776/mpHf_iT0_normal.jpg",
      "description": "金融市场老兵. Former Investment manager. 观察和理解这个世界每天在发生着什么，是我的兴趣也是工作。X上的内容只是分享，不是投资建议。\n油管频道：师姐说 https://t.co/41afFnOGrW",
      "followersCount": 42883,
      "friendsCount": 307,
      "location": ""
    },
    "images": [],
    "videos": [],
    "tweetUrl": "https://x.com/yuyy614893671/status/1872533284477153598",
    "fullText": "MAGA has suddenly realized the Tech Bros are globalists."
  },
  {
    "user": {
      "screenName": "nishuang",
      "name": "倪爽",
      "profileImageUrl": "https://pbs.twimg.com/profile_images/1615204555/bg_green_300x300_normal.jpg",
      "description": "倪爽，设计顾问。 超过 20 年经验资深设计师，在美国运营 Honest Dot Design / 倪爽设计工作室，为中国及北美企业提供品牌设计、UX 设计两类设计咨询服务。",
      "followersCount": 99296,
      "friendsCount": 800,
      "location": "United States"
    },
    "images": [
      "https://pbs.twimg.com/media/GfyPSYBWAAAUGeu.jpg"
    ],
    "videos": [],
    "tweetUrl": "https://x.com/nishuang/status/1872529094698848460",
    "fullText": "新闻说美国 GEN-Z 不认识纸币，没收顾客的真美钞、非说是假币😂\n\n原因是电子支付越来越普及。另外接近 30% 的年轻人身上不带现金，说怕被偷🤨\n\n我每次去超市都看到人用纸币，老人较多\n\nGEN-Z 大致相当于 95 后、00 后 https://t.co/0J604nPfoc"
  },
  {
    "user": {
      "screenName": "CoinTracker",
      "name": "CoinTracker",
      "profileImageUrl": "https://pbs.twimg.com/profile_images/1750978642006654976/0DqdehOn_normal.png",
      "description": "Track your crypto portfolio and get optimized tax reports — all in one place. Built for web3, trusted by millions. Support: @cointracker_cs",
      "followersCount": 59448,
      "friendsCount": 402,
      "location": "Distributed 🌐"
    },
    "images": [],
    "videos": [],
    "tweetUrl": "https://x.com/CoinTracker/status/1872341616196719056",
    "fullText": "Heads up, crypto investors! The IRS is making BIG changes starting Jan 1, 2025, and if you don’t prep now, you could pay more in taxes or face penalties.\n\nHere’s what you need to do before the year-end to avoid penalties, save money, and stay ahead of the game. 🧵"
  },
  {
    "user": {
      "screenName": "NordaceOfficial",
      "name": "Nordace",
      "profileImageUrl": "https://pbs.twimg.com/profile_images/1103775502391697408/pwfE7uK7_normal.png",
      "description": "Whether you're hiking the Andes or exploring the streets of Rome, we have the best travel bags and accessories for any adventure. Always searching for adventure",
      "followersCount": 42516,
      "friendsCount": 0,
      "location": ""
    },
    "images": [],
    "videos": [],
    "tweetUrl": "https://x.com/NordaceOfficial/status/1872299736746918396",
    "fullText": "🎒 Boxing Day Backpack Sale! 🎒\nSave up to 70% on the ultimate travel backpack!\nPerfect for:\n• Organizing and storing everything you need\n• Comfort for long travel days\nShop today before it’s gone! 🕒"
  },
  {
    "user": {
      "screenName": "NordaceOfficial",
      "name": "Nordace",
      "profileImageUrl": "https://pbs.twimg.com/profile_images/1103775502391697408/pwfE7uK7_normal.png",
      "description": "Whether you're hiking the Andes or exploring the streets of Rome, we have the best travel bags and accessories for any adventure. Always searching for adventure",
      "followersCount": 42534,
      "friendsCount": 0,
      "location": ""
    },
    "images": [],
    "videos": [],
    "tweetUrl": "https://x.com/NordaceOfficial/status/1872299722242707788",
    "fullText": "🎒 Boxing Day Backpack Sale! 🎒\nSave up to 70% on the ultimate travel backpack!\nPerfect for:\n• Organizing and storing everything you need\n• Comfort for long travel days\nShop today before it’s gone! 🕒"
  },
  {
    "user": {
      "screenName": "NordaceOfficial",
      "name": "Nordace",
      "profileImageUrl": "https://pbs.twimg.com/profile_images/1103775502391697408/pwfE7uK7_normal.png",
      "description": "Whether you're hiking the Andes or exploring the streets of Rome, we have the best travel bags and accessories for any adventure. Always searching for adventure",
      "followersCount": 42515,
      "friendsCount": 0,
      "location": ""
    },
    "images": [],
    "videos": [],
    "tweetUrl": "https://x.com/NordaceOfficial/status/1872299717176213554",
    "fullText": "🎒 Boxing Day Backpack Sale! 🎒\nSave up to 70% on the ultimate travel backpack!\nPerfect for:\n• Organizing and storing everything you need\n• Comfort for long travel days\nShop today before it’s gone! 🕒"
  },
  {
    "user": {
      "screenName": "NordaceOfficial",
      "name": "Nordace",
      "profileImageUrl": "https://pbs.twimg.com/profile_images/1103775502391697408/pwfE7uK7_normal.png",
      "description": "Whether you're hiking the Andes or exploring the streets of Rome, we have the best travel bags and accessories for any adventure. Always searching for adventure",
      "followersCount": 42535,
      "friendsCount": 0,
      "location": ""
    },
    "images": [],
    "videos": [],
    "tweetUrl": "https://x.com/NordaceOfficial/status/1872299697529926137",
    "fullText": "🎒 Boxing Day Backpack Sale! 🎒\nSave up to 70% on the ultimate travel backpack!\nPerfect for:\n• Organizing and storing everything you need\n• Comfort for long travel days\nShop today before it’s gone! 🕒"
  },
  {
    "user": {
      "screenName": "NordaceOfficial",
      "name": "Nordace",
      "profileImageUrl": "https://pbs.twimg.com/profile_images/1103775502391697408/pwfE7uK7_normal.png",
      "description": "Whether you're hiking the Andes or exploring the streets of Rome, we have the best travel bags and accessories for any adventure. Always searching for adventure",
      "followersCount": 42534,
      "friendsCount": 0,
      "location": ""
    },
    "images": [],
    "videos": [],
    "tweetUrl": "https://x.com/NordaceOfficial/status/1872298741992247761",
    "fullText": "🎒 Boxing Day Backpack Blowout! 🎒\nSave up to 70% on the ultimate travel backpack!\nPerfect for:\n• Organizing and storing everything you need\n• Comfort for long travel days\nShop today before it’s gone! 🕒"
  },
  {
    "user": {
      "screenName": "NordaceOfficial",
      "name": "Nordace",
      "profileImageUrl": "https://pbs.twimg.com/profile_images/1103775502391697408/pwfE7uK7_normal.png",
      "description": "Whether you're hiking the Andes or exploring the streets of Rome, we have the best travel bags and accessories for any adventure. Always searching for adventure",
      "followersCount": 42516,
      "friendsCount": 0,
      "location": ""
    },
    "images": [],
    "videos": [],
    "tweetUrl": "https://x.com/NordaceOfficial/status/1872298730977898810",
    "fullText": "🎒 Boxing Day Backpack Blowout! 🎒\nSave up to 70% on the ultimate travel backpack!\nPerfect for:\n• Organizing and storing everything you need\n• Comfort for long travel days\nShop today before it’s gone! 🕒"
  },
  {
    "user": {
      "screenName": "NordaceOfficial",
      "name": "Nordace",
      "profileImageUrl": "https://pbs.twimg.com/profile_images/1103775502391697408/pwfE7uK7_normal.png",
      "description": "Whether you're hiking the Andes or exploring the streets of Rome, we have the best travel bags and accessories for any adventure. Always searching for adventure",
      "followersCount": 42516,
      "friendsCount": 0,
      "location": ""
    },
    "images": [],
    "videos": [],
    "tweetUrl": "https://x.com/NordaceOfficial/status/1872298716691898686",
    "fullText": "🎒 Boxing Day Backpack Blowout! 🎒\nSave up to 70% on the ultimate travel backpack!\nPerfect for:\n• Organizing and storing everything you need\n• Comfort for long travel days\nShop today before it’s gone! 🕒"
  },
  {
    "user": {
      "screenName": "NordaceOfficial",
      "name": "Nordace",
      "profileImageUrl": "https://pbs.twimg.com/profile_images/1103775502391697408/pwfE7uK7_normal.png",
      "description": "Whether you're hiking the Andes or exploring the streets of Rome, we have the best travel bags and accessories for any adventure. Always searching for adventure",
      "followersCount": 42516,
      "friendsCount": 0,
      "location": ""
    },
    "images": [],
    "videos": [],
    "tweetUrl": "https://x.com/NordaceOfficial/status/1872297225608446224",
    "fullText": "✨ Boxing Day Traveler's Sale! ✨\nUp to 70% OFF on backpacks made for your travels!\nIdeal for:\n• Keeping your travel essentials organized\n• Traveling in comfort all day long\nDon't wait—shop now! 🕒"
  },
  {
    "user": {
      "screenName": "NordaceOfficial",
      "name": "Nordace",
      "profileImageUrl": "https://pbs.twimg.com/profile_images/1103775502391697408/pwfE7uK7_normal.png",
      "description": "Whether you're hiking the Andes or exploring the streets of Rome, we have the best travel bags and accessories for any adventure. Always searching for adventure",
      "followersCount": 42515,
      "friendsCount": 0,
      "location": ""
    },
    "images": [],
    "videos": [],
    "tweetUrl": "https://x.com/NordaceOfficial/status/1872297179727147065",
    "fullText": "✨ Boxing Day Traveler's Sale! ✨\nUp to 70% OFF on backpacks made for your travels!\nIdeal for:\n• Keeping your travel essentials organized\n• Traveling in comfort all day long\nDon't wait—shop now! 🕒"
  },
  {
    "user": {
      "screenName": "NordaceOfficial",
      "name": "Nordace",
      "profileImageUrl": "https://pbs.twimg.com/profile_images/1103775502391697408/pwfE7uK7_normal.png",
      "description": "Whether you're hiking the Andes or exploring the streets of Rome, we have the best travel bags and accessories for any adventure. Always searching for adventure",
      "followersCount": 42532,
      "friendsCount": 0,
      "location": ""
    },
    "images": [],
    "videos": [],
    "tweetUrl": "https://x.com/NordaceOfficial/status/1872296504779759670",
    "fullText": "🧳 Boxing Week Travel Gear Sale! 🧳\nGet up to 70% OFF on the best travel backpacks!\nPerfect for your next getaway with:\n• Efficient organization for all your gear\n• Ultimate comfort on the go\nGrab yours now before it’s gone! 🕒"
  },
  {
    "user": {
      "screenName": "NordaceOfficial",
      "name": "Nordace",
      "profileImageUrl": "https://pbs.twimg.com/profile_images/1103775502391697408/pwfE7uK7_normal.png",
      "description": "Whether you're hiking the Andes or exploring the streets of Rome, we have the best travel bags and accessories for any adventure. Always searching for adventure",
      "followersCount": 42534,
      "friendsCount": 0,
      "location": ""
    },
    "images": [],
    "videos": [],
    "tweetUrl": "https://x.com/NordaceOfficial/status/1872295173323186631",
    "fullText": "🧳 Boxing Week Travel Gear Sale! 🧳\nGet up to 70% OFF on the best travel backpacks!\nPerfect for your next getaway with:\n• Efficient organization for all your gear\n• Ultimate comfort on the go\nGrab yours now before it’s gone! 🕒"
  },
  {
    "user": {
      "screenName": "NordaceOfficial",
      "name": "Nordace",
      "profileImageUrl": "https://pbs.twimg.com/profile_images/1103775502391697408/pwfE7uK7_normal.png",
      "description": "Whether you're hiking the Andes or exploring the streets of Rome, we have the best travel bags and accessories for any adventure. Always searching for adventure",
      "followersCount": 42534,
      "friendsCount": 0,
      "location": ""
    },
    "images": [],
    "videos": [],
    "tweetUrl": "https://x.com/NordaceOfficial/status/1872295169531457558",
    "fullText": "🧳 Boxing Week Travel Gear Sale! 🧳\nGet up to 70% OFF on the best travel backpacks!\nPerfect for your next getaway with:\n• Efficient organization for all your gear\n• Ultimate comfort on the go\nGrab yours now before it’s gone! 🕒"
  },
  {
    "user": {
      "screenName": "NordaceOfficial",
      "name": "Nordace",
      "profileImageUrl": "https://pbs.twimg.com/profile_images/1103775502391697408/pwfE7uK7_normal.png",
      "description": "Whether you're hiking the Andes or exploring the streets of Rome, we have the best travel bags and accessories for any adventure. Always searching for adventure",
      "followersCount": 42519,
      "friendsCount": 0,
      "location": ""
    },
    "images": [],
    "videos": [],
    "tweetUrl": "https://x.com/NordaceOfficial/status/1872295140242739667",
    "fullText": "🧳 Boxing Week Travel Gear Sale! 🧳\nGet up to 70% OFF on the best travel backpacks!\nPerfect for your next getaway with:\n• Efficient organization for all your gear\n• Ultimate comfort on the go\nGrab yours now before it’s gone! 🕒"
  },
  {
    "user": {
      "screenName": "NordaceOfficial",
      "name": "Nordace",
      "profileImageUrl": "https://pbs.twimg.com/profile_images/1103775502391697408/pwfE7uK7_normal.png",
      "description": "Whether you're hiking the Andes or exploring the streets of Rome, we have the best travel bags and accessories for any adventure. Always searching for adventure",
      "followersCount": 42516,
      "friendsCount": 0,
      "location": ""
    },
    "images": [],
    "videos": [],
    "tweetUrl": "https://x.com/NordaceOfficial/status/1872294376787022200",
    "fullText": "🌍 Boxing Week Travel Deals! 🌍\nUp to 70% OFF on backpacks designed for travelers!\nPerfect for:\n• Organizing your travel essentials\n• Comfort that lasts all day\nShop now and save big! 🕒"
  },
  {
    "user": {
      "screenName": "NordaceOfficial",
      "name": "Nordace",
      "profileImageUrl": "https://pbs.twimg.com/profile_images/1103775502391697408/pwfE7uK7_normal.png",
      "description": "Whether you're hiking the Andes or exploring the streets of Rome, we have the best travel bags and accessories for any adventure. Always searching for adventure",
      "followersCount": 42514,
      "friendsCount": 0,
      "location": ""
    },
    "images": [],
    "videos": [],
    "tweetUrl": "https://x.com/NordaceOfficial/status/1872294356532785258",
    "fullText": "🌍 Boxing Week Travel Deals! 🌍\nUp to 70% OFF on backpacks designed for travelers!\nPerfect for:\n• Organizing your travel essentials\n• Comfort that lasts all day\nShop now and save big! 🕒"
  },
  {
    "user": {
      "screenName": "NordaceOfficial",
      "name": "Nordace",
      "profileImageUrl": "https://pbs.twimg.com/profile_images/1103775502391697408/pwfE7uK7_normal.png",
      "description": "Whether you're hiking the Andes or exploring the streets of Rome, we have the best travel bags and accessories for any adventure. Always searching for adventure",
      "followersCount": 42536,
      "friendsCount": 0,
      "location": ""
    },
    "images": [],
    "videos": [],
    "tweetUrl": "https://x.com/NordaceOfficial/status/1872294353257058719",
    "fullText": "🌍 Boxing Week Travel Deals! 🌍\nUp to 70% OFF on backpacks designed for travelers!\nPerfect for:\n• Organizing your travel essentials\n• Comfort that lasts all day\nShop now and save big! 🕒"
  },
  {
    "user": {
      "screenName": "NordaceOfficial",
      "name": "Nordace",
      "profileImageUrl": "https://pbs.twimg.com/profile_images/1103775502391697408/pwfE7uK7_normal.png",
      "description": "Whether you're hiking the Andes or exploring the streets of Rome, we have the best travel bags and accessories for any adventure. Always searching for adventure",
      "followersCount": 42516,
      "friendsCount": 0,
      "location": ""
    },
    "images": [],
    "videos": [],
    "tweetUrl": "https://x.com/NordaceOfficial/status/1872293453826244821",
    "fullText": "✈️ Boxing Week Travel Sale! ✈️\nSave up to 70% on the perfect backpack for your next adventure!\nFeatures include:\n• Plenty of space and organized pockets\n• All-day comfort for long trips\nHurry, limited time only! 🕒"
  },
  {
    "user": {
      "screenName": "NordaceOfficial",
      "name": "Nordace",
      "profileImageUrl": "https://pbs.twimg.com/profile_images/1103775502391697408/pwfE7uK7_normal.png",
      "description": "Whether you're hiking the Andes or exploring the streets of Rome, we have the best travel bags and accessories for any adventure. Always searching for adventure",
      "followersCount": 42515,
      "friendsCount": 0,
      "location": ""
    },
    "images": [],
    "videos": [],
    "tweetUrl": "https://x.com/NordaceOfficial/status/1872293450500198837",
    "fullText": "✈️ Boxing Week Travel Sale! ✈️\nSave up to 70% on the perfect backpack for your next adventure!\nFeatures include:\n• Plenty of space and organized pockets\n• All-day comfort for long trips\nHurry, limited time only! 🕒"
  },
  {
    "user": {
      "screenName": "NordaceOfficial",
      "name": "Nordace",
      "profileImageUrl": "https://pbs.twimg.com/profile_images/1103775502391697408/pwfE7uK7_normal.png",
      "description": "Whether you're hiking the Andes or exploring the streets of Rome, we have the best travel bags and accessories for any adventure. Always searching for adventure",
      "followersCount": 42534,
      "friendsCount": 0,
      "location": ""
    },
    "images": [],
    "videos": [],
    "tweetUrl": "https://x.com/NordaceOfficial/status/1872293420422865333",
    "fullText": "✈️ Boxing Week Travel Sale! ✈️\nSave up to 70% on the perfect backpack for your next adventure!\nFeatures include:\n• Plenty of space and organized pockets\n• All-day comfort for long trips\nHurry, limited time only! 🕒"
  },
  {
    "user": {
      "screenName": "NordaceOfficial",
      "name": "Nordace",
      "profileImageUrl": "https://pbs.twimg.com/profile_images/1103775502391697408/pwfE7uK7_normal.png",
      "description": "Whether you're hiking the Andes or exploring the streets of Rome, we have the best travel bags and accessories for any adventure. Always searching for adventure",
      "followersCount": 42521,
      "friendsCount": 0,
      "location": ""
    },
    "images": [],
    "videos": [],
    "tweetUrl": "https://x.com/NordaceOfficial/status/1872293415632969908",
    "fullText": "✈️ Boxing Week Travel Sale! ✈️\nSave up to 70% on the perfect backpack for your next adventure!\nFeatures include:\n• Plenty of space and organized pockets\n• All-day comfort for long trips\nHurry, limited time only! 🕒"
  },
  {
    "user": {
      "screenName": "NordaceOfficial",
      "name": "Nordace",
      "profileImageUrl": "https://pbs.twimg.com/profile_images/1103775502391697408/pwfE7uK7_normal.png",
      "description": "Whether you're hiking the Andes or exploring the streets of Rome, we have the best travel bags and accessories for any adventure. Always searching for adventure",
      "followersCount": 42519,
      "friendsCount": 0,
      "location": ""
    },
    "images": [],
    "videos": [],
    "tweetUrl": "https://x.com/NordaceOfficial/status/1872293403410502124",
    "fullText": "✈️ Boxing Week Travel Sale! ✈️\nSave up to 70% on the perfect backpack for your next adventure!\nFeatures include:\n• Plenty of space and organized pockets\n• All-day comfort for long trips\nHurry, limited time only! 🕒"
  },
  {
    "user": {
      "screenName": "NordaceOfficial",
      "name": "Nordace",
      "profileImageUrl": "https://pbs.twimg.com/profile_images/1103775502391697408/pwfE7uK7_normal.png",
      "description": "Whether you're hiking the Andes or exploring the streets of Rome, we have the best travel bags and accessories for any adventure. Always searching for adventure",
      "followersCount": 42534,
      "friendsCount": 0,
      "location": ""
    },
    "images": [],
    "videos": [],
    "tweetUrl": "https://x.com/NordaceOfficial/status/1872282962701775021",
    "fullText": "🚨Maximize Your Travel with This Smart Tote!\nhttps://t.co/RrDfNaQJaS"
  },
  {
    "user": {
      "screenName": "NordaceOfficial",
      "name": "Nordace",
      "profileImageUrl": "https://pbs.twimg.com/profile_images/1103775502391697408/pwfE7uK7_normal.png",
      "description": "Whether you're hiking the Andes or exploring the streets of Rome, we have the best travel bags and accessories for any adventure. Always searching for adventure",
      "followersCount": 42519,
      "friendsCount": 0,
      "location": ""
    },
    "images": [],
    "videos": [],
    "tweetUrl": "https://x.com/NordaceOfficial/status/1872282962638852566",
    "fullText": "🚨Maximize Your Travel with This Smart Tote!\nhttps://t.co/RrDfNaQJaS"
  },
  {
    "user": {
      "screenName": "NordaceOfficial",
      "name": "Nordace",
      "profileImageUrl": "https://pbs.twimg.com/profile_images/1103775502391697408/pwfE7uK7_normal.png",
      "description": "Whether you're hiking the Andes or exploring the streets of Rome, we have the best travel bags and accessories for any adventure. Always searching for adventure",
      "followersCount": 42532,
      "friendsCount": 0,
      "location": ""
    },
    "images": [],
    "videos": [],
    "tweetUrl": "https://x.com/NordaceOfficial/status/1872282962542424366",
    "fullText": "🚨Maximize Your Travel with This Smart Tote!\nhttps://t.co/RrDfNaQJaS"
  },
  {
    "user": {
      "screenName": "canlesofficial",
      "name": "Canles",
      "profileImageUrl": "https://pbs.twimg.com/profile_images/1666678663084150784/41oyvaiH_normal.jpg",
      "description": "👣 Engineered for walking | 👟 Comfy & versatile footwear for life's adventures | 🌿 Breathable, lightweight designs",
      "followersCount": 10604,
      "friendsCount": 1,
      "location": "Vancouver, Canada"
    },
    "images": [],
    "videos": [],
    "tweetUrl": "https://x.com/canlesofficial/status/1872211596308861177",
    "fullText": "Say Goodbye to Squeezed Toes! 🥾\n\nFinally, winter boots that truly fit! Designed with a wide toe box, our AlpineBare boots give your feet the space they deserve—no pinching, no discomfort. Plus, they’re waterproof, slip-resistant, and perfect for staying active all season long."
  },
  {
    "user": {
      "screenName": "canlesofficial",
      "name": "Canles",
      "profileImageUrl": "https://pbs.twimg.com/profile_images/1666678663084150784/41oyvaiH_normal.jpg",
      "description": "👣 Engineered for walking | 👟 Comfy & versatile footwear for life's adventures | 🌿 Breathable, lightweight designs",
      "followersCount": 10590,
      "friendsCount": 1,
      "location": "Vancouver, Canada"
    },
    "images": [],
    "videos": [],
    "tweetUrl": "https://x.com/canlesofficial/status/1872211578894061749",
    "fullText": "Say Goodbye to Squeezed Toes! 🥾\n\nFinally, winter boots that truly fit! Designed with a wide toe box, our AlpineBare boots give your feet the space they deserve—no pinching, no discomfort. Plus, they’re waterproof, slip-resistant, and perfect for staying active all season long."
  },
  {
    "user": {
      "screenName": "canlesofficial",
      "name": "Canles",
      "profileImageUrl": "https://pbs.twimg.com/profile_images/1666678663084150784/41oyvaiH_normal.jpg",
      "description": "👣 Engineered for walking | 👟 Comfy & versatile footwear for life's adventures | 🌿 Breathable, lightweight designs",
      "followersCount": 10593,
      "friendsCount": 1,
      "location": "Vancouver, Canada"
    },
    "images": [],
    "videos": [],
    "tweetUrl": "https://x.com/canlesofficial/status/1872211566147280903",
    "fullText": "Say Goodbye to Squeezed Toes! 🥾\n\nFinally, winter boots that truly fit! Designed with a wide toe box, our AlpineBare boots give your feet the space they deserve—no pinching, no discomfort. Plus, they’re waterproof, slip-resistant, and perfect for staying active all season long."
  },
  {
    "user": {
      "screenName": "canlesofficial",
      "name": "Canles",
      "profileImageUrl": "https://pbs.twimg.com/profile_images/1666678663084150784/41oyvaiH_normal.jpg",
      "description": "👣 Engineered for walking | 👟 Comfy & versatile footwear for life's adventures | 🌿 Breathable, lightweight designs",
      "followersCount": 10587,
      "friendsCount": 1,
      "location": "Vancouver, Canada"
    },
    "images": [],
    "videos": [],
    "tweetUrl": "https://x.com/canlesofficial/status/1872131233737826687",
    "fullText": "Tired of shivering through the winter? Our revolutionary winter boots are here to save the day! Designed to keep your feet toasty warm, dry, and protected, no matter how harsh the weather. Experience the ultimate in winter comfort."
  },
  {
    "user": {
      "screenName": "canlesofficial",
      "name": "Canles",
      "profileImageUrl": "https://pbs.twimg.com/profile_images/1666678663084150784/41oyvaiH_normal.jpg",
      "description": "👣 Engineered for walking | 👟 Comfy & versatile footwear for life's adventures | 🌿 Breathable, lightweight designs",
      "followersCount": 10589,
      "friendsCount": 1,
      "location": "Vancouver, Canada"
    },
    "images": [],
    "videos": [],
    "tweetUrl": "https://x.com/canlesofficial/status/1872131219003248842",
    "fullText": "Tired of shivering through the winter? Our revolutionary winter boots are here to save the day! Designed to keep your feet toasty warm, dry, and protected, no matter how harsh the weather. Experience the ultimate in winter comfort."
  },
  {
    "user": {
      "screenName": "kumoko_laby_en",
      "name": "So I'm a Spider, So What? Ruler of the Labyrinth",
      "profileImageUrl": "https://pbs.twimg.com/profile_images/1805421500641820672/ZUBAgnhP_normal.jpg",
      "description": "Kumoko's coming back. 🕷🕸️\nA dungeon RPG based on the anime \"So I'm a Spider, So What?\"!\nDiscord：https://t.co/xjaSarTarG\n#SpiderRotL #SoImASpider",
      "followersCount": 3467,
      "friendsCount": 5,
      "location": ""
    },
    "images": [],
    "videos": [],
    "tweetUrl": "https://x.com/kumoko_laby_en/status/1872088631709769862",
    "fullText": "培育蜘蛛子來殺時間吧\n\n等級提升太神啦"
  },
  {
    "user": {
      "screenName": "kumoko_laby_en",
      "name": "So I'm a Spider, So What? Ruler of the Labyrinth",
      "profileImageUrl": "https://pbs.twimg.com/profile_images/1805421500641820672/ZUBAgnhP_normal.jpg",
      "description": "Kumoko's coming back. 🕷🕸️\nA dungeon RPG based on the anime \"So I'm a Spider, So What?\"!\nDiscord：https://t.co/xjaSarTarG\n#SpiderRotL #SoImASpider",
      "followersCount": 3473,
      "friendsCount": 5,
      "location": ""
    },
    "images": [],
    "videos": [],
    "tweetUrl": "https://x.com/kumoko_laby_en/status/1872088620691300394",
    "fullText": "培育蜘蛛子來殺時間吧\n\n等級提升太神啦"
  }
]