[
  {
    "user": {
      "screenName": "middlefeng",
      "name": "FENG DONG",
      "profileImageUrl": "https://pbs.twimg.com/profile_images/2169091824/Nuclear_normal.png",
      "description": "Author of Nuo Model Viewer. Programming C++, Lua, DirectX, Windows, iOS, macOS, Metal. Linux kernel fan (once). Atheism leads to singularity and God save us.",
      "followersCount": 6165,
      "friendsCount": 719,
      "location": "San Jose, CA"
    },
    "images": [],
    "videos": [],
    "tweetUrl": "https://x.com/middlefeng/status/1869156966041592304",
    "fullText": "有两三年没关注 graphics 了，原来 Intel 出显卡有一年多了。"
  },
  {
    "user": {
      "screenName": "nishuang",
      "name": "倪爽",
      "profileImageUrl": "https://pbs.twimg.com/profile_images/1615204555/bg_green_300x300_normal.jpg",
      "description": "倪爽，设计顾问。 超过 20 年经验资深设计师，在美国运营 Honest Dot Design / 倪爽设计工作室，为中国及北美企业提供品牌设计、UX 设计两类设计咨询服务。",
      "followersCount": 98992,
      "friendsCount": 800,
      "location": "United States"
    },
    "images": [
      "https://pbs.twimg.com/media/GfCT7ekXcAA5vp6.jpg"
    ],
    "videos": [],
    "tweetUrl": "https://x.com/nishuang/status/1869156711174656416",
    "fullText": "纽约将于 1 月 5 日开始收取交通拥堵费\n\n曼哈顿 60 街以南为拥堵区，一般汽车交 9 美元拥堵费，以后逐年提价\n\n最惨的是餐饮行业，因为送货的大卡车要交 21.6 美元拥堵费，餐馆、食肆得涨价，把费用转嫁给消费者\n\n这个计划推动了十几年，现在着急赶在 Trump 上任前实施 https://t.co/5MvUp5SoMt"
  },
  {
    "user": {
      "screenName": "yuyy614893671",
      "name": "金融汪",
      "profileImageUrl": "https://pbs.twimg.com/profile_images/1832901799470411776/mpHf_iT0_normal.jpg",
      "description": "金融市场老兵. Former Investment manager. 观察和理解这个世界每天在发生着什么，是我的兴趣也是工作。X上的内容只是分享，不是投资建议。\n油管频道：师姐说 https://t.co/41afFnOGrW",
      "followersCount": 40013,
      "friendsCount": 305,
      "location": ""
    },
    "images": [],
    "videos": [],
    "tweetUrl": "https://x.com/yuyy614893671/status/1869154263886451099",
    "fullText": "本田和日产将开始就可能的合并进行谈判\n据日本《日经新闻》周二报道，本田汽车公司与日产汽车公司正准备就可能的合并展开谈判，合并最终可能扩大到三菱汽车公司。\n\n该并购交易将日本汽车业整合为两个阵营，他们在日本的对手是丰田，而全球的对手则是特斯拉和中国竞争。\n\nhttps://t.co/Bs00xKQiSX"
  },
  {
    "user": {
      "screenName": "yuyy614893671",
      "name": "金融汪",
      "profileImageUrl": "https://pbs.twimg.com/profile_images/1832901799470411776/mpHf_iT0_normal.jpg",
      "description": "金融市场老兵. Former Investment manager. 观察和理解这个世界每天在发生着什么，是我的兴趣也是工作。X上的内容只是分享，不是投资建议。\n油管频道：师姐说 https://t.co/41afFnOGrW",
      "followersCount": 40013,
      "friendsCount": 305,
      "location": ""
    },
    "images": [],
    "videos": [],
    "tweetUrl": "https://x.com/yuyy614893671/status/1869153347368112179",
    "fullText": "https://t.co/RmaTssA2QV"
  },
  {
    "user": {
      "screenName": "nishuang",
      "name": "倪爽",
      "profileImageUrl": "https://pbs.twimg.com/profile_images/1615204555/bg_green_300x300_normal.jpg",
      "description": "倪爽，设计顾问。 超过 20 年经验资深设计师，在美国运营 Honest Dot Design / 倪爽设计工作室，为中国及北美企业提供品牌设计、UX 设计两类设计咨询服务。",
      "followersCount": 98992,
      "friendsCount": 800,
      "location": "United States"
    },
    "images": [],
    "videos": [
      "https://video.twimg.com/ext_tw_video/1869152645941809152/pu/vid/avc1/1280x720/ybLTQ-OtdsGpvD07.mp4?tag=12"
    ],
    "tweetUrl": "https://x.com/nishuang/status/1869152820810883160",
    "fullText": "深圳金融科技研究院大楼\n\n设计公司是 Zaha Hadid Architects\n\n#设计参考 https://t.co/7atEOLEfq8"
  },
  {
    "user": {
      "screenName": "yihong0618",
      "name": "yihong0618",
      "profileImageUrl": "https://pbs.twimg.com/profile_images/1209446924006223872/wSIVSKnh_normal.jpg",
      "description": "喜欢王小波，大概我们能成为朋友。 我的 2024 https://t.co/HfDF6oduB7 我的 2023 https://t.co/QyV8PiZmOY 我的2022 https://t.co/NLYTn7xtta 我的 2021 我的 2020",
      "followersCount": 70362,
      "friendsCount": 3282,
      "location": ""
    },
    "images": [
      "https://pbs.twimg.com/media/GfCL5PUbcAAmV3_.jpg",
      "https://pbs.twimg.com/media/GfCL5PtaIAAq8eG.jpg"
    ],
    "videos": [],
    "tweetUrl": "https://x.com/yihong0618/status/1869147679693107493",
    "fullText": "#今天的跑步电台 https://t.co/IXjmqxBWos"
  },
  {
    "user": {
      "screenName": "middlefeng",
      "name": "FENG DONG",
      "profileImageUrl": "https://pbs.twimg.com/profile_images/2169091824/Nuclear_normal.png",
      "description": "Author of Nuo Model Viewer. Programming C++, Lua, DirectX, Windows, iOS, macOS, Metal. Linux kernel fan (once). Atheism leads to singularity and God save us.",
      "followersCount": 6165,
      "friendsCount": 719,
      "location": "San Jose, CA"
    },
    "images": [],
    "videos": [],
    "tweetUrl": "https://x.com/middlefeng/status/1869098547599311359",
    "fullText": "昨天被一个 tricky 的问题耗费了两个小时。如果 b 是一个 struct，在 C/C++ 里\n\na.b.i = 1; // 可以改变 a.b.i 的值\n\n在 Objective-C++ 里\n\na.b.i = 1; // 不一定改变 a.b.i 的值"
  },
  {
    "user": {
      "screenName": "goocarlos",
      "name": "Luyu Zhang",
      "profileImageUrl": "https://pbs.twimg.com/profile_images/1770805803932364800/yJnlxO2f_normal.jpg",
      "description": "CEO&Founder of @dify_ai",
      "followersCount": 16575,
      "friendsCount": 759,
      "location": "Mountain View, CA"
    },
    "images": [
      "https://pbs.twimg.com/media/GfBW5kvbwAAqtwm.jpg"
    ],
    "videos": [],
    "tweetUrl": "https://x.com/goocarlos/status/1869089407602667875",
    "fullText": "圣诞季的湾区好冷清。连 IN N OUT 都不用排队了。 https://t.co/YE6mEpPxmg"
  },
  {
    "user": {
      "screenName": "dotey",
      "name": "宝玉",
      "profileImageUrl": "https://pbs.twimg.com/profile_images/561086911561736192/6_g58vEs_normal.jpeg",
      "description": "Prompt Engineer, dedicated to learning and disseminating knowledge about AI, software engineering, and engineering management.",
      "followersCount": 98183,
      "friendsCount": 1232,
      "location": "Chicago, IL"
    },
    "images": [],
    "videos": [
      "https://video.twimg.com/ext_tw_video/1869087126295343104/pu/vid/avc1/854x480/gjOnxD6KFzMdMkR_.mp4?tag=12"
    ],
    "tweetUrl": "https://x.com/dotey/status/1869087190447280303",
    "fullText": "看看 Sora 眼中的西施长什么样\n\nPrompt\n我穿越到中国的古代，遇到了古代传说中倾国倾城倾国的西施，对她一见钟情\n\nActions\n00:00 https://t.co/Kr7xDLysrg"
  },
  {
    "user": {
      "screenName": "OpenAI",
      "name": "OpenAI",
      "profileImageUrl": "https://pbs.twimg.com/profile_images/1634058036934500352/b4F1eVpJ_normal.jpg",
      "description": "OpenAI’s mission is to ensure that artificial general intelligence benefits all of humanity. We’re hiring: https://t.co/dJGr6LgzPA",
      "followersCount": 3801287,
      "friendsCount": 3,
      "location": ""
    },
    "images": [],
    "videos": [],
    "tweetUrl": "https://x.com/OpenAI/status/1869078415208485327",
    "fullText": "Day 9: DevDay Holiday Edition\n\nhttps://t.co/ePGyHBIoG7"
  },
  {
    "user": {
      "screenName": "ovst36099",
      "name": "兔子",
      "profileImageUrl": "https://pbs.twimg.com/profile_images/1811330028954923008/EcwM3vmh_normal.jpg",
      "description": "被知产耽误的新手程\n\n我的服务：\n1. ChatGPT直连站（免费长期试用）：https://t.co/jCiDSGbaon\n2. API转发站（送 0.4 美金）：https://t.co/drXlNAoFMJ\n3. mj绘画站（送 5 积分）：https://t.co/H6rHEiFR5X",
      "followersCount": 1567,
      "friendsCount": 180,
      "location": "NewYork"
    },
    "images": [
      "https://pbs.twimg.com/media/GfBGrvAagAAkueo.png",
      "https://pbs.twimg.com/media/GfBGs4EbMAAnslG.png"
    ],
    "videos": [],
    "tweetUrl": "https://x.com/ovst36099/status/1869072370314690808",
    "fullText": "兔子（https://t.co/5rDx3vAiUX）更新适配了官网新的画布（canvas）\n\n在py代码下支持在线运行debug，但这个在线运行不支持在控制台输入，感觉一下子局限了很多。\n\n图1：随机题库生成与评分（因I/O报错）\n图2：随机动图图案生成（成功） https://t.co/6VdoeHMwZb"
  },
  {
    "user": {
      "screenName": "yuyy614893671",
      "name": "金融汪",
      "profileImageUrl": "https://pbs.twimg.com/profile_images/1832901799470411776/mpHf_iT0_normal.jpg",
      "description": "金融市场老兵. Former Investment manager. 观察和理解这个世界每天在发生着什么，是我的兴趣也是工作。X上的内容只是分享，不是投资建议。\n油管频道：师姐说 https://t.co/41afFnOGrW",
      "followersCount": 40013,
      "friendsCount": 305,
      "location": ""
    },
    "images": [
      "https://pbs.twimg.com/media/GfBFYW-W0AAKwFD.jpg",
      "https://pbs.twimg.com/media/GfBFYW9WgAAbjUE.jpg"
    ],
    "videos": [],
    "tweetUrl": "https://x.com/yuyy614893671/status/1869070136730415368",
    "fullText": "【投资备忘录】【美国宏观】\n美国零售再次走强，11月份单月上涨0.7%，汽车购买带动了零售上涨\n\n另外11月份工业产能下降 https://t.co/GmFBLsy7n3"
  },
  {
    "user": {
      "screenName": "Live",
      "name": "Live",
      "profileImageUrl": "https://pbs.twimg.com/profile_images/1683503309557039104/3a42l1XB_normal.jpg",
      "description": "",
      "followersCount": 9010793,
      "friendsCount": 48,
      "location": ""
    },
    "images": [],
    "videos": [],
    "tweetUrl": "https://x.com/Live/status/1869066610239012877",
    "fullText": "https://t.co/NNLTU1UiM1"
  },
  {
    "user": {
      "screenName": "dotey",
      "name": "宝玉",
      "profileImageUrl": "https://pbs.twimg.com/profile_images/561086911561736192/6_g58vEs_normal.jpeg",
      "description": "Prompt Engineer, dedicated to learning and disseminating knowledge about AI, software engineering, and engineering management.",
      "followersCount": 98183,
      "friendsCount": 1232,
      "location": "Chicago, IL"
    },
    "images": [
      "https://pbs.twimg.com/media/GfA9mO0WIAAsqYK.jpg",
      "https://pbs.twimg.com/media/GfA-NJ7WwAAu86q.png"
    ],
    "videos": [],
    "tweetUrl": "https://x.com/dotey/status/1869062315867582968",
    "fullText": "昨天改了一段 AI 生成的 React 代码，结果怎么也不起作用，自己看了一会没发现问题，把代码发给 o1 描述清楚问题让 o1 帮我 debug，这次没有偷懒，思考了 30 多秒，很快帮我定位到了问题所在，确实太过隐蔽不太容易发现，帮我节约了不少时间！ https://t.co/ozm7RpQiC9"
  },
  {
    "user": {
      "screenName": "dotey",
      "name": "宝玉",
      "profileImageUrl": "https://pbs.twimg.com/profile_images/561086911561736192/6_g58vEs_normal.jpeg",
      "description": "Prompt Engineer, dedicated to learning and disseminating knowledge about AI, software engineering, and engineering management.",
      "followersCount": 98183,
      "friendsCount": 1232,
      "location": "Chicago, IL"
    },
    "images": [],
    "videos": [],
    "tweetUrl": "https://x.com/dotey/status/1869059826795577351",
    "fullText": "昨天用 o1 帮我 debug 一段代码，反复试了几次都没成，今天换了个思路，把输入和输出告诉 o1，让它帮我实现一段新的代码，它生成的比我原来的代码简洁多了，最重要的是一次运行通过。之前由于我给的代码太多或者信息不充分反而干扰了它的输出，有时候给它更少更准确的信息让它自己发挥，可能结果更好"
  },
  {
    "user": {
      "screenName": "manateelazycat",
      "name": "Andy Stewart",
      "profileImageUrl": "https://pbs.twimg.com/profile_images/768239262/HaskellIcon_normal.jpg",
      "description": "Linux, Emacs开源社区从业二十余载\n懒猫微服CEO， 不端不装， 仗剑走天涯\n客官喜欢， 欢迎买我家的懒猫微服 https://t.co/KVqgWHE3yR\n京东旗舰店： https://t.co/6l2E0fkB8H",
      "followersCount": 17173,
      "friendsCount": 92,
      "location": "China"
    },
    "images": [],
    "videos": [],
    "tweetUrl": "https://x.com/manateelazycat/status/1869057955959877894",
    "fullText": "《技术男横评手机》\n\n工程师视角的各种手机优缺点， 最后居然选择了\n\nhttps://t.co/iJ6lkL1RpB"
  },
  {
    "user": {
      "screenName": "yuyy614893671",
      "name": "金融汪",
      "profileImageUrl": "https://pbs.twimg.com/profile_images/1832901799470411776/mpHf_iT0_normal.jpg",
      "description": "金融市场老兵. Former Investment manager. 观察和理解这个世界每天在发生着什么，是我的兴趣也是工作。X上的内容只是分享，不是投资建议。\n油管频道：师姐说 https://t.co/41afFnOGrW",
      "followersCount": 40013,
      "friendsCount": 305,
      "location": ""
    },
    "images": [],
    "videos": [],
    "tweetUrl": "https://x.com/yuyy614893671/status/1869057602602348968",
    "fullText": "【俄罗斯基准利率将超过23%】\n\n为抑制物价上涨，市场预计俄罗斯央行本周五将再次大幅度加息。"
  },
  {
    "user": {
      "screenName": "nishuang",
      "name": "倪爽",
      "profileImageUrl": "https://pbs.twimg.com/profile_images/1615204555/bg_green_300x300_normal.jpg",
      "description": "倪爽，设计顾问。 超过 20 年经验资深设计师，在美国运营 Honest Dot Design / 倪爽设计工作室，为中国及北美企业提供品牌设计、UX 设计两类设计咨询服务。",
      "followersCount": 98992,
      "friendsCount": 800,
      "location": "United States"
    },
    "images": [
      "https://pbs.twimg.com/media/GfA0Su5XEAArNEL.jpg",
      "https://pbs.twimg.com/media/GfA0Su3XQAAhMbU.jpg",
      "https://pbs.twimg.com/media/GfA0udHWMAAleDn.jpg",
      "https://pbs.twimg.com/media/GfA0wYXWMAA-_Gn.jpg"
    ],
    "videos": [],
    "tweetUrl": "https://x.com/nishuang/status/1869054523022676157",
    "fullText": "人高马大的美国人，忽然爱上了超小的日本 Kei Truck / 轻自动车\n\n除了便宜、有趣，它们属于生产日期超过 25 年的“古董车”，所以能绕过现行安全、排放标准…在神经比较正常的州，它们能正常上路\n\n车主还发现这个小车的确能拉货，虽然发动机只有 0.6 升😆 https://t.co/OPdNFmWzJI"
  },
  {
    "user": {
      "screenName": "middlefeng",
      "name": "FENG DONG",
      "profileImageUrl": "https://pbs.twimg.com/profile_images/2169091824/Nuclear_normal.png",
      "description": "Author of Nuo Model Viewer. Programming C++, Lua, DirectX, Windows, iOS, macOS, Metal. Linux kernel fan (once). Atheism leads to singularity and God save us.",
      "followersCount": 6165,
      "friendsCount": 719,
      "location": "San Jose, CA"
    },
    "images": [],
    "videos": [],
    "tweetUrl": "https://x.com/middlefeng/status/1869046686666084654",
    "fullText": "最近有点纠结。儿子做 speech and debate 和数学竞赛也有段时间了。但是高中他想考虑 medicine route。这样前面两项可能就基本放弃了。"
  },
  {
    "user": {
      "screenName": "warrobotsgame",
      "name": "War Robots",
      "profileImageUrl": "https://pbs.twimg.com/profile_images/1108024983798853632/XhuNovgE_normal.png",
      "description": "Official account of War Robots. Join epic MMO battles with giant robots! Try for free on iOS, Android, PC & Amazon 👉https://t.co/TtPjlyWLca",
      "followersCount": 88451,
      "friendsCount": 3,
      "location": "globe"
    },
    "images": [],
    "videos": [],
    "tweetUrl": "https://x.com/warrobotsgame/status/1869041249191166107",
    "fullText": "We invite you do join epic WarRobots battle! 💣🤖"
  },
  {
    "user": {
      "screenName": "waseem_s",
      "name": "Waseem AlShikh",
      "profileImageUrl": "https://pbs.twimg.com/profile_images/1856357730954457088/LPCmNdYN_normal.jpg",
      "description": "Co-founder  & CTO of Writer - (@Get_Writer)",
      "followersCount": 2099,
      "friendsCount": 737,
      "location": "United States"
    },
    "images": [],
    "videos": [
      "https://video.twimg.com/ext_tw_video/1869040666631720961/pu/vid/avc1/1280x720/xGWa4zAzofU7Iicl.mp4?tag=12"
    ],
    "tweetUrl": "https://x.com/waseem_s/status/1869040950464459216",
    "fullText": "The use of enterprise AI for creative problem-solving and brainstorming has been underwhelming to date, with existing LLMs unable to generate breakthrough ideas for the critical tasks that business users face each day.\n\nThat’s why we’re excited today to announce Palmyra Creative https://t.co/fGVQclizx8"
  },
  {
    "user": {
      "screenName": "nosana_ai",
      "name": "Nosana",
      "profileImageUrl": "https://pbs.twimg.com/profile_images/1457379008065253389/POfb_I4u_normal.jpg",
      "description": "Where AI meets decentralized compute | $NOS https://t.co/jnb89Pnpk2 | https://t.co/XNY83MUp4D",
      "followersCount": 59965,
      "friendsCount": 182,
      "location": ""
    },
    "images": [
      "https://pbs.twimg.com/media/GfApY0sXkAAggiA.jpg"
    ],
    "videos": [],
    "tweetUrl": "https://x.com/nosana_ai/status/1869040939454677487",
    "fullText": "Imagine AI gaming evolving in real time—NPCs that adapt, worlds that grow with you, endless possibilities — powered by Nosana.\n\nBuilding AI-powered experiences? Get a demo + free GPU hours to supercharge your project: https://t.co/WgSjwZDvAd\n\n#ImagineMore https://t.co/0Ma6G8LmjM"
  },
  {
    "user": {
      "screenName": "MaimaiLee123",
      "name": "李麦麦",
      "profileImageUrl": "https://pbs.twimg.com/profile_images/1863951770080428032/5qM3fGRx_normal.jpg",
      "description": "人只有醒来才知道自己睡了一觉\n\n｜ INTJ ｜感谢follow ｜\n电报   https://t.co/qYINMLQgVt \n自留地  https://t.co/WQYgnkH9Ew",
      "followersCount": 5258,
      "friendsCount": 516,
      "location": "IP属地:由于相关法律法规及政策,该地址不予显示"
    },
    "images": [
      "https://pbs.twimg.com/media/GfAqubQbAAA_Wpw.jpg"
    ],
    "videos": [],
    "tweetUrl": "https://x.com/MaimaiLee123/status/1869040840532017518",
    "fullText": "今日炸鸡案发现场 https://t.co/Il3ziBhNPa"
  },
  {
    "user": {
      "screenName": "nishuang",
      "name": "倪爽",
      "profileImageUrl": "https://pbs.twimg.com/profile_images/1615204555/bg_green_300x300_normal.jpg",
      "description": "倪爽，设计顾问。 超过 20 年经验资深设计师，在美国运营 Honest Dot Design / 倪爽设计工作室，为中国及北美企业提供品牌设计、UX 设计两类设计咨询服务。",
      "followersCount": 98992,
      "friendsCount": 800,
      "location": "United States"
    },
    "images": [
      "https://pbs.twimg.com/media/GfApbqiXIAEEROQ.jpg",
      "https://pbs.twimg.com/media/GfApergWMAAgkil.jpg"
    ],
    "videos": [],
    "tweetUrl": "https://x.com/nishuang/status/1869040390680289326",
    "fullText": "一直灯下黑的新泽西无人机事件，终于有了一点点亮\n\n原来荷兰公司 Robin 有专门用于探测无人机的雷达，能 360 度精确监测无人机的飞行轨迹\n\n瞎吆喝没什么用，还得用技术手段\n\n媒体报道时说了一句俏皮话：Gotham has Batman, but New York wants Robin. 哥谭有蝙蝠侠，但纽约需要罗宾。 https://t.co/6s5EKLvn2x"
  },
  {
    "user": {
      "screenName": "warrobotsgame",
      "name": "War Robots",
      "profileImageUrl": "https://pbs.twimg.com/profile_images/1108024983798853632/XhuNovgE_normal.png",
      "description": "Official account of War Robots. Join epic MMO battles with giant robots! Try for free on iOS, Android, PC & Amazon 👉https://t.co/TtPjlyWLca",
      "followersCount": 88437,
      "friendsCount": 3,
      "location": "globe"
    },
    "images": [],
    "videos": [],
    "tweetUrl": "https://x.com/warrobotsgame/status/1869040286703177899",
    "fullText": "We invite you do join epic WarRobots battle! 💣🤖"
  },
  {
    "user": {
      "screenName": "warrobotsgame",
      "name": "War Robots",
      "profileImageUrl": "https://pbs.twimg.com/profile_images/1108024983798853632/XhuNovgE_normal.png",
      "description": "Official account of War Robots. Join epic MMO battles with giant robots! Try for free on iOS, Android, PC & Amazon 👉https://t.co/TtPjlyWLca",
      "followersCount": 88455,
      "friendsCount": 3,
      "location": "globe"
    },
    "images": [],
    "videos": [],
    "tweetUrl": "https://x.com/warrobotsgame/status/1869039999338811850",
    "fullText": "We invite you do join epic WarRobots battle! 💣🤖"
  },
  {
    "user": {
      "screenName": "warrobotsgame",
      "name": "War Robots",
      "profileImageUrl": "https://pbs.twimg.com/profile_images/1108024983798853632/XhuNovgE_normal.png",
      "description": "Official account of War Robots. Join epic MMO battles with giant robots! Try for free on iOS, Android, PC & Amazon 👉https://t.co/TtPjlyWLca",
      "followersCount": 88452,
      "friendsCount": 3,
      "location": "globe"
    },
    "images": [],
    "videos": [],
    "tweetUrl": "https://x.com/warrobotsgame/status/1869039537982230865",
    "fullText": "We invite you do join epic WarRobots battle! 💣🤖"
  },
  {
    "user": {
      "screenName": "yihui_indie",
      "name": "熠辉 Indie",
      "profileImageUrl": "https://pbs.twimg.com/profile_images/1804848821702377472/fSfFlGTf_normal.jpg",
      "description": "我的专栏：https://t.co/n3aQPcb9yX ;  独立开发者，NuxtBase作者",
      "followersCount": 22483,
      "friendsCount": 454,
      "location": "Hong Kong"
    },
    "images": [
      "https://pbs.twimg.com/media/GfAl5tyaQAAKB8j.jpg"
    ],
    "videos": [],
    "tweetUrl": "https://x.com/yihui_indie/status/1869038046680953240",
    "fullText": "🎈NuxtBase更新了Stripe的支付逻辑。之前Stripe的订阅制流程的逻辑有一些问题，这两天参考Vercel给出的订阅制流程进行了重构！如果有要接入Stripe的付费用户请更新下代码~ https://t.co/sEj6YuJZsB"
  },
  {
    "user": {
      "screenName": "xiongchun007",
      "name": "Spring Xiong 熊春",
      "profileImageUrl": "https://pbs.twimg.com/profile_images/1850515744104263680/QdGAs4y6_normal.jpg",
      "description": "Programmer, Creator of @Datacollie (Database Management & Data Analysis)  #Java #Web #App #Python #DataScience #OpenSource",
      "followersCount": 2840,
      "friendsCount": 1071,
      "location": ""
    },
    "images": [
      "https://pbs.twimg.com/media/GfAchgGb0AAYc1c.jpg"
    ],
    "videos": [],
    "tweetUrl": "https://x.com/xiongchun007/status/1869025825636712491",
    "fullText": "今天把 #Datacollie 表结构设计器需要支持的所有的MySQL字段配置项都整理好了。明天根据字段类型对这些配置来做个排列组合！#buildinpublic https://t.co/ijVtAJ9Vr4"
  },
  {
    "user": {
      "screenName": "MaimaiLee123",
      "name": "李麦麦",
      "profileImageUrl": "https://pbs.twimg.com/profile_images/1863951770080428032/5qM3fGRx_normal.jpg",
      "description": "人只有醒来才知道自己睡了一觉\n\n｜ INTJ ｜感谢follow ｜\n电报   https://t.co/qYINMLQgVt \n自留地  https://t.co/WQYgnkH9Ew",
      "followersCount": 5258,
      "friendsCount": 516,
      "location": "IP属地:由于相关法律法规及政策,该地址不予显示"
    },
    "images": [
      "https://pbs.twimg.com/media/GfAZBFLaUAA0Ul-.jpg",
      "https://pbs.twimg.com/media/GfAZBH1b0AQaShz.jpg",
      "https://pbs.twimg.com/media/GfAZBKMa8AABMeS.jpg"
    ],
    "videos": [],
    "tweetUrl": "https://x.com/MaimaiLee123/status/1869021378395185188",
    "fullText": "web3🔥这15个DeFi专业术语（黑话）get！ https://t.co/2gjRELdZd2"
  },
  {
    "user": {
      "screenName": "waylybaye",
      "name": "Baye",
      "profileImageUrl": "https://pbs.twimg.com/profile_images/1807439424009175040/F2mBMzcN_normal.jpg",
      "description": "一个自由的程序员，以卖 App 为生。做了熊猫吃短信、ServerCat、后续、DAMA、OpenCat。记录生活和开发日常。私信不用，有事请点 App 内的「联系我们」发邮件。",
      "followersCount": 146520,
      "friendsCount": 445,
      "location": "中华人民共和国"
    },
    "images": [
      "https://pbs.twimg.com/media/GfALIMebwAQw21I.jpg"
    ],
    "videos": [],
    "tweetUrl": "https://x.com/waylybaye/status/1869006104216453227",
    "fullText": "我过去几年一直在主动避免去做大的、需要团队的产品。选的都是小而美的道路，只想一个人自由潇洒的活着。\n\n但最近发生的各种事，让我意识到“自由懒散的小农经济”的脆弱性，以及宏观事务感受到的渺小感，都被动或主动的促使我要做出转变。不变则死啊。 https://t.co/eZR6Ekcrnj"
  },
  {
    "user": {
      "screenName": "yihong0618",
      "name": "yihong0618",
      "profileImageUrl": "https://pbs.twimg.com/profile_images/1209446924006223872/wSIVSKnh_normal.jpg",
      "description": "喜欢王小波，大概我们能成为朋友。 我的 2024 https://t.co/HfDF6oduB7 我的 2023 https://t.co/QyV8PiZmOY 我的2022 https://t.co/NLYTn7xtta 我的 2021 我的 2020",
      "followersCount": 70362,
      "friendsCount": 3282,
      "location": ""
    },
    "images": [],
    "videos": [],
    "tweetUrl": "https://x.com/yihong0618/status/1869002512793321871",
    "fullText": "很多 AI 公司都倒闭了，我去年添加的 wishlist 还没通过。"
  },
  {
    "user": {
      "screenName": "cellinlab",
      "name": "Cellinlab",
      "profileImageUrl": "https://pbs.twimg.com/profile_images/1634900405724545031/gQgQEpaj_normal.jpg",
      "description": "🧚‍♂️ INFP to ENFJ ｜ 💻 独立开发者 ｜🎙️《午睡到天亮》播客 ｜ 🤖 AGI 降临派 ｜🤝 巢级个体社群 发起人 ｜💪 通过海量自由职业者案例、方法，让更多人看见、相信、成为独立工作者，做超级个体🦸‍♂️",
      "followersCount": 6612,
      "friendsCount": 3267,
      "location": ""
    },
    "images": [
      "https://pbs.twimg.com/media/GfAB_qWbwAAxTiP.jpg",
      "https://pbs.twimg.com/media/GfAB_qTbwAI7scC.jpg",
      "https://pbs.twimg.com/media/GfAB_qVa4AAY0Dk.jpg",
      "https://pbs.twimg.com/media/GfAB_qVa8AAOHsi.jpg"
    ],
    "videos": [],
    "tweetUrl": "https://x.com/cellinlab/status/1868996047194013822",
    "fullText": "美团短剧，年终总结：\n吃你的年度最贵零售商品-泡面！ https://t.co/P2WvbAmFLt"
  },
  {
    "user": {
      "screenName": "waylybaye",
      "name": "Baye",
      "profileImageUrl": "https://pbs.twimg.com/profile_images/1807439424009175040/F2mBMzcN_normal.jpg",
      "description": "一个自由的程序员，以卖 App 为生。做了熊猫吃短信、ServerCat、后续、DAMA、OpenCat。记录生活和开发日常。私信不用，有事请点 App 内的「联系我们」发邮件。",
      "followersCount": 146520,
      "friendsCount": 445,
      "location": "中华人民共和国"
    },
    "images": [],
    "videos": [],
    "tweetUrl": "https://x.com/waylybaye/status/1868992915747618905",
    "fullText": "今年重要的一个思考是关于增长。不同阶段需要不同的增长方式，build in public 大概能获得零到数十万的量。\n\n想要百万、千万的量，除非你非常善于营销，能搞出热搜级的全网传播热点，否则就需要建立一套可以 scale 的增长体系。\n\n到了这个阶段再努力的 build in public 也没有用了。"
  },
  {
    "user": {
      "screenName": "IsmaLazona",
      "name": "breckenridge",
      "profileImageUrl": "https://pbs.twimg.com/profile_images/1865459193735417856/i1G6JvH-_normal.jpg",
      "description": "Hello, we’re Breckenridge. The number one HubSpot partner agency in Hampshire. We help B2B Tech and Manufacturing companies grow sales through expert use of Hub",
      "followersCount": 54,
      "friendsCount": 15,
      "location": ""
    },
    "images": [],
    "videos": [],
    "tweetUrl": "https://x.com/IsmaLazona/status/1868982343366578560",
    "fullText": "Breckenridge: Your Gateway to Success! 🚀\nCreative strategies, impactful marketing, and measurable results. Let’s grow together! 🌟\n#Breckenridge #MarketingDreams"
  },
  {
    "user": {
      "screenName": "MaimaiLee123",
      "name": "李麦麦",
      "profileImageUrl": "https://pbs.twimg.com/profile_images/1863951770080428032/5qM3fGRx_normal.jpg",
      "description": "人只有醒来才知道自己睡了一觉\n\n｜ INTJ ｜感谢follow ｜\n电报   https://t.co/qYINMLQgVt \n自留地  https://t.co/WQYgnkH9Ew",
      "followersCount": 5258,
      "friendsCount": 516,
      "location": "IP属地:由于相关法律法规及政策,该地址不予显示"
    },
    "images": [],
    "videos": [],
    "tweetUrl": "https://x.com/MaimaiLee123/status/1868982289272893939",
    "fullText": "各位可以推荐一下自己喜欢的crypto圈的推主吗？\n\n最好是聊干货聊内容的，最近想关注一些推主，学习一下。但是放眼望去全是乱七八糟的KOL，炒着情绪推着各种奇怪的币，我甚至不清楚他们自己能不能看得懂自己在发什么，而且他们的数量大的吓人，扔块砖头都能砸死10个，和当年的皮包公司有得一拼"
  },
  {
    "user": {
      "screenName": "waylybaye",
      "name": "Baye",
      "profileImageUrl": "https://pbs.twimg.com/profile_images/1807439424009175040/F2mBMzcN_normal.jpg",
      "description": "一个自由的程序员，以卖 App 为生。做了熊猫吃短信、ServerCat、后续、DAMA、OpenCat。记录生活和开发日常。私信不用，有事请点 App 内的「联系我们」发邮件。",
      "followersCount": 146520,
      "friendsCount": 445,
      "location": "中华人民共和国"
    },
    "images": [],
    "videos": [],
    "tweetUrl": "https://x.com/waylybaye/status/1868978419012452362",
    "fullText": "感觉不久的将来会需要四块显示器，主显示器是自己的工作空间。1～3 显示器是三个 AI 员工在干活。"
  },
  {
    "user": {
      "screenName": "lencx_",
      "name": "lencx",
      "profileImageUrl": "https://pbs.twimg.com/profile_images/1777510753672785921/p0hrP-Qm_normal.png",
      "description": "✍🏻 公众号「浮之静」 👨🏻‍💻 Web • Rust • Tauri  • Electron\n🚫 不看 • 不听 • 不说 🤔 学会思考 • 自说自话",
      "followersCount": 19742,
      "friendsCount": 1000,
      "location": ""
    },
    "images": [
      "https://pbs.twimg.com/media/Ge_pej0a0AAhkQD.jpg"
    ],
    "videos": [],
    "tweetUrl": "https://x.com/lencx_/status/1868969330647707778",
    "fullText": "我的 GitHub 十年开源史 🎉 https://t.co/HRPMBp3BCu"
  },
  {
    "user": {
      "screenName": "MaimaiLee123",
      "name": "李麦麦",
      "profileImageUrl": "https://pbs.twimg.com/profile_images/1863951770080428032/5qM3fGRx_normal.jpg",
      "description": "人只有醒来才知道自己睡了一觉\n\n｜ INTJ ｜感谢follow ｜\n电报   https://t.co/qYINMLQgVt \n自留地  https://t.co/WQYgnkH9Ew",
      "followersCount": 5258,
      "friendsCount": 516,
      "location": "IP属地:由于相关法律法规及政策,该地址不予显示"
    },
    "images": [
      "https://pbs.twimg.com/media/Ge_mBwXbwAIGhDt.jpg"
    ],
    "videos": [],
    "tweetUrl": "https://x.com/MaimaiLee123/status/1868965296733929492",
    "fullText": "让客户\"占便宜\"的九种营销方式 https://t.co/UnJyNT1YB8"
  },
  {
    "user": {
      "screenName": "yihui_indie",
      "name": "熠辉 Indie",
      "profileImageUrl": "https://pbs.twimg.com/profile_images/1804848821702377472/fSfFlGTf_normal.jpg",
      "description": "我的专栏：https://t.co/n3aQPcb9yX ;  独立开发者，NuxtBase作者",
      "followersCount": 22458,
      "friendsCount": 452,
      "location": "Hong Kong"
    },
    "images": [
      "https://pbs.twimg.com/media/Ge_jA4JbwAEuyK-.jpg"
    ],
    "videos": [],
    "tweetUrl": "https://x.com/yihui_indie/status/1868962296770576877",
    "fullText": "专栏读者发我的：研究博主的小报童都兴奋的睡不着！\n你知道我有多开心吗😁😁 https://t.co/YlaQMlz8AA"
  },
  {
    "user": {
      "screenName": "MaimaiLee123",
      "name": "李麦麦",
      "profileImageUrl": "https://pbs.twimg.com/profile_images/1863951770080428032/5qM3fGRx_normal.jpg",
      "description": "人只有醒来才知道自己睡了一觉\n\n｜ INTJ ｜感谢follow ｜\n电报   https://t.co/qYINMLQgVt \n自留地  https://t.co/WQYgnkH9Ew",
      "followersCount": 5258,
      "friendsCount": 516,
      "location": "IP属地:由于相关法律法规及政策,该地址不予显示"
    },
    "images": [
      "https://pbs.twimg.com/media/Ge_i4wbbwAEtA6Y.jpg",
      "https://pbs.twimg.com/media/Ge_i4x1a0AE0Elv.jpg",
      "https://pbs.twimg.com/media/Ge_i4yzbwAAAVqF.jpg",
      "https://pbs.twimg.com/media/Ge_i40cbwAEIM7o.jpg"
    ],
    "videos": [],
    "tweetUrl": "https://x.com/MaimaiLee123/status/1868961846952444010",
    "fullText": "人要改变自己该干什么？\n第一件事就是耐心的读完这六张图\n↓↓↓ https://t.co/7WpKy8QiJW"
  },
  {
    "user": {
      "screenName": "lencx_",
      "name": "lencx",
      "profileImageUrl": "https://pbs.twimg.com/profile_images/1777510753672785921/p0hrP-Qm_normal.png",
      "description": "✍🏻 公众号「浮之静」 👨🏻‍💻 Web • Rust • Tauri  • Electron\n🚫 不看 • 不听 • 不说 🤔 学会思考 • 自说自话",
      "followersCount": 19742,
      "friendsCount": 1000,
      "location": ""
    },
    "images": [
      "https://pbs.twimg.com/media/Ge_h7AKbwAU3cjP.png"
    ],
    "videos": [],
    "tweetUrl": "https://x.com/lencx_/status/1868960923169571014",
    "fullText": "我对自己目前的定位：胶水 😂 https://t.co/oZLjGfGq4I"
  },
  {
    "user": {
      "screenName": "MaimaiLee123",
      "name": "李麦麦",
      "profileImageUrl": "https://pbs.twimg.com/profile_images/1863951770080428032/5qM3fGRx_normal.jpg",
      "description": "人只有醒来才知道自己睡了一觉\n\n｜ INTJ ｜感谢follow ｜\n电报   https://t.co/qYINMLQgVt \n自留地  https://t.co/WQYgnkH9Ew",
      "followersCount": 5258,
      "friendsCount": 516,
      "location": "IP属地:由于相关法律法规及政策,该地址不予显示"
    },
    "images": [
      "https://pbs.twimg.com/media/Ge_WYj9agAATUx1.jpg"
    ],
    "videos": [],
    "tweetUrl": "https://x.com/MaimaiLee123/status/1868948102503448670",
    "fullText": "换个口味，今天吃烧鸭饭 https://t.co/NRf5tTzx9i"
  },
  {
    "user": {
      "screenName": "waylybaye",
      "name": "Baye",
      "profileImageUrl": "https://pbs.twimg.com/profile_images/1807439424009175040/F2mBMzcN_normal.jpg",
      "description": "一个自由的程序员，以卖 App 为生。做了熊猫吃短信、ServerCat、后续、DAMA、OpenCat。记录生活和开发日常。私信不用，有事请点 App 内的「联系我们」发邮件。",
      "followersCount": 146551,
      "friendsCount": 445,
      "location": "中华人民共和国"
    },
    "images": [
      "https://pbs.twimg.com/media/Ge_PLuWbMAAtHLL.jpg"
    ],
    "videos": [],
    "tweetUrl": "https://x.com/waylybaye/status/1868942950979584357",
    "fullText": "我最近 10 年的代码提交记录，可以算得上劳模了吧。而且我完全是靠自驱力写了这么多代码的。\n\n但今天从另一个角度来看，我最大的问题就是代码写的太多，商业想得太少。 https://t.co/LNjTb4znVA"
  },
  {
    "user": {
      "screenName": "cellinlab",
      "name": "Cellinlab",
      "profileImageUrl": "https://pbs.twimg.com/profile_images/1634900405724545031/gQgQEpaj_normal.jpg",
      "description": "🧚‍♂️ INFP to ENFJ ｜ 💻 独立开发者 ｜🎙️《午睡到天亮》播客 ｜ 🤖 AGI 降临派 ｜🤝 巢级个体社群 发起人 ｜💪 通过海量自由职业者案例、方法，让更多人看见、相信、成为独立工作者，做超级个体🦸‍♂️",
      "followersCount": 6612,
      "friendsCount": 3267,
      "location": ""
    },
    "images": [
      "https://pbs.twimg.com/media/Ge_QcB2bMAAZp68.png"
    ],
    "videos": [],
    "tweetUrl": "https://x.com/cellinlab/status/1868941912188879239",
    "fullText": "最近好多小伙伴准备升级生产力，又被支付渠道卡住了，最近一直用 WildCard，需要的小伙伴可以试试🚀\n\n🔗 https://t.co/NpWxZHCHAe https://t.co/xv2yIP5Hjs"
  },
  {
    "user": {
      "screenName": "nishuang",
      "name": "倪爽",
      "profileImageUrl": "https://pbs.twimg.com/profile_images/1615204555/bg_green_300x300_normal.jpg",
      "description": "倪爽，设计顾问。 超过 20 年经验资深设计师，在美国运营 Honest Dot Design / 倪爽设计工作室，为中国及北美企业提供品牌设计、UX 设计两类设计咨询服务。",
      "followersCount": 98992,
      "friendsCount": 800,
      "location": "United States"
    },
    "images": [
      "https://pbs.twimg.com/media/Ge_Ik8eWcAAW7Qt.jpg",
      "https://pbs.twimg.com/media/Ge_Ik8fWIAALguU.jpg",
      "https://pbs.twimg.com/media/Ge_Ik8dW0AAwYWs.jpg"
    ],
    "videos": [],
    "tweetUrl": "https://x.com/nishuang/status/1868932915100369352",
    "fullText": "Jina AI 的“小红书”\n\n#设计参考\n\nJina 做了一件很巧妙的事：他们精选了 14 篇代表性的研究、技术文章，制作成一本设计优美、制作精良的纸质硬皮年鉴/书\n\n书名“Re·Search”也颇有巧思，它一语双关，既突出了 Search 这个业务定位、品牌差异化特点，也用 Research https://t.co/Vj0HynPMZt"
  },
  {
    "user": {
      "screenName": "manateelazycat",
      "name": "Andy Stewart",
      "profileImageUrl": "https://pbs.twimg.com/profile_images/768239262/HaskellIcon_normal.jpg",
      "description": "Linux, Emacs开源社区从业二十余载\n懒猫微服CEO， 不端不装， 仗剑走天涯\n客官喜欢， 欢迎买我家的懒猫微服 https://t.co/KVqgWHE3yR\n京东旗舰店： https://t.co/6l2E0fkB8H",
      "followersCount": 17173,
      "friendsCount": 92,
      "location": "China"
    },
    "images": [],
    "videos": [],
    "tweetUrl": "https://x.com/manateelazycat/status/1868929651382669587",
    "fullText": "https://t.co/8XIPucyK96"
  },
  {
    "user": {
      "screenName": "MaimaiLee123",
      "name": "李麦麦",
      "profileImageUrl": "https://pbs.twimg.com/profile_images/1863951770080428032/5qM3fGRx_normal.jpg",
      "description": "人只有醒来才知道自己睡了一觉\n\n｜ INTJ ｜感谢follow ｜\n电报   https://t.co/qYINMLQgVt \n自留地  https://t.co/WQYgnkH9Ew",
      "followersCount": 5258,
      "friendsCount": 516,
      "location": "IP属地:由于相关法律法规及政策,该地址不予显示"
    },
    "images": [
      "https://pbs.twimg.com/media/Ge_DJnsbwAI_TY-.jpg"
    ],
    "videos": [],
    "tweetUrl": "https://x.com/MaimaiLee123/status/1868926947553951779",
    "fullText": "入门区块链/crypto必懂的50个关键词，小白看这一篇也会豁然开朗✌\n\n👇👇👇 https://t.co/kE5zsYUhuz"
  },
  {
    "user": {
      "screenName": "turingou",
      "name": "郭宇 guoyu.eth",
      "profileImageUrl": "https://pbs.twimg.com/profile_images/1422205969077923841/jgLnMvyO_normal.jpg",
      "description": "Retired. ex ByteDancer #473. Onsen mania, live in Tokyo/Azumino/Miyakojima.",
      "followersCount": 133508,
      "friendsCount": 1425,
      "location": "東京 港区"
    },
    "images": [
      "https://pbs.twimg.com/media/Ge-2xahakAAQyra.jpg",
      "https://pbs.twimg.com/media/Ge-2xaiaIAAy_tq.jpg",
      "https://pbs.twimg.com/media/Ge-2xahbwAI3bSM.jpg",
      "https://pbs.twimg.com/media/Ge-2xahbkAA7eRM.jpg"
    ],
    "videos": [],
    "tweetUrl": "https://x.com/turingou/status/1868913335615602875",
    "fullText": "订购半年的主卧大床，衣柜和新沙发终于到了，担当很高兴的说明年要搬去青山 Poliform 在日本的第一家旗舰店工作，以后日本现货就好买多了 https://t.co/Y2l2veHcOZ"
  },
  {
    "user": {
      "screenName": "yihui_indie",
      "name": "熠辉 Indie",
      "profileImageUrl": "https://pbs.twimg.com/profile_images/1804848821702377472/fSfFlGTf_normal.jpg",
      "description": "我的专栏：https://t.co/n3aQPcb9yX ;  独立开发者，NuxtBase作者",
      "followersCount": 22483,
      "friendsCount": 454,
      "location": "Hong Kong"
    },
    "images": [],
    "videos": [
      "https://video.twimg.com/ext_tw_video/1868905822073634819/pu/vid/avc1/1920x1080/e4qs7AB2HoWeGTdy.mp4?tag=14"
    ],
    "tweetUrl": "https://x.com/yihui_indie/status/1868908867272491298",
    "fullText": "【Vlog】上周日独立开发者一天流水账 https://t.co/BRSeVkJmr0"
  },
  {
    "user": {
      "screenName": "MaimaiLee123",
      "name": "李麦麦",
      "profileImageUrl": "https://pbs.twimg.com/profile_images/1863951770080428032/5qM3fGRx_normal.jpg",
      "description": "人只有醒来才知道自己睡了一觉\n\n｜ INTJ ｜感谢follow ｜\n电报   https://t.co/qYINMLQgVt \n自留地  https://t.co/WQYgnkH9Ew",
      "followersCount": 5258,
      "friendsCount": 516,
      "location": "IP属地:由于相关法律法规及政策,该地址不予显示"
    },
    "images": [
      "https://pbs.twimg.com/media/Ge-qEFKbwAEn7mP.jpg"
    ],
    "videos": [],
    "tweetUrl": "https://x.com/MaimaiLee123/status/1868899365995388938",
    "fullText": "哇咔咔😚缺钱的女/男孩看👀过来❗\n你不会还不知道我们的行业加密黑话吧❓\n\n专为你整理的武林秘籍📖\n学会了我们去当爆款制造机🤖\n条条爆款🔥\n\n一起躺着泡澡🛁喝香槟🍸吧！\n\n👇👇👇\n\n------\n\n经常会觉得我这么说话是大傻逼，但又觉得也是一种本事，大傻逼也会有春天🙂 https://t.co/aP1alzsMFM"
  },
  {
    "user": {
      "screenName": "DollarShaveClub",
      "name": "Dollar Shave Club",
      "profileImageUrl": "https://pbs.twimg.com/profile_images/1613974593592758272/jBlgZJy__normal.jpg",
      "description": "We make razors and have fun. Now at a store near you.",
      "followersCount": 68219,
      "friendsCount": 788,
      "location": ""
    },
    "images": [],
    "videos": [],
    "tweetUrl": "https://x.com/DollarShaveClub/status/1868890754573385799",
    "fullText": "Whatever you're shaving, we've got just the thing. Get a great shave at an even greater price right frickin' now."
  },
  {
    "user": {
      "screenName": "Truenestfy",
      "name": "Truenestfy",
      "profileImageUrl": "https://pbs.twimg.com/profile_images/1853773276147068928/ohpnXQ_t_normal.jpg",
      "description": "Where the sun meets the earth, sunflowers bloom in vibrant celebration. 🌻🌅Sunflowers: nature’s way of sending sunshine into the world.",
      "followersCount": 1,
      "friendsCount": 9,
      "location": ""
    },
    "images": [],
    "videos": [],
    "tweetUrl": "https://x.com/Truenestfy/status/1868885890094735705",
    "fullText": "The world feels a little brighter when surrounded by sunflowers."
  },
  {
    "user": {
      "screenName": "yuyy614893671",
      "name": "金融汪",
      "profileImageUrl": "https://pbs.twimg.com/profile_images/1832901799470411776/mpHf_iT0_normal.jpg",
      "description": "金融市场老兵. Former Investment manager. 观察和理解这个世界每天在发生着什么，是我的兴趣也是工作。X上的内容只是分享，不是投资建议。\n油管频道：师姐说 https://t.co/41afFnOGrW",
      "followersCount": 40013,
      "friendsCount": 305,
      "location": ""
    },
    "images": [
      "https://pbs.twimg.com/media/Ge-dgUtW4AAv9me.jpg"
    ],
    "videos": [],
    "tweetUrl": "https://x.com/yuyy614893671/status/1868885555389645191",
    "fullText": "中国农作物进口限制导致大豆短缺\n\n据知情贸易商称，中国政府今年限制农产品进口的举措导致该国南方出现大豆短缺，广东省东莞市油籽加工中心的一些大豆油压榨厂在过去三周内不得不暂停。\n\n他们表示，货物在海关被延误了 20 多天，而正常情况下只需 5 天左右即可清关。 https://t.co/Q5s6iJMnIF"
  },
  {
    "user": {
      "screenName": "MaimaiLee123",
      "name": "李麦麦",
      "profileImageUrl": "https://pbs.twimg.com/profile_images/1863951770080428032/5qM3fGRx_normal.jpg",
      "description": "人只有醒来才知道自己睡了一觉\n\n｜ INTJ ｜感谢follow ｜\n电报   https://t.co/qYINMLQgVt \n自留地  https://t.co/WQYgnkH9Ew",
      "followersCount": 5258,
      "friendsCount": 516,
      "location": "IP属地:由于相关法律法规及政策,该地址不予显示"
    },
    "images": [
      "https://pbs.twimg.com/media/Ge-cRnmbwAcVcKi.jpg"
    ],
    "videos": [],
    "tweetUrl": "https://x.com/MaimaiLee123/status/1868884199215919567",
    "fullText": "有时候是该接受计划赶不上变化\n\n或者是没有时间观念的人拖着整个进度\n\n又或者领导喜欢慢工出细活不想放人回去\n\n总之，12月的整个计划顺延到1月\n\n目前被迫等待时间流逝\n\n忍一忍就过去了\n\n虽然不知道是挺过去还是气晕过去\n\n🫠 https://t.co/aK1vOHvxDB"
  },
  {
    "user": {
      "screenName": "manateelazycat",
      "name": "Andy Stewart",
      "profileImageUrl": "https://pbs.twimg.com/profile_images/768239262/HaskellIcon_normal.jpg",
      "description": "Linux, Emacs开源社区从业二十余载\n懒猫微服CEO， 不端不装， 仗剑走天涯\n客官喜欢， 欢迎买我家的懒猫微服 https://t.co/KVqgWHE3yR\n京东旗舰店： https://t.co/6l2E0fkB8H",
      "followersCount": 17173,
      "friendsCount": 92,
      "location": "China"
    },
    "images": [],
    "videos": [],
    "tweetUrl": "https://x.com/manateelazycat/status/1868881275173716179",
    "fullText": "https://t.co/TQtPXKz4GR"
  },
  {
    "user": {
      "screenName": "yuyy614893671",
      "name": "金融汪",
      "profileImageUrl": "https://pbs.twimg.com/profile_images/1832901799470411776/mpHf_iT0_normal.jpg",
      "description": "金融市场老兵. Former Investment manager. 观察和理解这个世界每天在发生着什么，是我的兴趣也是工作。X上的内容只是分享，不是投资建议。\n油管频道：师姐说 https://t.co/41afFnOGrW",
      "followersCount": 40013,
      "friendsCount": 305,
      "location": ""
    },
    "images": [],
    "videos": [],
    "tweetUrl": "https://x.com/yuyy614893671/status/1868873812064010364",
    "fullText": "卖方分析师的报告已经跟不上股价的发展了\n【瑞惠把特斯拉目标价从230美元提高到515美元】\n\n瑞穗分析师 Vijay Rakesh 已将其对TSLA 的目标价从 230 美元上调至 515 美元，并将该股评级从中性上调至优于大盘。\n\n “我们将 TSLA 的评级上调至优于大盘，因为我们看到未来 4"
  },
  {
    "user": {
      "screenName": "yuyy614893671",
      "name": "金融汪",
      "profileImageUrl": "https://pbs.twimg.com/profile_images/1832901799470411776/mpHf_iT0_normal.jpg",
      "description": "金融市场老兵. Former Investment manager. 观察和理解这个世界每天在发生着什么，是我的兴趣也是工作。X上的内容只是分享，不是投资建议。\n油管频道：师姐说 https://t.co/41afFnOGrW",
      "followersCount": 40007,
      "friendsCount": 305,
      "location": ""
    },
    "images": [],
    "videos": [
      "https://video.twimg.com/amplify_video/1868873153348616192/vid/avc1/1256x720/uHzrQvdZpHNhu9lt.mp4?tag=16"
    ],
    "tweetUrl": "https://x.com/yuyy614893671/status/1868873307652768153",
    "fullText": "特朗普在海湖庄园召开的记者招待会上说“中国和美国可以共同解决世界上所有的问题”\n\n他又一次表扬了习\n\n这是否意味着特朗普政府与中国的对抗会弱化，还是中国的前期斡旋已经产生效果？特朗普是个商人，不见兔子不撒鹰。 https://t.co/5JkO7xa3im"
  },
  {
    "user": {
      "screenName": "canlesofficial",
      "name": "Canles",
      "profileImageUrl": "https://pbs.twimg.com/profile_images/1666678663084150784/41oyvaiH_normal.jpg",
      "description": "👣 Engineered for walking | 👟 Comfy & versatile footwear for life's adventures | 🌿 Breathable, lightweight designs",
      "followersCount": 10179,
      "friendsCount": 1,
      "location": "Vancouver, Canada"
    },
    "images": [],
    "videos": [],
    "tweetUrl": "https://x.com/canlesofficial/status/1868872676669898922",
    "fullText": "Say Goodbye to Neuropathy Pain This Winter!\n\nStruggling with numbness, tingling, or discomfort? Our winter boots offer a wide toe box, cozy warmth, and supportive design to ease neuropathy pain, ensuring a comfortable, pain-free winter."
  },
  {
    "user": {
      "screenName": "canlesofficial",
      "name": "Canles",
      "profileImageUrl": "https://pbs.twimg.com/profile_images/1666678663084150784/41oyvaiH_normal.jpg",
      "description": "👣 Engineered for walking | 👟 Comfy & versatile footwear for life's adventures | 🌿 Breathable, lightweight designs",
      "followersCount": 10183,
      "friendsCount": 1,
      "location": "Vancouver, Canada"
    },
    "images": [],
    "videos": [],
    "tweetUrl": "https://x.com/canlesofficial/status/1868872672903348430",
    "fullText": "Say Goodbye to Neuropathy Pain This Winter!\n\nStruggling with numbness, tingling, or discomfort? Our winter boots offer a wide toe box, cozy warmth, and supportive design to ease neuropathy pain, ensuring a comfortable, pain-free winter."
  },
  {
    "user": {
      "screenName": "canlesofficial",
      "name": "Canles",
      "profileImageUrl": "https://pbs.twimg.com/profile_images/1666678663084150784/41oyvaiH_normal.jpg",
      "description": "👣 Engineered for walking | 👟 Comfy & versatile footwear for life's adventures | 🌿 Breathable, lightweight designs",
      "followersCount": 10192,
      "friendsCount": 1,
      "location": "Vancouver, Canada"
    },
    "images": [],
    "videos": [],
    "tweetUrl": "https://x.com/canlesofficial/status/1868872596743160247",
    "fullText": "Tired of shivering through the winter? Our revolutionary winter boots are here to save the day! Designed to keep your feet toasty warm, dry, and protected, no matter how harsh the weather. Experience the ultimate in winter comfort."
  },
  {
    "user": {
      "screenName": "canlesofficial",
      "name": "Canles",
      "profileImageUrl": "https://pbs.twimg.com/profile_images/1666678663084150784/41oyvaiH_normal.jpg",
      "description": "👣 Engineered for walking | 👟 Comfy & versatile footwear for life's adventures | 🌿 Breathable, lightweight designs",
      "followersCount": 10203,
      "friendsCount": 1,
      "location": "Vancouver, Canada"
    },
    "images": [],
    "videos": [],
    "tweetUrl": "https://x.com/canlesofficial/status/1868872587347886396",
    "fullText": "Tired of shivering through the winter? Our revolutionary winter boots are here to save the day! Designed to keep your feet toasty warm, dry, and protected, no matter how harsh the weather. Experience the ultimate in winter comfort."
  },
  {
    "user": {
      "screenName": "yuyy614893671",
      "name": "金融汪",
      "profileImageUrl": "https://pbs.twimg.com/profile_images/1832901799470411776/mpHf_iT0_normal.jpg",
      "description": "金融市场老兵. Former Investment manager. 观察和理解这个世界每天在发生着什么，是我的兴趣也是工作。X上的内容只是分享，不是投资建议。\n油管频道：师姐说 https://t.co/41afFnOGrW",
      "followersCount": 40014,
      "friendsCount": 305,
      "location": ""
    },
    "images": [
      "https://pbs.twimg.com/media/Ge-OLS3bwAQc8g4.jpg"
    ],
    "videos": [],
    "tweetUrl": "https://x.com/yuyy614893671/status/1868869128943288500",
    "fullText": "【黑石将以26亿美元买入东京商业综合体 为日本史上外资最大地产收购案】\n\n黑石集团将从西武控股手中收购东京的一个多功能综合物业Tokyo Garden Terrace https://t.co/aSD4qzsyMz"
  },
  {
    "user": {
      "screenName": "NFL",
      "name": "NFL",
      "profileImageUrl": "https://pbs.twimg.com/profile_images/1619895559334273028/PHKS_mjX_normal.jpg",
      "description": "four weeks left to flip the standings",
      "followersCount": 36988097,
      "friendsCount": 2821,
      "location": ""
    },
    "images": [],
    "videos": [
      "https://video.twimg.com/amplify_video/1868860816134688768/vid/avc1/1920x1080/rAbHoDUrvfwCRHIO.mp4?tag=16"
    ],
    "tweetUrl": "https://x.com/NFL/status/1868861095261487553",
    "fullText": "Vintage 1️⃣3️⃣  @Keenan13Allen https://t.co/7KcHHrnHPw"
  },
  {
    "user": {
      "screenName": "yuyy614893671",
      "name": "金融汪",
      "profileImageUrl": "https://pbs.twimg.com/profile_images/1832901799470411776/mpHf_iT0_normal.jpg",
      "description": "金融市场老兵. Former Investment manager. 观察和理解这个世界每天在发生着什么，是我的兴趣也是工作。X上的内容只是分享，不是投资建议。\n油管频道：师姐说 https://t.co/41afFnOGrW",
      "followersCount": 40014,
      "friendsCount": 305,
      "location": ""
    },
    "images": [
      "https://pbs.twimg.com/media/Ge-Eu4hbgAASQZx.jpg",
      "https://pbs.twimg.com/media/Ge-EyTIbwAI7fZc.jpg",
      "https://pbs.twimg.com/media/Ge-FIovbwAEHMgj.jpg",
      "https://pbs.twimg.com/media/Ge-FQM8aEAAASr1.jpg"
    ],
    "videos": [],
    "tweetUrl": "https://x.com/yuyy614893671/status/1868860116621312112",
    "fullText": "黑石正在考虑出售夏威夷毛伊岛的华尔道夫酒店\n\n该酒店是黑石在2018年，花了11亿美金从新加坡政府投资公司（GIC）手里买来的，去年才刚刚翻新过\n\n酒店占地40英亩，有845间客房和套房，可容纳3200同时活动\n\n看起来，黑石在全球的商业物业的投资都出现了问题，流动性吃紧，不得不变现好的资产 https://t.co/TaAmEQYv0h"
  },
  {
    "user": {
      "screenName": "yuyy614893671",
      "name": "金融汪",
      "profileImageUrl": "https://pbs.twimg.com/profile_images/1832901799470411776/mpHf_iT0_normal.jpg",
      "description": "金融市场老兵. Former Investment manager. 观察和理解这个世界每天在发生着什么，是我的兴趣也是工作。X上的内容只是分享，不是投资建议。\n油管频道：师姐说 https://t.co/41afFnOGrW",
      "followersCount": 40019,
      "friendsCount": 305,
      "location": ""
    },
    "images": [],
    "videos": [],
    "tweetUrl": "https://x.com/yuyy614893671/status/1868856888135500039",
    "fullText": "Tiktok及其母公司字节跳动已经向美国最高法院提起诉讼，要求最高法院推翻美国政府的禁令。该禁令要求字节剥离美国Tiktok，要么就禁止Tiktok在美国运营。\n\n最高法院在1月6日会考虑是否接受Tiktok的上诉。\n\n而Tiktok的剥离禁令将在特朗普宣誓上台的前一天1月19日生效。这是命悬一线了"
  },
  {
    "user": {
      "screenName": "plusyip",
      "name": "Plusye",
      "profileImageUrl": "https://pbs.twimg.com/profile_images/1718597108058722304/GvFIOU3p_normal.jpg",
      "description": "程序员，开发过 2 个 iOS App，几个不知名的浏览器插件，几个小程序。喜欢看动画、漫画、轻小说和网文。目标是早日成为自宅警備員。搞了个 GPT 和Claude API 转发服务，价格和官方的一样：https://t.co/87W14YcWNd",
      "followersCount": 7466,
      "friendsCount": 273,
      "location": ""
    },
    "images": [
      "https://pbs.twimg.com/media/Ge-Bo_lbwAIYx2I.jpg"
    ],
    "videos": [],
    "tweetUrl": "https://x.com/plusyip/status/1868855255733273025",
    "fullText": "现在好像很多这种俄国商品馆 😂 https://t.co/nxVZtZW0G5"
  },
  {
    "user": {
      "screenName": "nishuang",
      "name": "倪爽",
      "profileImageUrl": "https://pbs.twimg.com/profile_images/1615204555/bg_green_300x300_normal.jpg",
      "description": "倪爽，设计顾问。 超过 20 年经验资深设计师，在美国运营 Honest Dot Design / 倪爽设计工作室，为中国及北美企业提供品牌设计、UX 设计两类设计咨询服务。",
      "followersCount": 98985,
      "friendsCount": 800,
      "location": "United States"
    },
    "images": [
      "https://pbs.twimg.com/media/Ge99HiwWQAAs9Zl.jpg"
    ],
    "videos": [],
    "tweetUrl": "https://x.com/nishuang/status/1868851217474240627",
    "fullText": "闹了一个月的新泽西无人机事件，目前毫无正面进展，不过倒是因此普及了一个法律：\n\n任何人在美国领空“纵火、损坏、毁坏、瘫痪或击毁任何飞机”，都可能面临 20 年监禁、高达 25 万美元的巨额罚款 - 包括无人机🥲\n\n别说是击落了，拿激光照射无人机都违法😑\n\n网图表示一下米国人民的心情 https://t.co/8XJDOPiraw"
  },
  {
    "user": {
      "screenName": "VividarmyAds",
      "name": "Vivid Army - Official",
      "profileImageUrl": "https://pbs.twimg.com/profile_images/1799982979533742080/zdMSoPkI_normal.jpg",
      "description": "Vivid Army, a fresh new strategy game, is here! Dominate the battlefield with unique and beautiful heroines!",
      "followersCount": 12944,
      "friendsCount": 0,
      "location": ""
    },
    "images": [],
    "videos": [],
    "tweetUrl": "https://x.com/VividarmyAds/status/1868848727315955767",
    "fullText": "🚫NSFW\n\n🫦Beware! They are Cute... But They Pack a Punch!"
  },
  {
    "user": {
      "screenName": "yuyy614893671",
      "name": "金融汪",
      "profileImageUrl": "https://pbs.twimg.com/profile_images/1832901799470411776/mpHf_iT0_normal.jpg",
      "description": "金融市场老兵. Former Investment manager. 观察和理解这个世界每天在发生着什么，是我的兴趣也是工作。X上的内容只是分享，不是投资建议。\n油管频道：师姐说 https://t.co/41afFnOGrW",
      "followersCount": 40022,
      "friendsCount": 305,
      "location": ""
    },
    "images": [
      "https://pbs.twimg.com/media/Ge96wMlbwAEDRkY.jpg"
    ],
    "videos": [],
    "tweetUrl": "https://x.com/yuyy614893671/status/1868847343044616345",
    "fullText": "中国过境免签政策全面放宽优化\n\n符合条件的俄罗斯、巴西、英国、美国、加拿大等54国人员，从中国过境前往第三国（地区），可从24个省（区、市）60个对外开放口岸中任一口岸免签来华，并在规定区域停留活动不超过240小时（10天）并允许跨区域通行\n\n（实质上全面放开了） https://t.co/gFpN9eBDnT"
  },
  {
    "user": {
      "screenName": "canlesofficial",
      "name": "Canles",
      "profileImageUrl": "https://pbs.twimg.com/profile_images/1666678663084150784/41oyvaiH_normal.jpg",
      "description": "👣 Engineered for walking | 👟 Comfy & versatile footwear for life's adventures | 🌿 Breathable, lightweight designs",
      "followersCount": 10163,
      "friendsCount": 1,
      "location": "Vancouver, Canada"
    },
    "images": [],
    "videos": [],
    "tweetUrl": "https://x.com/canlesofficial/status/1868842472618832150",
    "fullText": "Foot pain holding you back? 🥾 After 10+ years of discomfort, Canles AlpineBare boots changed my life! Wide toe box, natural movement &amp; pain relief. 🌟 Walk free again—your feet will thank you!"
  },
  {
    "user": {
      "screenName": "nishuang",
      "name": "倪爽",
      "profileImageUrl": "https://pbs.twimg.com/profile_images/1615204555/bg_green_300x300_normal.jpg",
      "description": "倪爽，设计顾问。 超过 20 年经验资深设计师，在美国运营 Honest Dot Design / 倪爽设计工作室，为中国及北美企业提供品牌设计、UX 设计两类设计咨询服务。",
      "followersCount": 99007,
      "friendsCount": 800,
      "location": "United States"
    },
    "images": [
      "https://pbs.twimg.com/media/Ge90JSwWAAATR3n.jpg"
    ],
    "videos": [],
    "tweetUrl": "https://x.com/nishuang/status/1868840129827422457",
    "fullText": "对比 Twitter 团队和 X 团队，说明了什么？\n\n注：\n\n下面照片展示的是 X 的核心技术团队\n\n上面照片不知道是 Twitter 的什么部门，一般 HR、市场部、公关部女员工较多，女设计师比例也不小 https://t.co/aQ1OIldWdF"
  },
  {
    "user": {
      "screenName": "NFL",
      "name": "NFL",
      "profileImageUrl": "https://pbs.twimg.com/profile_images/1619895559334273028/PHKS_mjX_normal.jpg",
      "description": "four weeks left to flip the standings",
      "followersCount": 36988261,
      "friendsCount": 2821,
      "location": ""
    },
    "images": [],
    "videos": [
      "https://video.twimg.com/amplify_video/1868838926653288448/vid/avc1/1920x1080/TTjsxUJWnT67Wgo5.mp4?tag=16"
    ],
    "tweetUrl": "https://x.com/NFL/status/1868839095595942370",
    "fullText": "Double move SZN @DrakeLondon_ https://t.co/rsceM3Q2fU"
  },
  {
    "user": {
      "screenName": "lencx_",
      "name": "lencx",
      "profileImageUrl": "https://pbs.twimg.com/profile_images/1777510753672785921/p0hrP-Qm_normal.png",
      "description": "✍🏻 公众号「浮之静」 👨🏻‍💻 Web • Rust • Tauri  • Electron\n🚫 不看 • 不听 • 不说 🤔 学会思考 • 自说自话",
      "followersCount": 19746,
      "friendsCount": 1000,
      "location": ""
    },
    "images": [
      "https://pbs.twimg.com/media/Ge9vYcdbwAIH3Hh.jpg",
      "https://pbs.twimg.com/media/Ge9vYcbbwAUgMnr.jpg"
    ],
    "videos": [],
    "tweetUrl": "https://x.com/lencx_/status/1868834841888014787",
    "fullText": "有人在小红书上私信我做个功能，一问价格日薪 400。嘲讽了一番（那个表情怎么看都有点讥笑的意思），又把我拉黑了，咋感觉是在钓鱼… https://t.co/uzsznB1GfC"
  },
  {
    "user": {
      "screenName": "cellinlab",
      "name": "Cellinlab",
      "profileImageUrl": "https://pbs.twimg.com/profile_images/1634900405724545031/gQgQEpaj_normal.jpg",
      "description": "🧚‍♂️ INFP to ENFJ ｜ 💻 独立开发者 ｜🎙️《午睡到天亮》播客 ｜ 🤖 AGI 降临派 ｜🤝 巢级个体社群 发起人 ｜💪 通过海量自由职业者案例、方法，让更多人看见、相信、成为独立工作者，做超级个体🦸‍♂️",
      "followersCount": 6609,
      "friendsCount": 3267,
      "location": ""
    },
    "images": [
      "https://pbs.twimg.com/media/Ge9qwpdaYAAJvmq.jpg"
    ],
    "videos": [],
    "tweetUrl": "https://x.com/cellinlab/status/1868830743046373778",
    "fullText": "独立开发应用，从发布开始就应该拒绝免费用户，哪怕转个私域，也算是有正向收益的 https://t.co/fHeaE2EDoE"
  },
  {
    "user": {
      "screenName": "turingou",
      "name": "郭宇 guoyu.eth",
      "profileImageUrl": "https://pbs.twimg.com/profile_images/1422205969077923841/jgLnMvyO_normal.jpg",
      "description": "Retired. ex ByteDancer #473. Onsen mania, live in Tokyo/Azumino/Miyakojima.",
      "followersCount": 133516,
      "friendsCount": 1425,
      "location": "東京 港区"
    },
    "images": [],
    "videos": [],
    "tweetUrl": "https://x.com/turingou/status/1868827332187918472",
    "fullText": "近期博通的大涨让我想起十几年前在阿里工作时的经历，支付宝为了将每笔支付成本做到足够低（如我没记错的话含水电费为3分钱/笔）进行了为期数年的去 IOE 改革，这也是阿里云的缘起。历史正在押韵，在 AI"
  },
  {
    "user": {
      "screenName": "dotey",
      "name": "宝玉",
      "profileImageUrl": "https://pbs.twimg.com/profile_images/561086911561736192/6_g58vEs_normal.jpeg",
      "description": "Prompt Engineer, dedicated to learning and disseminating knowledge about AI, software engineering, and engineering management.",
      "followersCount": 98183,
      "friendsCount": 1232,
      "location": "Chicago, IL"
    },
    "images": [
      "https://pbs.twimg.com/media/Ge9LDIsWAAEYBh5.png"
    ],
    "videos": [],
    "tweetUrl": "https://x.com/dotey/status/1868799027006906868",
    "fullText": "简单说一下 GitHub Copilot 和 Cursor 的差别，以及为什么我觉得 Cursor 要更好。\n\n最开始 GitHub Copilot 是 VSCode 插件形式，只能在当前光标位置自动完成，当然现在越来越多的功能融合到 VSCode 内核中了，比如 CMD + I 就可以弹出对话框，比如有专门的聊天侧边栏。VSCode 也在提供更多的原生 AI https://t.co/PNGEYFtAEH"
  },
  {
    "user": {
      "screenName": "nishuang",
      "name": "倪爽",
      "profileImageUrl": "https://pbs.twimg.com/profile_images/1615204555/bg_green_300x300_normal.jpg",
      "description": "倪爽，设计顾问。 超过 20 年经验资深设计师，在美国运营 Honest Dot Design / 倪爽设计工作室，为中国及北美企业提供品牌设计、UX 设计两类设计咨询服务。",
      "followersCount": 99002,
      "friendsCount": 800,
      "location": "United States"
    },
    "images": [],
    "videos": [
      "https://video.twimg.com/tweet_video/Ge9CahpXAAAP9w5.mp4"
    ],
    "tweetUrl": "https://x.com/nishuang/status/1868785399898030393",
    "fullText": "我去申请测试某 AI 工具，结果又被引导扫码入群\n\n其实我就想测试产品，我不想变成亲们、家人们、宝子们、兄弟们、姐妹们、老铁们…\n\n把游客转化为粉丝的道理是没错，但是过程真的很浪费时间😡 https://t.co/BQ4AyjiKod"
  },
  {
    "user": {
      "screenName": "salesforce",
      "name": "Salesforce",
      "profileImageUrl": "https://pbs.twimg.com/profile_images/1268205537637748736/jyoK_62Q_normal.jpg",
      "description": "We're the #1 AI CRM—where humans with agents drive customer success together with AI, data, and Customer 360 apps on one platform. Tweet @AskSalesforce for help",
      "followersCount": 585738,
      "friendsCount": 133544,
      "location": "San Francisco, CA"
    },
    "images": [],
    "videos": [],
    "tweetUrl": "https://x.com/salesforce/status/1868771100294807939",
    "fullText": "LIVE! Join Marc Benioff for the launch of Agentforce 2.0. Get ready to unleash digital labor for every team and see new AI capabilities in action.\n\nhttps://t.co/CpvSwi16t6"
  },
  {
    "user": {
      "screenName": "OpenAI",
      "name": "OpenAI",
      "profileImageUrl": "https://pbs.twimg.com/profile_images/1634058036934500352/b4F1eVpJ_normal.jpg",
      "description": "OpenAI’s mission is to ensure that artificial general intelligence benefits all of humanity. We’re hiring: https://t.co/dJGr6LgzPA",
      "followersCount": 3800334,
      "friendsCount": 3,
      "location": ""
    },
    "images": [],
    "videos": [
      "https://video.twimg.com/tweet_video/Ge8nCf6aAAAVaTu.mp4"
    ],
    "tweetUrl": "https://x.com/OpenAI/status/1868760655878406352",
    "fullText": "🌐ChatGPT search 🌐is starting to roll out to all Free users today.\n\nSearch the web in a faster, better way—available globally on https://t.co/nYW5KO1aIg and our mobile and desktop apps for all logged-in users. https://t.co/yf6GJGAm8b"
  },
  {
    "user": {
      "screenName": "skywind3000",
      "name": "LIN WEI",
      "profileImageUrl": "https://pbs.twimg.com/profile_images/786485788468850688/OA9vAxsy_normal.jpg",
      "description": "PuTTY 本无树，MinGW 亦非台 ！",
      "followersCount": 17858,
      "friendsCount": 247,
      "location": "Guangdong"
    },
    "images": [],
    "videos": [],
    "tweetUrl": "https://x.com/skywind3000/status/1868731729751818314",
    "fullText": "最近又读了几本修仙小说，发现个有趣的现象：男频小说里的女子个个都是相貌绝伦，而厉害的男的都是相貌普通但是气势惊人；就像女频小说里男人个个高大帅气，只有女主相貌普通但是—善良。"
  },
  {
    "user": {
      "screenName": "rarecarat",
      "name": "Ajay Anand | Rare Carat",
      "profileImageUrl": "https://pbs.twimg.com/profile_images/1738761781735018496/eoPezf8J_normal.jpg",
      "description": "💍 Rare Carat - America's #1 Engagement Ring Marketplace 👩‍🎓 Free Consultation with GIA Graduate Experts ✨ Excellent Craftsmanship. Handmade in USA.",
      "followersCount": 6759,
      "friendsCount": 1712,
      "location": ""
    },
    "images": [],
    "videos": [],
    "tweetUrl": "https://x.com/rarecarat/status/1868730815066071460",
    "fullText": "Other jewelers: ‘Let’s talk fees.’ Rare Carat: ‘Let’s talk rings.'"
  },
  {
    "user": {
      "screenName": "OpenAI",
      "name": "OpenAI",
      "profileImageUrl": "https://pbs.twimg.com/profile_images/1634058036934500352/b4F1eVpJ_normal.jpg",
      "description": "OpenAI’s mission is to ensure that artificial general intelligence benefits all of humanity. We’re hiring: https://t.co/dJGr6LgzPA",
      "followersCount": 3799887,
      "friendsCount": 3,
      "location": ""
    },
    "images": [],
    "videos": [],
    "tweetUrl": "https://x.com/OpenAI/status/1868715324885156177",
    "fullText": "Day 8: ChatGPT Search Day \nhttps://t.co/mpGI9mMqtn"
  },
  {
    "user": {
      "screenName": "yuyy614893671",
      "name": "金融汪",
      "profileImageUrl": "https://pbs.twimg.com/profile_images/1832901799470411776/mpHf_iT0_normal.jpg",
      "description": "金融市场老兵. Former Investment manager. 观察和理解这个世界每天在发生着什么，是我的兴趣也是工作。X上的内容只是分享，不是投资建议。\n油管频道：师姐说 https://t.co/41afFnOGrW",
      "followersCount": 39996,
      "friendsCount": 305,
      "location": ""
    },
    "images": [
      "https://pbs.twimg.com/media/Ge76c1Qa8AAfjYF.jpg"
    ],
    "videos": [],
    "tweetUrl": "https://x.com/yuyy614893671/status/1868706276370485450",
    "fullText": "特朗普宣布软银将在美国投资 1000 亿美元，表示将确保人工智能和新兴技术在美国发展\n\nMake SoftBank Rich again? https://t.co/UDuN8XkeTU"
  },
  {
    "user": {
      "screenName": "yuyy614893671",
      "name": "金融汪",
      "profileImageUrl": "https://pbs.twimg.com/profile_images/1832901799470411776/mpHf_iT0_normal.jpg",
      "description": "金融市场老兵. Former Investment manager. 观察和理解这个世界每天在发生着什么，是我的兴趣也是工作。X上的内容只是分享，不是投资建议。\n油管频道：师姐说 https://t.co/41afFnOGrW",
      "followersCount": 39996,
      "friendsCount": 305,
      "location": ""
    },
    "images": [
      "https://pbs.twimg.com/media/Ge74XmYbwAg1KKF.jpg"
    ],
    "videos": [],
    "tweetUrl": "https://x.com/yuyy614893671/status/1868703984258813985",
    "fullText": "牛逼，专治各种不服 https://t.co/ocMWlqyEuN"
  },
  {
    "user": {
      "screenName": "xiongchun007",
      "name": "Spring Xiong 熊春",
      "profileImageUrl": "https://pbs.twimg.com/profile_images/1850515744104263680/QdGAs4y6_normal.jpg",
      "description": "Programmer, Creator of @Datacollie (Database Management & Data Analysis)  #Java #Web #App #Python #DataScience #OpenSource",
      "followersCount": 2838,
      "friendsCount": 1071,
      "location": ""
    },
    "images": [
      "https://pbs.twimg.com/media/Ge7te2ZaQAAlfl0.jpg"
    ],
    "videos": [],
    "tweetUrl": "https://x.com/xiongchun007/status/1868693090757902596",
    "fullText": "#Datacollie 正在开发表结构设计器模块，这几天推进速度有点慢。#buildinpublic https://t.co/HjK61i48GF"
  },
  {
    "user": {
      "screenName": "turingou",
      "name": "郭宇 guoyu.eth",
      "profileImageUrl": "https://pbs.twimg.com/profile_images/1422205969077923841/jgLnMvyO_normal.jpg",
      "description": "Retired. ex ByteDancer #473. Onsen mania, live in Tokyo/Azumino/Miyakojima.",
      "followersCount": 133380,
      "friendsCount": 1425,
      "location": "東京 港区"
    },
    "images": [],
    "videos": [],
    "tweetUrl": "https://x.com/turingou/status/1868691044440920187",
    "fullText": "在 YouTube 上看到一个频道在介绍麻布台ヒルズ，想起我从南青山搬走后几乎再没去过六本木ヒルズ，在神宫前这种街区住习惯后，再回到老气横秋的人造大型购物中心，已经完全感受不到吸引力，理想的社区是生长出来的，只会越长越好，可想而知，麻布台的明天就是六本木的今天。"
  },
  {
    "user": {
      "screenName": "Filecoin",
      "name": "Filecoin",
      "profileImageUrl": "https://pbs.twimg.com/profile_images/1742210554662436864/XmS_lhtl_normal.jpg",
      "description": "Filecoin ⨎ is the largest decentralized data storage marketplace, protocol, & cryptocurrency. Twitter account is community managed.",
      "followersCount": 668238,
      "friendsCount": 422,
      "location": "Decentralized"
    },
    "images": [
      "https://pbs.twimg.com/media/Ge7rQLjWEAAtlIi.jpg"
    ],
    "videos": [],
    "tweetUrl": "https://x.com/Filecoin/status/1868689579710025775",
    "fullText": "🌐 Startups in the #Filecoin Spotlight 🌐\n\nOver 60 innovative teams are building towards key thematics within the Filecoin ecosystem, from Storage and DePIN to AI and Computing. Check out the map and learn more at https://t.co/5Eg9kO8b1R. https://t.co/7nAtgSO8IC"
  },
  {
    "user": {
      "screenName": "mellowflowT",
      "name": "Mellow Flow",
      "profileImageUrl": "https://pbs.twimg.com/profile_images/1843981013191475200/PDMOMBAE_normal.jpg",
      "description": "Say goodbye to procrastination & live your life to the fullest. ✨",
      "followersCount": 24,
      "friendsCount": 20,
      "location": ""
    },
    "images": [],
    "videos": [],
    "tweetUrl": "https://x.com/mellowflowT/status/1868675926642585897",
    "fullText": "Recognizing the early signs of burnout is crucial to protecting your mental and physical well-being. Take a break, seek support, and prioritize self-care before it escalates. 📷"
  },
  {
    "user": {
      "screenName": "mellowflowT",
      "name": "Mellow Flow",
      "profileImageUrl": "https://pbs.twimg.com/profile_images/1843981013191475200/PDMOMBAE_normal.jpg",
      "description": "Say goodbye to procrastination & live your life to the fullest. ✨",
      "followersCount": 17,
      "friendsCount": 20,
      "location": ""
    },
    "images": [],
    "videos": [],
    "tweetUrl": "https://x.com/mellowflowT/status/1868675926462017743",
    "fullText": "Recognizing the early signs of burnout is crucial to protecting your mental and physical well-being. Take a break, seek support, and prioritize self-care before it escalates. 📷"
  },
  {
    "user": {
      "screenName": "mellowflowT",
      "name": "Mellow Flow",
      "profileImageUrl": "https://pbs.twimg.com/profile_images/1843981013191475200/PDMOMBAE_normal.jpg",
      "description": "Say goodbye to procrastination & live your life to the fullest. ✨",
      "followersCount": 23,
      "friendsCount": 20,
      "location": ""
    },
    "images": [],
    "videos": [],
    "tweetUrl": "https://x.com/mellowflowT/status/1868671862026506308",
    "fullText": "Recognizing the early signs of burnout is crucial to protecting your mental and physical well-being. Take a break, seek support, and prioritize self-care before it escalates. 📷"
  },
  {
    "user": {
      "screenName": "mellowflowT",
      "name": "Mellow Flow",
      "profileImageUrl": "https://pbs.twimg.com/profile_images/1843981013191475200/PDMOMBAE_normal.jpg",
      "description": "Say goodbye to procrastination & live your life to the fullest. ✨",
      "followersCount": 23,
      "friendsCount": 20,
      "location": ""
    },
    "images": [],
    "videos": [],
    "tweetUrl": "https://x.com/mellowflowT/status/1868671791063011792",
    "fullText": "Recognizing the early signs of burnout is crucial to protecting your mental and physical well-being. Take a break, seek support, and prioritize self-care before it escalates. 📷"
  },
  {
    "user": {
      "screenName": "nishuang",
      "name": "倪爽",
      "profileImageUrl": "https://pbs.twimg.com/profile_images/1615204555/bg_green_300x300_normal.jpg",
      "description": "倪爽，设计顾问。 超过 20 年经验资深设计师，在美国运营 Honest Dot Design / 倪爽设计工作室，为中国及北美企业提供品牌设计、UX 设计两类设计咨询服务。",
      "followersCount": 98990,
      "friendsCount": 800,
      "location": "United States"
    },
    "images": [],
    "videos": [
      "https://video.twimg.com/tweet_video/Ge7WrvPWgAA4TvZ.mp4"
    ],
    "tweetUrl": "https://x.com/nishuang/status/1868666948302799058",
    "fullText": "打游戏能提高孩子智商\n\n来自荷兰、德国和瑞典的研究人员，研究了 5 千多名 9-10 岁的美国儿童的数据，发现：两年之后，玩游戏时间较多的孩子，智商比平均水平高出了 2.5 分😂\n\n而看电视和使用社交媒体，似乎对智力没有影响\n\n感谢科学家还游戏一个清白🙌 https://t.co/32qqKPhGY2"
  },
  {
    "user": {
      "screenName": "AngelicTheGame",
      "name": "Angelic",
      "profileImageUrl": "https://pbs.twimg.com/profile_images/1743312614917095424/It5UvSm9_normal.jpg",
      "description": "Narrative Strategy-RPG Set in a Dark and Collaborative Sci-Fi Universe \n\nWishlist us on https://t.co/tgs7s0qIUu & https://t.co/DKiuuTUrSU",
      "followersCount": 109620,
      "friendsCount": 3,
      "location": "Deep Space"
    },
    "images": [],
    "videos": [
      "https://video.twimg.com/ext_tw_video/1868662743957426176/pu/vid/avc1/1920x1080/RvRWM66aNCMjcS9K.mp4?tag=14"
    ],
    "tweetUrl": "https://x.com/AngelicTheGame/status/1868663213908258886",
    "fullText": "🌑 Meet Xue, the Dusk Warrior. \n\nGrim, chivalrous, and cloaked in mystery, Xue enters Angelic with unmatched martial prowess and a haunting past. As the big brother of Chun, he bears the weight of protecting his spirited sibling while grappling with his own relentless fears of an https://t.co/LvGc6uOkRd"
  },
  {
    "user": {
      "screenName": "cellinlab",
      "name": "Cellinlab",
      "profileImageUrl": "https://pbs.twimg.com/profile_images/1634900405724545031/gQgQEpaj_normal.jpg",
      "description": "🧚‍♂️ INFP to ENFJ ｜ 💻 独立开发者 ｜🎙️《午睡到天亮》播客 ｜ 🤖 AGI 降临派 ｜🤝 巢级个体社群 发起人 ｜💪 通过海量自由职业者案例、方法，让更多人看见、相信、成为独立工作者，做超级个体🦸‍♂️",
      "followersCount": 6606,
      "friendsCount": 3266,
      "location": ""
    },
    "images": [
      "https://pbs.twimg.com/media/Ge7SyBaaIAAts8z.jpg"
    ],
    "videos": [],
    "tweetUrl": "https://x.com/cellinlab/status/1868662663984935015",
    "fullText": "以前我总觉得，AI 科普或者割 AI 韭菜这事儿，有窗口期，做不了长远生意。\n但刚刚一想，Office 都发布 30 多年了，不会用的还是不会用，教程市场照样火爆。像秋叶老师这种做教程的，不是一样干得风生水起？\nAI 教程可能也是一样，长期来看完全有搞头。 https://t.co/UY0LVAgszl"
  },
  {
    "user": {
      "screenName": "yuyy614893671",
      "name": "金融汪",
      "profileImageUrl": "https://pbs.twimg.com/profile_images/1832901799470411776/mpHf_iT0_normal.jpg",
      "description": "金融市场老兵. Former Investment manager. 观察和理解这个世界每天在发生着什么，是我的兴趣也是工作。X上的内容只是分享，不是投资建议。\n油管频道：师姐说 https://t.co/41afFnOGrW",
      "followersCount": 39985,
      "friendsCount": 305,
      "location": ""
    },
    "images": [
      "https://pbs.twimg.com/media/Ge7PNhobcAApd-3.jpg"
    ],
    "videos": [],
    "tweetUrl": "https://x.com/yuyy614893671/status/1868658734651867350",
    "fullText": "有点“政策疲劳”了 https://t.co/fgkltr10tW"
  },
  {
    "user": {
      "screenName": "yihong0618",
      "name": "yihong0618",
      "profileImageUrl": "https://pbs.twimg.com/profile_images/1209446924006223872/wSIVSKnh_normal.jpg",
      "description": "喜欢王小波，大概我们能成为朋友。 我的 2024 https://t.co/HfDF6oduB7 我的 2023 https://t.co/QyV8PiZmOY 我的2022 https://t.co/NLYTn7xtta 我的 2021 我的 2020",
      "followersCount": 70344,
      "friendsCount": 3283,
      "location": ""
    },
    "images": [
      "https://pbs.twimg.com/media/Ge7IPcUagAAdsNM.jpg",
      "https://pbs.twimg.com/media/Ge7IPcVagAAZOV-.jpg"
    ],
    "videos": [],
    "tweetUrl": "https://x.com/yihong0618/status/1868651140595998885",
    "fullText": "在喝着可乐唱着歌周日开始想着写个基于人在传感器的 HA 刚跑通，小米开源了。。。\n\n&gt; 小米官方推出米家 Home Assistant 集成组件，可在 HA 中使用小米 IoT 智能设备\nhttps://t.co/griQxLiYt5 https://t.co/WS0762bno2"
  },
  {
    "user": {
      "screenName": "pregged_stories",
      "name": "Pregged Stories",
      "profileImageUrl": "https://pbs.twimg.com/profile_images/1857076478761959425/hpM5-rAh_normal.jpg",
      "description": "Discover imaginative storytelling crafted by moms 🤰, bringing relationships and family dynamics to life through fresh, creative stories.",
      "followersCount": 28,
      "friendsCount": 34,
      "location": ""
    },
    "images": [],
    "videos": [],
    "tweetUrl": "https://x.com/pregged_stories/status/1868649906761802015",
    "fullText": "While Sarah Briggs was out for a meal with her kids, they kept looking toward a man at a nearby table. Noticing their stares, the man quickly left, but paused to leave Sarah, a single mom, a brief and puzzling note before he walked out.\nClick to read more 👇"
  },
  {
    "user": {
      "screenName": "nextify2024",
      "name": "Nextify",
      "profileImageUrl": "https://pbs.twimg.com/profile_images/1766283284370305025/QKXW5W3M_normal.jpg",
      "description": "某不知名 HK 创业公司 CEO ，关不关注我的代码 https://t.co/h2isoGsGIV ，我们都是好朋友 🫡",
      "followersCount": 23160,
      "friendsCount": 342,
      "location": "HK"
    },
    "images": [
      "https://pbs.twimg.com/media/Ge6_0RJboAAF7ot.jpg"
    ],
    "videos": [],
    "tweetUrl": "https://x.com/nextify2024/status/1868641906043039882",
    "fullText": "OneClick企业版 启动！ https://t.co/DDYABaeNLP"
  },
  {
    "user": {
      "screenName": "_KleinHe_",
      "name": "KleinHE",
      "profileImageUrl": "https://pbs.twimg.com/profile_images/1790402221785649153/YuxI3TL8_normal.jpg",
      "description": "20 y.o.｜全干开发者💻 ｜UI/UX 🪄｜Creator of https://t.co/BxjKxV8BAN 思想上的西西弗斯🧠｜究极书虫📚｜ex 硬核游戏玩家👾 英推：https://t.co/wRw05o35m5",
      "followersCount": 987,
      "friendsCount": 490,
      "location": "🟩 🟩 🟩 🟩 🟨   1k followers"
    },
    "images": [
      "https://pbs.twimg.com/media/Ge3HZZKbYAAIb-F.jpg"
    ],
    "videos": [],
    "tweetUrl": "https://x.com/_KleinHe_/status/1868641476546007287",
    "fullText": "还在担心下载的文件有病毒 🦠？打开的链接不安全 💀 ？遇到可疑域名和IP想确认？\n\n📱 专业安全检测神器：VirusTotal\n一站式识别各类威胁，70+顶级杀毒引擎联合把关！\n\n✨ 支持检测：\n• 可疑文件\n• 未知网址\n• 域名安全性\n• IP地址可信度 \n\n网址在这里 👇\n\nhttps://www.virustotal(.)com/ https://t.co/OdRpsx4kCb"
  },
  {
    "user": {
      "screenName": "_KleinHe_",
      "name": "KleinHE",
      "profileImageUrl": "https://pbs.twimg.com/profile_images/1790402221785649153/YuxI3TL8_normal.jpg",
      "description": "20 y.o.｜全干开发者💻 ｜UI/UX 🪄｜Creator of https://t.co/BxjKxV8BAN 思想上的西西弗斯🧠｜究极书虫📚｜ex 硬核游戏玩家👾 英推：https://t.co/wRw05o35m5",
      "followersCount": 986,
      "friendsCount": 490,
      "location": "🟩 🟩 🟩 🟩 🟨   1k followers"
    },
    "images": [],
    "videos": [
      "https://video.twimg.com/ext_tw_video/1868634814192275456/pu/vid/avc1/1208x720/61xAkUpMQwP-oo8p.mp4?tag=12"
    ],
    "tweetUrl": "https://x.com/_KleinHe_/status/1868634898434785518",
    "fullText": "因为新用户 onboarding 需要等两三分种左右，浅浅做了一个等待动画 https://t.co/2QqaLwlxQG"
  },
  {
    "user": {
      "screenName": "yihui_indie",
      "name": "熠辉 Indie",
      "profileImageUrl": "https://pbs.twimg.com/profile_images/1804848821702377472/fSfFlGTf_normal.jpg",
      "description": "我的专栏：https://t.co/n3aQPcb9yX ;  独立开发者，NuxtBase作者",
      "followersCount": 22357,
      "friendsCount": 452,
      "location": "Hong Kong"
    },
    "images": [
      "https://pbs.twimg.com/media/Ge64ZNRbsAAwD_V.jpg",
      "https://pbs.twimg.com/media/Ge64ZNSaAAA3FLR.jpg"
    ],
    "videos": [],
    "tweetUrl": "https://x.com/yihui_indie/status/1868633660813177053",
    "fullText": "感谢麦琳，让我换了台电脑！ https://t.co/d61fkdARRk"
  },
  {
    "user": {
      "screenName": "yihui_indie",
      "name": "熠辉 Indie",
      "profileImageUrl": "https://pbs.twimg.com/profile_images/1804848821702377472/fSfFlGTf_normal.jpg",
      "description": "我的专栏：https://t.co/n3aQPcb9yX ;  独立开发者，NuxtBase作者",
      "followersCount": 22346,
      "friendsCount": 452,
      "location": "Hong Kong"
    },
    "images": [
      "https://pbs.twimg.com/media/Ge6094LbQAAsggD.jpg"
    ],
    "videos": [],
    "tweetUrl": "https://x.com/yihui_indie/status/1868630644378771914",
    "fullText": "NuxtBase(https://t.co/Pgo4yJzdI7)更新。该更新比较重要，希望有还没上线的用户更新一下:\n1. 优化了useUser中用户初始化登录的流程，之前会重复多次请求supabase登录态的问题\n2. stripe管理订阅模式新增了唤起stripe的portal https://t.co/V7XnS5uEx8"
  },
  {
    "user": {
      "screenName": "cellinlab",
      "name": "Cellinlab",
      "profileImageUrl": "https://pbs.twimg.com/profile_images/1634900405724545031/gQgQEpaj_normal.jpg",
      "description": "🧚‍♂️ INFP to ENFJ ｜ 💻 独立开发者 ｜🎙️《午睡到天亮》播客 ｜ 🤖 AGI 降临派 ｜🤝 巢级个体社群 发起人 ｜💪 通过海量自由职业者案例、方法，让更多人看见、相信、成为独立工作者，做超级个体🦸‍♂️",
      "followersCount": 6603,
      "friendsCount": 3266,
      "location": ""
    },
    "images": [
      "https://pbs.twimg.com/media/Ge6w1rUagAAiFzJ.jpg"
    ],
    "videos": [],
    "tweetUrl": "https://x.com/cellinlab/status/1868625979444429201",
    "fullText": "新站上线！\n\nPodRedit：🎙️ 让播客被更多人看见~ ✨\n\n专注于播客内容发现、二次创作和传播🚀\n\n免费试用👇 https://t.co/F1ap1O1h92"
  },
  {
    "user": {
      "screenName": "cellinlab",
      "name": "Cellinlab",
      "profileImageUrl": "https://pbs.twimg.com/profile_images/1634900405724545031/gQgQEpaj_normal.jpg",
      "description": "🧚‍♂️ INFP to ENFJ ｜ 💻 独立开发者 ｜🎙️《午睡到天亮》播客 ｜ 🤖 AGI 降临派 ｜🤝 巢级个体社群 发起人 ｜💪 通过海量自由职业者案例、方法，让更多人看见、相信、成为独立工作者，做超级个体🦸‍♂️",
      "followersCount": 6603,
      "friendsCount": 3266,
      "location": ""
    },
    "images": [
      "https://pbs.twimg.com/media/Ge6szgVb0AA1XLJ.jpg",
      "https://pbs.twimg.com/media/Ge6szgVa0AEEm42.jpg"
    ],
    "videos": [],
    "tweetUrl": "https://x.com/cellinlab/status/1868620913589342586",
    "fullText": "独立开发者成了新的蓄水池吗🌝🌚 https://t.co/MaXTSDaG29"
  },
  {
    "user": {
      "screenName": "xiongchun007",
      "name": "Spring Xiong 熊春",
      "profileImageUrl": "https://pbs.twimg.com/profile_images/1850515744104263680/QdGAs4y6_normal.jpg",
      "description": "Programmer, Creator of @Datacollie (Database Management & Data Analysis)  #Java #Web #App #Python #DataScience #OpenSource",
      "followersCount": 2825,
      "friendsCount": 1071,
      "location": ""
    },
    "images": [
      "https://pbs.twimg.com/media/Ge6o9wLbwAAwSez.jpg"
    ],
    "videos": [],
    "tweetUrl": "https://x.com/xiongchun007/status/1868616872666746960",
    "fullText": "Day 23～26 #大龄程序员求职真人秀 今天收到了上上周面试的C公司(深圳比亚迪)HR通知：说技术面通过了，今天约我安排HR人事面试。下午和人事聊了聊，就那些常见的人事问题。有点特色的问题是最后问我：\n“您身体情况怎么样?” \n我说：“挺好的呀，正值年富力强，生龙活虎的时候。”🔊🐉🔥🐯\n就这样，散会。 https://t.co/6dgPKPZrgl"
  },
  {
    "user": {
      "screenName": "NFL",
      "name": "NFL",
      "profileImageUrl": "https://pbs.twimg.com/profile_images/1619895559334273028/PHKS_mjX_normal.jpg",
      "description": "four weeks left to flip the standings",
      "followersCount": 36987997,
      "friendsCount": 2821,
      "location": ""
    },
    "images": [],
    "videos": [
      "https://video.twimg.com/amplify_video/1868501573066006528/vid/avc1/1920x1080/UsejkeeBeSHwwoSQ.mp4?tag=16"
    ],
    "tweetUrl": "https://x.com/NFL/status/1868501807598862756",
    "fullText": "A perfect punch out 🥊 https://t.co/NJDXSQcHXQ"
  },
  {
    "user": {
      "screenName": "NFL",
      "name": "NFL",
      "profileImageUrl": "https://pbs.twimg.com/profile_images/1619895559334273028/PHKS_mjX_normal.jpg",
      "description": "four weeks left to flip the standings",
      "followersCount": 36988444,
      "friendsCount": 2821,
      "location": ""
    },
    "images": [],
    "videos": [
      "https://video.twimg.com/amplify_video/1868495587399835648/vid/avc1/1920x1080/AWUR1phBI-GeT0uS.mp4?tag=16"
    ],
    "tweetUrl": "https://x.com/NFL/status/1868495716353757639",
    "fullText": "L🎯VE https://t.co/64AWmbEdsW"
  },
  {
    "user": {
      "screenName": "Tokyo_gov",
      "name": "Tokyo Gov",
      "profileImageUrl": "https://pbs.twimg.com/profile_images/1623122597008359425/mk9fH_N1_normal.jpg",
      "description": "Official Twitter of the Tokyo Metropolitan Government. Follow Tokyo Gov for news, policy announcements, events and services, etc.",
      "followersCount": 278405,
      "friendsCount": 29,
      "location": "2-8-1 Nishi-Shinjuku, Shinjuku-ku, Tokyo"
    },
    "images": [
      "https://pbs.twimg.com/media/Ge4bdpCWUAArAaV.jpg"
    ],
    "videos": [],
    "tweetUrl": "https://x.com/Tokyo_gov/status/1868461094982861185",
    "fullText": "Comment the number of your favorite picture below! 💬\n\nWhich picture do you think best fits January? The most popular picture will be our account header image all of January! ❄\n1. Sensoji Temple\n2. Shinjuku and Mt. Fuji\n3. Zojoji Temple\n\n#TokyoSeasons #Tokyo https://t.co/aXLTfJUTnt"
  },
  {
    "user": {
      "screenName": "NFL",
      "name": "NFL",
      "profileImageUrl": "https://pbs.twimg.com/profile_images/1619895559334273028/PHKS_mjX_normal.jpg",
      "description": "four weeks left to flip the standings",
      "followersCount": 36987951,
      "friendsCount": 2821,
      "location": ""
    },
    "images": [],
    "videos": [
      "https://video.twimg.com/amplify_video/1868434582053535744/vid/avc1/1920x1080/MdUKB7OrtWEw8gRz.mp4?tag=16"
    ],
    "tweetUrl": "https://x.com/NFL/status/1868434746394468579",
    "fullText": "Call overturned! This TD was ruled a touchback 😳 https://t.co/jRlTeq9QQs"
  },
  {
    "user": {
      "screenName": "canlesofficial",
      "name": "Canles",
      "profileImageUrl": "https://pbs.twimg.com/profile_images/1666678663084150784/41oyvaiH_normal.jpg",
      "description": "👣 Engineered for walking | 👟 Comfy & versatile footwear for life's adventures | 🌿 Breathable, lightweight designs",
      "followersCount": 10126,
      "friendsCount": 1,
      "location": "Vancouver, Canada"
    },
    "images": [],
    "videos": [],
    "tweetUrl": "https://x.com/canlesofficial/status/1868184991102063070",
    "fullText": "Tired of shivering through the winter? Our revolutionary winter boots are here to save the day! Designed to keep your feet toasty warm, dry, and protected, no matter how harsh the weather. Experience the ultimate in winter comfort."
  },
  {
    "user": {
      "screenName": "canlesofficial",
      "name": "Canles",
      "profileImageUrl": "https://pbs.twimg.com/profile_images/1666678663084150784/41oyvaiH_normal.jpg",
      "description": "👣 Engineered for walking | 👟 Comfy & versatile footwear for life's adventures | 🌿 Breathable, lightweight designs",
      "followersCount": 10121,
      "friendsCount": 1,
      "location": "Vancouver, Canada"
    },
    "images": [],
    "videos": [],
    "tweetUrl": "https://x.com/canlesofficial/status/1868184983464206770",
    "fullText": "Tired of shivering through the winter? Our revolutionary winter boots are here to save the day! Designed to keep your feet toasty warm, dry, and protected, no matter how harsh the weather. Experience the ultimate in winter comfort."
  }
]