[
  {
    "user": {
      "screenName": "middlefeng",
      "name": "FENG DONG",
      "profileImageUrl": "https://pbs.twimg.com/profile_images/2169091824/Nuclear_normal.png",
      "description": "Author of Nuo Model Viewer. Programming C++, Lua, DirectX, Windows, iOS, macOS, Metal. Linux kernel fan (once). Atheism leads to singularity and God save us.",
      "followersCount": 6166,
      "friendsCount": 721,
      "location": "San Jose, CA"
    },
    "images": [],
    "videos": [],
    "tweetUrl": "https://x.com/middlefeng/status/1870606692263805318",
    "fullText": "以前提到大和号的印象就是日本执着于一种落后的作战理念。似乎「执着」这个关键词就掩盖了一切，往里投入资源造个大家伙是相对简单的问题。但是 2020 年日本拍了一个《阿基米德的大战》，用新奇的角度让人看到了建造大和号的工程魅力。"
  },
  {
    "user": {
      "screenName": "yihong0618",
      "name": "yihong0618",
      "profileImageUrl": "https://pbs.twimg.com/profile_images/1209446924006223872/wSIVSKnh_normal.jpg",
      "description": "喜欢王小波，大概我们能成为朋友。 我的 2024 https://t.co/HfDF6oduB7 我的 2023 https://t.co/QyV8PiZmOY 我的2022 https://t.co/NLYTn7xtta 我的 2021 我的 2020",
      "followersCount": 70392,
      "friendsCount": 3284,
      "location": ""
    },
    "images": [
      "https://pbs.twimg.com/media/GfW4Id9aIAA_KEB.jpg",
      "https://pbs.twimg.com/media/GfW4Id9aoAAri3g.jpg"
    ],
    "videos": [],
    "tweetUrl": "https://x.com/yihong0618/status/1870603692254417154",
    "fullText": "#今天的跑步电台。 https://t.co/7KEVdLzFC9"
  },
  {
    "user": {
      "screenName": "yuyy614893671",
      "name": "金融汪",
      "profileImageUrl": "https://pbs.twimg.com/profile_images/1832901799470411776/mpHf_iT0_normal.jpg",
      "description": "金融市场老兵. Former Investment manager. 观察和理解这个世界每天在发生着什么，是我的兴趣也是工作。X上的内容只是分享，不是投资建议。\n油管频道：师姐说 https://t.co/41afFnOGrW",
      "followersCount": 40991,
      "friendsCount": 306,
      "location": ""
    },
    "images": [],
    "videos": [],
    "tweetUrl": "https://x.com/yuyy614893671/status/1870533174251663761",
    "fullText": "这期节目延续了《局面》的水准！\n\n专访许成钢：极权体制下的经济奇迹与困局｜局面访谈20241221 https://t.co/nuFuzq8qZV 来自 @YouTube"
  },
  {
    "user": {
      "screenName": "middlefeng",
      "name": "FENG DONG",
      "profileImageUrl": "https://pbs.twimg.com/profile_images/2169091824/Nuclear_normal.png",
      "description": "Author of Nuo Model Viewer. Programming C++, Lua, DirectX, Windows, iOS, macOS, Metal. Linux kernel fan (once). Atheism leads to singularity and God save us.",
      "followersCount": 6166,
      "friendsCount": 721,
      "location": "San Jose, CA"
    },
    "images": [],
    "videos": [],
    "tweetUrl": "https://x.com/middlefeng/status/1870524494475124834",
    "fullText": "我可以讲一个我自己的教育的惨痛经历。我高中两次尝试自学微积分，都差一步就成功了。成功之后会如何呢？我当时是高一市物理奥赛二等奖，如果成功了就可以接着去高级物理奥赛，但我放弃了。\n\n我为什么差一步呢？就是我不理解为什么积分的 dx"
  },
  {
    "user": {
      "screenName": "yuyy614893671",
      "name": "金融汪",
      "profileImageUrl": "https://pbs.twimg.com/profile_images/1832901799470411776/mpHf_iT0_normal.jpg",
      "description": "金融市场老兵. Former Investment manager. 观察和理解这个世界每天在发生着什么，是我的兴趣也是工作。X上的内容只是分享，不是投资建议。\n油管频道：师姐说 https://t.co/41afFnOGrW",
      "followersCount": 40936,
      "friendsCount": 305,
      "location": ""
    },
    "images": [],
    "videos": [],
    "tweetUrl": "https://x.com/yuyy614893671/status/1870517787011203205",
    "fullText": "在事业还没有产生足够现金流的时候，就把摊子铺大，完全不考虑人均产出，每平米工作场地成本与产出……\n\n有两个可能：\n\n1. 完全不懂经营，没有商业头脑，如果把这个事业和梦想挂钩，一定是事做不成，梦想破灭。蠢\n\n2. 他的经营模式和表面呈现出来的相去甚远。"
  },
  {
    "user": {
      "screenName": "NordaceOfficial",
      "name": "Nordace",
      "profileImageUrl": "https://pbs.twimg.com/profile_images/1103775502391697408/pwfE7uK7_normal.png",
      "description": "Whether you're hiking the Andes or exploring the streets of Rome, we have the best travel bags and accessories for any adventure. Always searching for adventure",
      "followersCount": 42032,
      "friendsCount": 0,
      "location": ""
    },
    "images": [],
    "videos": [],
    "tweetUrl": "https://x.com/NordaceOfficial/status/1870514695062598007",
    "fullText": "🎒 Pack Smarter, Travel Easier with This Tote!\n https://t.co/w1kuPO4zBz"
  },
  {
    "user": {
      "screenName": "NordaceOfficial",
      "name": "Nordace",
      "profileImageUrl": "https://pbs.twimg.com/profile_images/1103775502391697408/pwfE7uK7_normal.png",
      "description": "Whether you're hiking the Andes or exploring the streets of Rome, we have the best travel bags and accessories for any adventure. Always searching for adventure",
      "followersCount": 42034,
      "friendsCount": 0,
      "location": ""
    },
    "images": [],
    "videos": [],
    "tweetUrl": "https://x.com/NordaceOfficial/status/1870514695020711993",
    "fullText": "🎒 Pack Smarter, Travel Easier with This Tote!\n https://t.co/w1kuPO4zBz"
  },
  {
    "user": {
      "screenName": "NordaceOfficial",
      "name": "Nordace",
      "profileImageUrl": "https://pbs.twimg.com/profile_images/1103775502391697408/pwfE7uK7_normal.png",
      "description": "Whether you're hiking the Andes or exploring the streets of Rome, we have the best travel bags and accessories for any adventure. Always searching for adventure",
      "followersCount": 42035,
      "friendsCount": 0,
      "location": ""
    },
    "images": [],
    "videos": [],
    "tweetUrl": "https://x.com/NordaceOfficial/status/1870514574849700231",
    "fullText": "🌍Stay Organized and Travel Smarter with This Bag!\nhttps://t.co/JLnEOUPAg4"
  },
  {
    "user": {
      "screenName": "NordaceOfficial",
      "name": "Nordace",
      "profileImageUrl": "https://pbs.twimg.com/profile_images/1103775502391697408/pwfE7uK7_normal.png",
      "description": "Whether you're hiking the Andes or exploring the streets of Rome, we have the best travel bags and accessories for any adventure. Always searching for adventure",
      "followersCount": 42032,
      "friendsCount": 0,
      "location": ""
    },
    "images": [],
    "videos": [],
    "tweetUrl": "https://x.com/NordaceOfficial/status/1870514572811243756",
    "fullText": "🎒 Pack Smarter, Travel Easier with This Tote!\n https://t.co/w1kuPO4zBz"
  },
  {
    "user": {
      "screenName": "NordaceOfficial",
      "name": "Nordace",
      "profileImageUrl": "https://pbs.twimg.com/profile_images/1103775502391697408/pwfE7uK7_normal.png",
      "description": "Whether you're hiking the Andes or exploring the streets of Rome, we have the best travel bags and accessories for any adventure. Always searching for adventure",
      "followersCount": 42035,
      "friendsCount": 0,
      "location": ""
    },
    "images": [],
    "videos": [],
    "tweetUrl": "https://x.com/NordaceOfficial/status/1870514572739932324",
    "fullText": "🎒 Pack Smarter, Travel Easier with This Tote!\n https://t.co/w1kuPO4zBz"
  },
  {
    "user": {
      "screenName": "dotey",
      "name": "宝玉",
      "profileImageUrl": "https://pbs.twimg.com/profile_images/561086911561736192/6_g58vEs_normal.jpeg",
      "description": "Prompt Engineer, dedicated to learning and disseminating knowledge about AI, software engineering, and engineering management.",
      "followersCount": 98388,
      "friendsCount": 1233,
      "location": "Chicago, IL"
    },
    "images": [],
    "videos": [],
    "tweetUrl": "https://x.com/dotey/status/1870512554759405970",
    "fullText": "我以前在国内看病的时候，就发现医生看完检查报告现场用电脑在百度搜索，我心里就有点犯嘀咕：这医生靠谱吗？后来来美国也差不多，医生也是现场 Google。估计下次医生要现场打开 ChatGPT 问了。"
  },
  {
    "user": {
      "screenName": "turingou",
      "name": "郭宇 guoyu.eth",
      "profileImageUrl": "https://pbs.twimg.com/profile_images/1870511184761483265/QO7R0Ow3_normal.jpg",
      "description": "Retired. ex ByteDancer #473. Onsen mania, live in Tokyo/Azumino/Miyakojima.",
      "followersCount": 133743,
      "friendsCount": 1425,
      "location": "東京 港区"
    },
    "images": [
      "https://pbs.twimg.com/media/GfVhk3FbUAAVOHE.jpg"
    ],
    "videos": [],
    "tweetUrl": "https://x.com/turingou/status/1870508520522813619",
    "fullText": "偶然在小红薯的土味视频里发现这支云南山歌摇滚🤘🏻他们竟然在山歌里加嘻哈，好有意思！能想象在新奥尔良街头放这个肯定一堆人跟着我们跳舞🕺🏻 https://t.co/gufmQJNz6i"
  },
  {
    "user": {
      "screenName": "MaimaiLee123",
      "name": "李麦麦",
      "profileImageUrl": "https://pbs.twimg.com/profile_images/1863951770080428032/5qM3fGRx_normal.jpg",
      "description": "人只有醒来才知道自己睡了一觉\n\n｜ INTJ ｜感谢follow ｜\n电报   https://t.co/qYINMLQgVt \n自留地  https://t.co/WQYgnkH9Ew",
      "followersCount": 6054,
      "friendsCount": 721,
      "location": "IP属地:由于相关法律法规及政策,该地址不予显示"
    },
    "images": [
      "https://pbs.twimg.com/media/GfVITdIbMAA56lz.jpg"
    ],
    "videos": [],
    "tweetUrl": "https://x.com/MaimaiLee123/status/1870480760341438530",
    "fullText": "三鲜饺子和长得像中药的红糖汤圆 https://t.co/wgqpKcakhE"
  },
  {
    "user": {
      "screenName": "cellinlab",
      "name": "Cellinlab",
      "profileImageUrl": "https://pbs.twimg.com/profile_images/1634900405724545031/gQgQEpaj_normal.jpg",
      "description": "🧚‍♂️ INFP to ENFJ ｜ 💻 独立开发者 ｜🎙️《午睡到天亮》播客 ｜ 🤖 AGI 降临派 ｜🤝 巢级个体社群 发起人 ｜💪 通过海量自由职业者案例、方法，让更多人看见、相信、成为独立工作者，做超级个体🦸‍♂️",
      "followersCount": 6863,
      "friendsCount": 3272,
      "location": ""
    },
    "images": [
      "https://pbs.twimg.com/media/GfUmU03akAAFPAR.png",
      "https://pbs.twimg.com/media/GfUmZpwbUAAxKw9.jpg",
      "https://pbs.twimg.com/media/GfUmbMYbwAAK7pa.png",
      "https://pbs.twimg.com/media/GfUmqlSagAAaSFB.jpg"
    ],
    "videos": [],
    "tweetUrl": "https://x.com/cellinlab/status/1870443790819094756",
    "fullText": "感觉 AI + 玄学，真的是有场景、有未来！！！ https://t.co/Q9qJlNodfx"
  },
  {
    "user": {
      "screenName": "canlesofficial",
      "name": "Canles",
      "profileImageUrl": "https://pbs.twimg.com/profile_images/1666678663084150784/41oyvaiH_normal.jpg",
      "description": "👣 Engineered for walking | 👟 Comfy & versatile footwear for life's adventures | 🌿 Breathable, lightweight designs",
      "followersCount": 10402,
      "friendsCount": 1,
      "location": "Vancouver, Canada"
    },
    "images": [],
    "videos": [],
    "tweetUrl": "https://x.com/canlesofficial/status/1870432655923364106",
    "fullText": "Say Goodbye to Neuropathy Pain This Winter!\n\nStruggling with numbness, tingling, or discomfort? Our winter boots offer a wide toe box, cozy warmth, and supportive design to ease neuropathy pain, ensuring a comfortable, pain-free winter."
  },
  {
    "user": {
      "screenName": "canlesofficial",
      "name": "Canles",
      "profileImageUrl": "https://pbs.twimg.com/profile_images/1666678663084150784/41oyvaiH_normal.jpg",
      "description": "👣 Engineered for walking | 👟 Comfy & versatile footwear for life's adventures | 🌿 Breathable, lightweight designs",
      "followersCount": 10397,
      "friendsCount": 1,
      "location": "Vancouver, Canada"
    },
    "images": [],
    "videos": [],
    "tweetUrl": "https://x.com/canlesofficial/status/1870432647702323217",
    "fullText": "Say Goodbye to Neuropathy Pain This Winter!\n\nStruggling with numbness, tingling, or discomfort? Our winter boots offer a wide toe box, cozy warmth, and supportive design to ease neuropathy pain, ensuring a comfortable, pain-free winter."
  },
  {
    "user": {
      "screenName": "canlesofficial",
      "name": "Canles",
      "profileImageUrl": "https://pbs.twimg.com/profile_images/1666678663084150784/41oyvaiH_normal.jpg",
      "description": "👣 Engineered for walking | 👟 Comfy & versatile footwear for life's adventures | 🌿 Breathable, lightweight designs",
      "followersCount": 10398,
      "friendsCount": 1,
      "location": "Vancouver, Canada"
    },
    "images": [],
    "videos": [],
    "tweetUrl": "https://x.com/canlesofficial/status/1870432622481965473",
    "fullText": "Say Goodbye to Neuropathy Pain This Winter!\n\nStruggling with numbness, tingling, or discomfort? Our winter boots offer a wide toe box, cozy warmth, and supportive design to ease neuropathy pain, ensuring a comfortable, pain-free winter."
  },
  {
    "user": {
      "screenName": "canlesofficial",
      "name": "Canles",
      "profileImageUrl": "https://pbs.twimg.com/profile_images/1666678663084150784/41oyvaiH_normal.jpg",
      "description": "👣 Engineered for walking | 👟 Comfy & versatile footwear for life's adventures | 🌿 Breathable, lightweight designs",
      "followersCount": 10399,
      "friendsCount": 1,
      "location": "Vancouver, Canada"
    },
    "images": [],
    "videos": [],
    "tweetUrl": "https://x.com/canlesofficial/status/1870432617868169353",
    "fullText": "Say Goodbye to Neuropathy Pain This Winter!\n\nStruggling with numbness, tingling, or discomfort? Our winter boots offer a wide toe box, cozy warmth, and supportive design to ease neuropathy pain, ensuring a comfortable, pain-free winter."
  },
  {
    "user": {
      "screenName": "MaimaiLee123",
      "name": "李麦麦",
      "profileImageUrl": "https://pbs.twimg.com/profile_images/1863951770080428032/5qM3fGRx_normal.jpg",
      "description": "人只有醒来才知道自己睡了一觉\n\n｜ INTJ ｜感谢follow ｜\n电报   https://t.co/qYINMLQgVt \n自留地  https://t.co/WQYgnkH9Ew",
      "followersCount": 6054,
      "friendsCount": 721,
      "location": "IP属地:由于相关法律法规及政策,该地址不予显示"
    },
    "images": [
      "https://pbs.twimg.com/media/GfUVTAxbQAAJ1aw.png",
      "https://pbs.twimg.com/media/GfUVTw-akAAe0cz.png"
    ],
    "videos": [],
    "tweetUrl": "https://x.com/MaimaiLee123/status/1870424858024354091",
    "fullText": "嘿，我有个大胆的想法，目前我的容错率很高，所以我想尝试一下把付费订阅也争取到 https://t.co/67izC5nAiV"
  },
  {
    "user": {
      "screenName": "MaimaiLee123",
      "name": "李麦麦",
      "profileImageUrl": "https://pbs.twimg.com/profile_images/1863951770080428032/5qM3fGRx_normal.jpg",
      "description": "人只有醒来才知道自己睡了一觉\n\n｜ INTJ ｜感谢follow ｜\n电报   https://t.co/qYINMLQgVt \n自留地  https://t.co/WQYgnkH9Ew",
      "followersCount": 6054,
      "friendsCount": 721,
      "location": "IP属地:由于相关法律法规及政策,该地址不予显示"
    },
    "images": [
      "https://pbs.twimg.com/media/GfUNNAOagAAAd-s.jpg",
      "https://pbs.twimg.com/media/GfUNOhIawAA23u_.png"
    ],
    "videos": [],
    "tweetUrl": "https://x.com/MaimaiLee123/status/1870416052708143121",
    "fullText": "X出了新功能。\n网页版的X把鼠标移到任何人的头像上点一下“Profile Summary”，Grok会自动分析账号和推文，赶快试试吧。 https://t.co/xuXyCFmDCG"
  },
  {
    "user": {
      "screenName": "vikingmute",
      "name": "Viking",
      "profileImageUrl": "https://pbs.twimg.com/profile_images/725179208528322560/TPjU7qop_normal.jpg",
      "description": "独立开发者 自由职业\n作品 - 简单简历 https://t.co/xMu5JFIGnr 五分钟打造程序员的金牌简历\n\n课程 - 慕课网精英讲师 https://t.co/NTyFFrvHwL\n\n经历 - 不上班的1000天 https://t.co/bonuLQCCsY\n\n视频 - https://t.co/aQYLgujIyC",
      "followersCount": 50453,
      "friendsCount": 280,
      "location": "Shanghai"
    },
    "images": [
      "https://pbs.twimg.com/media/GfUKcGRa4AAuIEs.jpg"
    ],
    "videos": [],
    "tweetUrl": "https://x.com/vikingmute/status/1870412707939410262",
    "fullText": "有小孩以后 每天都吃白人饭了 做起来只要十五分钟 健康营养 基本告别中餐了 https://t.co/bHj68mjQ0J"
  },
  {
    "user": {
      "screenName": "nextify2024",
      "name": "Nextify",
      "profileImageUrl": "https://pbs.twimg.com/profile_images/1766283284370305025/QKXW5W3M_normal.jpg",
      "description": "某不知名 HK 创业公司 CEO ，关不关注我的代码 https://t.co/h2isoGsGIV ，我们都是好朋友 🫡",
      "followersCount": 23150,
      "friendsCount": 342,
      "location": "HK"
    },
    "images": [
      "https://pbs.twimg.com/media/GfT-fQ5asAAMdjU.png"
    ],
    "videos": [],
    "tweetUrl": "https://x.com/nextify2024/status/1870402347089989877",
    "fullText": "开源项目可申请IBM Z和LinuxONE上的免费、永久的虚拟机。 https://t.co/qKcFXL68Ic"
  },
  {
    "user": {
      "screenName": "MaimaiLee123",
      "name": "李麦麦",
      "profileImageUrl": "https://pbs.twimg.com/profile_images/1863951770080428032/5qM3fGRx_normal.jpg",
      "description": "人只有醒来才知道自己睡了一觉\n\n｜ INTJ ｜感谢follow ｜\n电报   https://t.co/qYINMLQgVt \n自留地  https://t.co/WQYgnkH9Ew",
      "followersCount": 6054,
      "friendsCount": 721,
      "location": "IP属地:由于相关法律法规及政策,该地址不予显示"
    },
    "images": [
      "https://pbs.twimg.com/media/GfT9YRzaQAAV0Jy.jpg"
    ],
    "videos": [],
    "tweetUrl": "https://x.com/MaimaiLee123/status/1870398349368815753",
    "fullText": "我是肠粉超人 https://t.co/mUQqFjPyP6"
  },
  {
    "user": {
      "screenName": "turingou",
      "name": "郭宇 guoyu.eth",
      "profileImageUrl": "https://pbs.twimg.com/profile_images/1870511184761483265/QO7R0Ow3_normal.jpg",
      "description": "Retired. ex ByteDancer #473. Onsen mania, live in Tokyo/Azumino/Miyakojima.",
      "followersCount": 133743,
      "friendsCount": 1425,
      "location": "東京 港区"
    },
    "images": [
      "https://pbs.twimg.com/media/GfT27fKbsAAexED.jpg",
      "https://pbs.twimg.com/media/GfT27fMaYAA1kHV.jpg",
      "https://pbs.twimg.com/media/GfT27fNaIAA_tlK.jpg",
      "https://pbs.twimg.com/media/GfT27fMaoAAJ76F.jpg"
    ],
    "videos": [],
    "tweetUrl": "https://x.com/turingou/status/1870391290334195734",
    "fullText": "上海 City Walk! https://t.co/Gb2uIMtF6T"
  },
  {
    "user": {
      "screenName": "vikingmute",
      "name": "Viking",
      "profileImageUrl": "https://pbs.twimg.com/profile_images/725179208528322560/TPjU7qop_normal.jpg",
      "description": "独立开发者 自由职业\n作品 - 简单简历 https://t.co/xMu5JFIGnr 五分钟打造程序员的金牌简历\n\n课程 - 慕课网精英讲师 https://t.co/NTyFFrvHwL\n\n经历 - 不上班的1000天 https://t.co/bonuLQCCsY\n\n视频 - https://t.co/aQYLgujIyC",
      "followersCount": 50453,
      "friendsCount": 280,
      "location": "Shanghai"
    },
    "images": [
      "https://pbs.twimg.com/media/GfTz9P-aYAA9CQx.jpg",
      "https://pbs.twimg.com/media/GfTz9P8aEAAn7Ng.jpg"
    ],
    "videos": [],
    "tweetUrl": "https://x.com/vikingmute/status/1870388248054485155",
    "fullText": "HackerNews 昨天有个最火的帖子是 《A 10-Year Battery for AirTag》\n\nhttps://t.co/int147rLLI\n\n楼主因为 AirTag 的电量不够，导致丢失的摄影器材没有找回来，所以它设计了一个 AirTag 的保护壳，可以外接两个五号电池（AA Batteries），同时保护壳还是防水材质，这样电量持久十年。 https://t.co/4eoLhwQ6lZ"
  },
  {
    "user": {
      "screenName": "yuyy614893671",
      "name": "金融汪",
      "profileImageUrl": "https://pbs.twimg.com/profile_images/1832901799470411776/mpHf_iT0_normal.jpg",
      "description": "金融市场老兵. Former Investment manager. 观察和理解这个世界每天在发生着什么，是我的兴趣也是工作。X上的内容只是分享，不是投资建议。\n油管频道：师姐说 https://t.co/41afFnOGrW",
      "followersCount": 40991,
      "friendsCount": 306,
      "location": ""
    },
    "images": [],
    "videos": [],
    "tweetUrl": "https://x.com/yuyy614893671/status/1870367525349077040",
    "fullText": "币圈的人\n\n就不必到我这里来碰瓷了\n\n我平常极少主动攻击币圈\n\n主要是我觉得骗子和傻子本是一家人，你们自己玩好就行\n\n因为Li老师，号召力影响力太大，我才说两句表达一下\n\n希望至少关注我的人理解一下自己的风控阀门，不要随便被骗\n\n你们要是硬充大个我也绝不会让的"
  },
  {
    "user": {
      "screenName": "yuyy614893671",
      "name": "金融汪",
      "profileImageUrl": "https://pbs.twimg.com/profile_images/1832901799470411776/mpHf_iT0_normal.jpg",
      "description": "金融市场老兵. Former Investment manager. 观察和理解这个世界每天在发生着什么，是我的兴趣也是工作。X上的内容只是分享，不是投资建议。\n油管频道：师姐说 https://t.co/41afFnOGrW",
      "followersCount": 40991,
      "friendsCount": 306,
      "location": ""
    },
    "images": [],
    "videos": [],
    "tweetUrl": "https://x.com/yuyy614893671/status/1870365453786423776",
    "fullText": "货币之所以成为货币\n\n是因为货币可以成为一切商品的交换媒介；它可以自由流通；它有价值储备功能，越多的货币代表越多财富；它不允许被随意损毁灭失\n\n黄金白银曾经一度是全世界能拥有的最好的货币，但是因为储量有限的问题，金银本位币的时期经济发展完全起不来，货币供应跟不上"
  },
  {
    "user": {
      "screenName": "yuyy614893671",
      "name": "金融汪",
      "profileImageUrl": "https://pbs.twimg.com/profile_images/1832901799470411776/mpHf_iT0_normal.jpg",
      "description": "金融市场老兵. Former Investment manager. 观察和理解这个世界每天在发生着什么，是我的兴趣也是工作。X上的内容只是分享，不是投资建议。\n油管频道：师姐说 https://t.co/41afFnOGrW",
      "followersCount": 40991,
      "friendsCount": 306,
      "location": ""
    },
    "images": [
      "https://pbs.twimg.com/media/GfTYNyRWUAEzCCj.jpg",
      "https://pbs.twimg.com/media/GfTYNyeXIAAIeTu.jpg"
    ],
    "videos": [],
    "tweetUrl": "https://x.com/yuyy614893671/status/1870357492833911055",
    "fullText": "政府支出法案终于通过，美国政府又能喘一阵，不必关门了；关于政府预算的讨论要到川普上台的三月份了。 https://t.co/44b34cPMHu"
  },
  {
    "user": {
      "screenName": "NordaceOfficial",
      "name": "Nordace",
      "profileImageUrl": "https://pbs.twimg.com/profile_images/1103775502391697408/pwfE7uK7_normal.png",
      "description": "Whether you're hiking the Andes or exploring the streets of Rome, we have the best travel bags and accessories for any adventure. Always searching for adventure",
      "followersCount": 42015,
      "friendsCount": 0,
      "location": ""
    },
    "images": [],
    "videos": [],
    "tweetUrl": "https://x.com/NordaceOfficial/status/1870356275411771474",
    "fullText": "🎒 Travel Smart, Stay Organized with This Backpack!\nhttps://t.co/JLnEOUPAg4"
  },
  {
    "user": {
      "screenName": "NordaceOfficial",
      "name": "Nordace",
      "profileImageUrl": "https://pbs.twimg.com/profile_images/1103775502391697408/pwfE7uK7_normal.png",
      "description": "Whether you're hiking the Andes or exploring the streets of Rome, we have the best travel bags and accessories for any adventure. Always searching for adventure",
      "followersCount": 42013,
      "friendsCount": 0,
      "location": ""
    },
    "images": [],
    "videos": [],
    "tweetUrl": "https://x.com/NordaceOfficial/status/1870356149754826888",
    "fullText": "🎒 Travel Smart, Stay Organized with This Backpack!\n\nhttps://t.co/JLnEOUPAg4"
  },
  {
    "user": {
      "screenName": "yuyy614893671",
      "name": "金融汪",
      "profileImageUrl": "https://pbs.twimg.com/profile_images/1832901799470411776/mpHf_iT0_normal.jpg",
      "description": "金融市场老兵. Former Investment manager. 观察和理解这个世界每天在发生着什么，是我的兴趣也是工作。X上的内容只是分享，不是投资建议。\n油管频道：师姐说 https://t.co/41afFnOGrW",
      "followersCount": 40991,
      "friendsCount": 306,
      "location": ""
    },
    "images": [],
    "videos": [],
    "tweetUrl": "https://x.com/yuyy614893671/status/1870352702992978388",
    "fullText": "美国海底捞，一个人平均50刀，贵吗？"
  },
  {
    "user": {
      "screenName": "NordaceOfficial",
      "name": "Nordace",
      "profileImageUrl": "https://pbs.twimg.com/profile_images/1103775502391697408/pwfE7uK7_normal.png",
      "description": "Whether you're hiking the Andes or exploring the streets of Rome, we have the best travel bags and accessories for any adventure. Always searching for adventure",
      "followersCount": 42009,
      "friendsCount": 0,
      "location": ""
    },
    "images": [],
    "videos": [],
    "tweetUrl": "https://x.com/NordaceOfficial/status/1870348474149171654",
    "fullText": "🎒 Organize Better, Travel Easier with This Backpack!\nhttps://t.co/JLnEOUPAg4"
  },
  {
    "user": {
      "screenName": "NordaceOfficial",
      "name": "Nordace",
      "profileImageUrl": "https://pbs.twimg.com/profile_images/1103775502391697408/pwfE7uK7_normal.png",
      "description": "Whether you're hiking the Andes or exploring the streets of Rome, we have the best travel bags and accessories for any adventure. Always searching for adventure",
      "followersCount": 42030,
      "friendsCount": 0,
      "location": ""
    },
    "images": [],
    "videos": [],
    "tweetUrl": "https://x.com/NordaceOfficial/status/1870345076926546028",
    "fullText": "🎒 Pack Smarter, Travel in Comfort with This Backpack!\nhttps://t.co/JLnEOUPAg4"
  },
  {
    "user": {
      "screenName": "NordaceOfficial",
      "name": "Nordace",
      "profileImageUrl": "https://pbs.twimg.com/profile_images/1103775502391697408/pwfE7uK7_normal.png",
      "description": "Whether you're hiking the Andes or exploring the streets of Rome, we have the best travel bags and accessories for any adventure. Always searching for adventure",
      "followersCount": 42011,
      "friendsCount": 0,
      "location": ""
    },
    "images": [],
    "videos": [],
    "tweetUrl": "https://x.com/NordaceOfficial/status/1870344951218978949",
    "fullText": "🎒 Pack Smarter, Travel in Comfort with This Backpack!\nhttps://t.co/JLnEOUPAg4"
  },
  {
    "user": {
      "screenName": "nishuang",
      "name": "倪爽",
      "profileImageUrl": "https://pbs.twimg.com/profile_images/1615204555/bg_green_300x300_normal.jpg",
      "description": "倪爽，设计顾问。 超过 20 年经验资深设计师，在美国运营 Honest Dot Design / 倪爽设计工作室，为中国及北美企业提供品牌设计、UX 设计两类设计咨询服务。",
      "followersCount": 99053,
      "friendsCount": 800,
      "location": "United States"
    },
    "images": [],
    "videos": [
      "https://video.twimg.com/ext_tw_video/1870326396217659392/pu/vid/avc1/1280x720/xcie4EPjo6yuCzJZ.mp4?tag=12"
    ],
    "tweetUrl": "https://x.com/nishuang/status/1870329100990128336",
    "fullText": "把邮件变成故事 - 用 AI 重新发明电子邮件\n\n#设计AI\n\nCora 不是传统邮件工具 + AI 助理，它的开发者思考了更底层的逻辑：如果先有 ChatGPT 和 Claude，而后再设计电子邮件，它应该是什么样？\n\n从 UX 设计的角度说，传统邮件工具是一个随时更新、永无止尽的工作流。借助 AI，Cora https://t.co/rTZK1TciXe"
  },
  {
    "user": {
      "screenName": "nishuang",
      "name": "倪爽",
      "profileImageUrl": "https://pbs.twimg.com/profile_images/1615204555/bg_green_300x300_normal.jpg",
      "description": "倪爽，设计顾问。 超过 20 年经验资深设计师，在美国运营 Honest Dot Design / 倪爽设计工作室，为中国及北美企业提供品牌设计、UX 设计两类设计咨询服务。",
      "followersCount": 99053,
      "friendsCount": 800,
      "location": "United States"
    },
    "images": [
      "https://pbs.twimg.com/media/GfSzSkpWwAEOZ0L.png",
      "https://pbs.twimg.com/media/GfSzSktWgAACg9G.png",
      "https://pbs.twimg.com/media/GfSzVrhWQAA8WK1.jpg"
    ],
    "videos": [],
    "tweetUrl": "https://x.com/nishuang/status/1870318393879875681",
    "fullText": "集怪诞和性感于一身的 DSKY 手表\n\n#设计参考\n\n这块“Moonwatch/月球手表”，精确复刻了阿波罗登月飞船导航电脑的 DSKY 面板/人机界面，把复古科技和宇航黄金时代戴在手腕上\n\n外壳材质看起来也很怪，其实用了 CNC 加工的不锈钢表壳、外加军用级陶瓷涂层\n\n在英国手工制作 https://t.co/EZNdEfOayM"
  },
  {
    "user": {
      "screenName": "MaimaiLee123",
      "name": "李麦麦",
      "profileImageUrl": "https://pbs.twimg.com/profile_images/1863951770080428032/5qM3fGRx_normal.jpg",
      "description": "人只有醒来才知道自己睡了一觉\n\n｜ INTJ ｜感谢follow ｜\n电报   https://t.co/qYINMLQgVt \n自留地  https://t.co/WQYgnkH9Ew",
      "followersCount": 6054,
      "friendsCount": 721,
      "location": "IP属地:由于相关法律法规及政策,该地址不予显示"
    },
    "images": [
      "https://pbs.twimg.com/media/GfSjrrUaAAAYqUL.jpg"
    ],
    "videos": [],
    "tweetUrl": "https://x.com/MaimaiLee123/status/1870299718418608635",
    "fullText": "啥是AI Agent？它是怎么运行的？它有啥用？\n\n这个帖子看完你会豁然开朗🧵\n\n↓↓↓ https://t.co/YoSYmagM4I"
  },
  {
    "user": {
      "screenName": "FOS",
      "name": "Front Office Sports",
      "profileImageUrl": "https://pbs.twimg.com/profile_images/1291441139908841483/DimlZQ_Q_normal.jpg",
      "description": "The business of sports. @FOS_Today | @FOS_Live",
      "followersCount": 214226,
      "friendsCount": 246,
      "location": "New York, NY"
    },
    "images": [
      "https://pbs.twimg.com/media/GfSQAuQXMAAiCUW.png"
    ],
    "videos": [],
    "tweetUrl": "https://x.com/FOS/status/1870278702099014015",
    "fullText": "Indiana-Notre Dame is the most-expensive first-round College Football Playoff game ever with an average price of $790, according to @TickPick.\n\nRead our #BigTicket Trend Report for more insights » https://t.co/2JTauIalso https://t.co/LMY6UW3XXj"
  },
  {
    "user": {
      "screenName": "NordaceOfficial",
      "name": "Nordace",
      "profileImageUrl": "https://pbs.twimg.com/profile_images/1103775502391697408/pwfE7uK7_normal.png",
      "description": "Whether you're hiking the Andes or exploring the streets of Rome, we have the best travel bags and accessories for any adventure. Always searching for adventure",
      "followersCount": 42009,
      "friendsCount": 0,
      "location": ""
    },
    "images": [],
    "videos": [],
    "tweetUrl": "https://x.com/NordaceOfficial/status/1870258003250950657",
    "fullText": "🌍Travel Is Easy Now!\nhttps://t.co/JLnEOUPAg4"
  },
  {
    "user": {
      "screenName": "NordaceOfficial",
      "name": "Nordace",
      "profileImageUrl": "https://pbs.twimg.com/profile_images/1103775502391697408/pwfE7uK7_normal.png",
      "description": "Whether you're hiking the Andes or exploring the streets of Rome, we have the best travel bags and accessories for any adventure. Always searching for adventure",
      "followersCount": 42018,
      "friendsCount": 0,
      "location": ""
    },
    "images": [],
    "videos": [],
    "tweetUrl": "https://x.com/NordaceOfficial/status/1870257885240078756",
    "fullText": "🎒 Organize Better, Travel Easier with This Backpack!\nhttps://t.co/JLnEOUPAg4"
  },
  {
    "user": {
      "screenName": "NordaceOfficial",
      "name": "Nordace",
      "profileImageUrl": "https://pbs.twimg.com/profile_images/1103775502391697408/pwfE7uK7_normal.png",
      "description": "Whether you're hiking the Andes or exploring the streets of Rome, we have the best travel bags and accessories for any adventure. Always searching for adventure",
      "followersCount": 42032,
      "friendsCount": 0,
      "location": ""
    },
    "images": [],
    "videos": [],
    "tweetUrl": "https://x.com/NordaceOfficial/status/1870257881045496119",
    "fullText": "🌍Travel Is Easy Now!\nhttps://t.co/JLnEOUPAg4"
  },
  {
    "user": {
      "screenName": "NordaceOfficial",
      "name": "Nordace",
      "profileImageUrl": "https://pbs.twimg.com/profile_images/1103775502391697408/pwfE7uK7_normal.png",
      "description": "Whether you're hiking the Andes or exploring the streets of Rome, we have the best travel bags and accessories for any adventure. Always searching for adventure",
      "followersCount": 42006,
      "friendsCount": 0,
      "location": ""
    },
    "images": [],
    "videos": [],
    "tweetUrl": "https://x.com/NordaceOfficial/status/1870257877174079566",
    "fullText": "✨ Travel in Comfort and Style with This Smart Backpack!\nhttps://t.co/JLnEOUPAg4"
  },
  {
    "user": {
      "screenName": "NordaceOfficial",
      "name": "Nordace",
      "profileImageUrl": "https://pbs.twimg.com/profile_images/1103775502391697408/pwfE7uK7_normal.png",
      "description": "Whether you're hiking the Andes or exploring the streets of Rome, we have the best travel bags and accessories for any adventure. Always searching for adventure",
      "followersCount": 42015,
      "friendsCount": 0,
      "location": ""
    },
    "images": [],
    "videos": [],
    "tweetUrl": "https://x.com/NordaceOfficial/status/1870255053552103822",
    "fullText": "🌍Travel Smarter, Pack Easier with This Backpack!\nhttps://t.co/JLnEOUPAg4"
  },
  {
    "user": {
      "screenName": "NordaceOfficial",
      "name": "Nordace",
      "profileImageUrl": "https://pbs.twimg.com/profile_images/1103775502391697408/pwfE7uK7_normal.png",
      "description": "Whether you're hiking the Andes or exploring the streets of Rome, we have the best travel bags and accessories for any adventure. Always searching for adventure",
      "followersCount": 42010,
      "friendsCount": 0,
      "location": ""
    },
    "images": [],
    "videos": [],
    "tweetUrl": "https://x.com/NordaceOfficial/status/1870255053204009366",
    "fullText": "🎒 Organize Better, Travel Easier with This Backpack!\nhttps://t.co/JLnEOUPAg4"
  },
  {
    "user": {
      "screenName": "NordaceOfficial",
      "name": "Nordace",
      "profileImageUrl": "https://pbs.twimg.com/profile_images/1103775502391697408/pwfE7uK7_normal.png",
      "description": "Whether you're hiking the Andes or exploring the streets of Rome, we have the best travel bags and accessories for any adventure. Always searching for adventure",
      "followersCount": 42008,
      "friendsCount": 0,
      "location": ""
    },
    "images": [],
    "videos": [],
    "tweetUrl": "https://x.com/NordaceOfficial/status/1870250705120047232",
    "fullText": "🌍Travel Smarter, Pack Easier with This Bag!\nhttps://t.co/JLnEOUPAg4"
  },
  {
    "user": {
      "screenName": "NordaceOfficial",
      "name": "Nordace",
      "profileImageUrl": "https://pbs.twimg.com/profile_images/1103775502391697408/pwfE7uK7_normal.png",
      "description": "Whether you're hiking the Andes or exploring the streets of Rome, we have the best travel bags and accessories for any adventure. Always searching for adventure",
      "followersCount": 42018,
      "friendsCount": 0,
      "location": ""
    },
    "images": [],
    "videos": [],
    "tweetUrl": "https://x.com/NordaceOfficial/status/1870250453348344123",
    "fullText": "🌍Travel Smarter, Pack Easier with This Bag!\nhttps://t.co/JLnEOUPAg4"
  },
  {
    "user": {
      "screenName": "NordaceOfficial",
      "name": "Nordace",
      "profileImageUrl": "https://pbs.twimg.com/profile_images/1103775502391697408/pwfE7uK7_normal.png",
      "description": "Whether you're hiking the Andes or exploring the streets of Rome, we have the best travel bags and accessories for any adventure. Always searching for adventure",
      "followersCount": 42019,
      "friendsCount": 0,
      "location": ""
    },
    "images": [],
    "videos": [],
    "tweetUrl": "https://x.com/NordaceOfficial/status/1870243243314806803",
    "fullText": "🌍Travel Smarter, Pack Easier with This Bag!\nhttps://t.co/JLnEOUPAg4"
  },
  {
    "user": {
      "screenName": "NordaceOfficial",
      "name": "Nordace",
      "profileImageUrl": "https://pbs.twimg.com/profile_images/1103775502391697408/pwfE7uK7_normal.png",
      "description": "Whether you're hiking the Andes or exploring the streets of Rome, we have the best travel bags and accessories for any adventure. Always searching for adventure",
      "followersCount": 42008,
      "friendsCount": 0,
      "location": ""
    },
    "images": [],
    "videos": [],
    "tweetUrl": "https://x.com/NordaceOfficial/status/1870243243004506358",
    "fullText": "🌍Travel Smarter, Pack Easier with This Bag!\nhttps://t.co/JLnEOUPAg4"
  },
  {
    "user": {
      "screenName": "FOS",
      "name": "Front Office Sports",
      "profileImageUrl": "https://pbs.twimg.com/profile_images/1291441139908841483/DimlZQ_Q_normal.jpg",
      "description": "The business of sports. @FOS_Today | @FOS_Live",
      "followersCount": 214226,
      "friendsCount": 246,
      "location": "New York, NY"
    },
    "images": [
      "https://pbs.twimg.com/media/GfRMAZcWEAAML7U.jpg"
    ],
    "videos": [],
    "tweetUrl": "https://x.com/FOS/status/1870235228960370825",
    "fullText": "Indiana-Notre Dame is the most-expensive first-round College Football Playoff game ever with an average price of $790, according to @TickPick.\n\nRead our #BigTicket Trend Report for more insights » https://t.co/2JTauIaThW https://t.co/jvxxzbnETi"
  },
  {
    "user": {
      "screenName": "dotey",
      "name": "宝玉",
      "profileImageUrl": "https://pbs.twimg.com/profile_images/561086911561736192/6_g58vEs_normal.jpeg",
      "description": "Prompt Engineer, dedicated to learning and disseminating knowledge about AI, software engineering, and engineering management.",
      "followersCount": 98388,
      "friendsCount": 1233,
      "location": "Chicago, IL"
    },
    "images": [],
    "videos": [],
    "tweetUrl": "https://x.com/dotey/status/1870229666180579804",
    "fullText": "当我用 Cursor 和 ChatGPT o1 辅助写程序的时候，把它当副驾驶（Copilot），自己设计好分解好，效率是很高的，当我想偷懒完全交给 AI，如果要写的东西是简单的，也很好，如果是复杂的，那么我其实效率是大幅降低的，因为我要花时间去搞懂 AI"
  },
  {
    "user": {
      "screenName": "nishuang",
      "name": "倪爽",
      "profileImageUrl": "https://pbs.twimg.com/profile_images/1615204555/bg_green_300x300_normal.jpg",
      "description": "倪爽，设计顾问。 超过 20 年经验资深设计师，在美国运营 Honest Dot Design / 倪爽设计工作室，为中国及北美企业提供品牌设计、UX 设计两类设计咨询服务。",
      "followersCount": 99053,
      "friendsCount": 800,
      "location": "United States"
    },
    "images": [],
    "videos": [
      "https://video.twimg.com/ext_tw_video/1870221360858812416/pu/vid/avc1/1280x720/hsbvHkX1jvJfGHgO.mp4?tag=12"
    ],
    "tweetUrl": "https://x.com/nishuang/status/1870221900850331727",
    "fullText": "怎么设计能打动老板的 AI\n\n#设计AI\n\nKriss 是面向牙医诊所的 AI 助理，而诊所老板并不关心 AI\n\n因此设计公司把 Kriss 品牌聚焦于客户/老板，而不模仿一般 AI 的高科技、未来感设计风格\n\n他们用 3D 虚拟牙医诊所，从前台、手术室到老板…展示 AI 在每个环节的用途 https://t.co/xBbE6Bd4ze"
  },
  {
    "user": {
      "screenName": "Lowes",
      "name": "Lowe's",
      "profileImageUrl": "https://pbs.twimg.com/profile_images/1427348517165703170/jCmq6N7r_normal.jpg",
      "description": "Lowe’s knows no matter what you’re doing, it’s easier to get it done when you’ve got the right people, the right products, all at the right price. 🔨",
      "followersCount": 291715,
      "friendsCount": 11051,
      "location": "Corporate HQ, Mooresville, NC"
    },
    "images": [],
    "videos": [],
    "tweetUrl": "https://x.com/Lowes/status/1870212580771557706",
    "fullText": "The countdown to the holidays is ON, and the Lowe’s App is here to help you get ahead on everything you need. We help. You save."
  },
  {
    "user": {
      "screenName": "nishuang",
      "name": "倪爽",
      "profileImageUrl": "https://pbs.twimg.com/profile_images/1615204555/bg_green_300x300_normal.jpg",
      "description": "倪爽，设计顾问。 超过 20 年经验资深设计师，在美国运营 Honest Dot Design / 倪爽设计工作室，为中国及北美企业提供品牌设计、UX 设计两类设计咨询服务。",
      "followersCount": 99053,
      "friendsCount": 800,
      "location": "United States"
    },
    "images": [
      "https://pbs.twimg.com/media/GfRO8dzXoAAdJ0Q.jpg",
      "https://pbs.twimg.com/media/GfRO94XW0AE2A3A.jpg",
      "https://pbs.twimg.com/media/GfRPAUEXwAIMfXQ.png"
    ],
    "videos": [],
    "tweetUrl": "https://x.com/nishuang/status/1870208183433867704",
    "fullText": "全宇宙最贵的 U 盘：30 美元（人民币 220 元）\n\n贵就贵在它容量只有 8KB，换算一下，最多能保存 4000 个汉字（存个遗嘱都很难）\n\nLLT 的 Linus 介绍这个超贵的 U 盘，解释了它最大的优点：因为使用了 FeRAM，所以可擦写次数惊人 / 寿命超长长长长长长长…\n\n内置了文本编辑器 https://t.co/aMQdbvNIzf"
  },
  {
    "user": {
      "screenName": "MaimaiLee123",
      "name": "李麦麦",
      "profileImageUrl": "https://pbs.twimg.com/profile_images/1863951770080428032/5qM3fGRx_normal.jpg",
      "description": "人只有醒来才知道自己睡了一觉\n\n｜ INTJ ｜感谢follow ｜\n电报   https://t.co/qYINMLQgVt \n自留地  https://t.co/WQYgnkH9Ew",
      "followersCount": 6054,
      "friendsCount": 721,
      "location": "IP属地:由于相关法律法规及政策,该地址不予显示"
    },
    "images": [],
    "videos": [],
    "tweetUrl": "https://x.com/MaimaiLee123/status/1870202656364605520",
    "fullText": "思考过后突然醒悟，姜太公钓鱼愿者上钩，谴责李颖且自认为在保护韭菜的行为其实和在钓鱼佬旁边大喊大叫搞破坏阻止人家上鱼的菩萨大妈有异曲同工之妙。钓鱼佬没钓上鱼，鱼也不会长记性，大妈获得了心灵的满足，是整个故事中当之无愧的搅混水得利者。\n是谁在装老好人蹭热度吸粉呢，能不能带带我😢"
  },
  {
    "user": {
      "screenName": "OpenAI",
      "name": "OpenAI",
      "profileImageUrl": "https://pbs.twimg.com/profile_images/1634058036934500352/b4F1eVpJ_normal.jpg",
      "description": "OpenAI’s mission is to ensure that artificial general intelligence benefits all of humanity. We’re hiring: https://t.co/dJGr6LgzPA",
      "followersCount": 3812688,
      "friendsCount": 3,
      "location": ""
    },
    "images": [],
    "videos": [
      "https://video.twimg.com/ext_tw_video/1870183037918687232/pu/vid/avc1/1920x1080/PVhrn0AC4nKJXyvf.mp4?tag=14"
    ],
    "tweetUrl": "https://x.com/OpenAI/status/1870186518230511844",
    "fullText": "Today, we shared evals for an early version of the next model in our o-model reasoning series: OpenAI o3 https://t.co/e4dQWdLbAD"
  },
  {
    "user": {
      "screenName": "ovst36099",
      "name": "兔子",
      "profileImageUrl": "https://pbs.twimg.com/profile_images/1811330028954923008/EcwM3vmh_normal.jpg",
      "description": "被知产耽误的新手程\n\n我的服务：\n1. ChatGPT直连站（免费长期试用）：https://t.co/jCiDSGbaon\n2. API转发站（送 0.4 美金）：https://t.co/drXlNAoFMJ\n3. mj绘画站（送 5 积分）：https://t.co/H6rHEiFR5X",
      "followersCount": 1679,
      "friendsCount": 183,
      "location": "NewYork"
    },
    "images": [],
    "videos": [
      "https://video.twimg.com/ext_tw_video/1870177601299587072/pu/vid/avc1/1280x720/H3SInLCny79fc3Eb.mp4?tag=12"
    ],
    "tweetUrl": "https://x.com/ovst36099/status/1870178896743936230",
    "fullText": "Pika 2.0 的“场景素材（Scene Ingredients）”功能简直逆天！你可以将图片整合并添加到视频中。而且，它免费提供5天使用，无限制作视频！\n\n现在，任何人都可以在几秒钟内创造AI视频奇迹！\n\n以下是10个疯狂的案例：\n\n1. 和《戴珍珠耳环的少女》一起看电影 https://t.co/xDslHKx62c"
  },
  {
    "user": {
      "screenName": "OpenAI",
      "name": "OpenAI",
      "profileImageUrl": "https://pbs.twimg.com/profile_images/1634058036934500352/b4F1eVpJ_normal.jpg",
      "description": "OpenAI’s mission is to ensure that artificial general intelligence benefits all of humanity. We’re hiring: https://t.co/dJGr6LgzPA",
      "followersCount": 3812380,
      "friendsCount": 3,
      "location": ""
    },
    "images": [],
    "videos": [],
    "tweetUrl": "https://x.com/OpenAI/status/1870164871289155937",
    "fullText": "Day 12: Early evals for OpenAI o3 (yes, we skipped a number)\n\nhttps://t.co/iWXg9IGuZM"
  },
  {
    "user": {
      "screenName": "yuyy614893671",
      "name": "金融汪",
      "profileImageUrl": "https://pbs.twimg.com/profile_images/1832901799470411776/mpHf_iT0_normal.jpg",
      "description": "金融市场老兵. Former Investment manager. 观察和理解这个世界每天在发生着什么，是我的兴趣也是工作。X上的内容只是分享，不是投资建议。\n油管频道：师姐说 https://t.co/41afFnOGrW",
      "followersCount": 40881,
      "friendsCount": 305,
      "location": ""
    },
    "images": [],
    "videos": [],
    "tweetUrl": "https://x.com/yuyy614893671/status/1870164624152375614",
    "fullText": "“铸币税”是最牛逼的隐形税，其实讲的就是政府掌握了货币发行权之后，可以通过发行货币的方式来获得收益的权利。\n\n因为货币的面值和铸币的成本之间有巨大的价差。\n\n在金属本位币的时候，铸币税是有限的，皇家官家铸币拿到的收益视铸币规模大小而定。铸币规模又和金属矿藏量有关。"
  },
  {
    "user": {
      "screenName": "ovst36099",
      "name": "兔子",
      "profileImageUrl": "https://pbs.twimg.com/profile_images/1811330028954923008/EcwM3vmh_normal.jpg",
      "description": "被知产耽误的新手程\n\n我的服务：\n1. ChatGPT直连站（免费长期试用）：https://t.co/jCiDSGbaon\n2. API转发站（送 0.4 美金）：https://t.co/drXlNAoFMJ\n3. mj绘画站（送 5 积分）：https://t.co/H6rHEiFR5X",
      "followersCount": 1667,
      "friendsCount": 183,
      "location": "NewYork"
    },
    "images": [
      "https://pbs.twimg.com/media/GfQhtK9asAAoQjl.jpg",
      "https://pbs.twimg.com/media/GfQhurLbEAAA2ty.jpg",
      "https://pbs.twimg.com/media/GfQhzViasAIUH6t.png"
    ],
    "videos": [],
    "tweetUrl": "https://x.com/ovst36099/status/1870159994899063097",
    "fullText": "等OpenAI最后一天发布会间，梳理了下我从“知识产权师”到“野路子”程序员享受「睡后收入」的一些时间节点。\n\n很感谢时代的机遇，更感谢一路上贵人的相助！！\n\n重要时间线：\n- 22.11.11，朋友送了一台群晖DS920+，自己第一次学习SSH访问Linux服务器\n- 22.12.08，通过淘宝有了ChatGPT账户（已被封🐶）\n- https://t.co/6iDIxzIKML"
  },
  {
    "user": {
      "screenName": "yuyy614893671",
      "name": "金融汪",
      "profileImageUrl": "https://pbs.twimg.com/profile_images/1832901799470411776/mpHf_iT0_normal.jpg",
      "description": "金融市场老兵. Former Investment manager. 观察和理解这个世界每天在发生着什么，是我的兴趣也是工作。X上的内容只是分享，不是投资建议。\n油管频道：师姐说 https://t.co/41afFnOGrW",
      "followersCount": 40866,
      "friendsCount": 305,
      "location": ""
    },
    "images": [],
    "videos": [],
    "tweetUrl": "https://x.com/yuyy614893671/status/1870156470425399658",
    "fullText": "我是技术中性的\n\n我支持有好的品牌，好的商业模式的项目通过区块链技术，来分发自己项目的权益，让志同道合的人来参与\n\n连美国麻省的地方政府发债都通过区块链来发行，贝莱德都买了\n\n我反对的是割韭菜，没有明确商业目标，或慈善目标，盲目糊弄大众的人和项目"
  },
  {
    "user": {
      "screenName": "yuyy614893671",
      "name": "金融汪",
      "profileImageUrl": "https://pbs.twimg.com/profile_images/1832901799470411776/mpHf_iT0_normal.jpg",
      "description": "金融市场老兵. Former Investment manager. 观察和理解这个世界每天在发生着什么，是我的兴趣也是工作。X上的内容只是分享，不是投资建议。\n油管频道：师姐说 https://t.co/41afFnOGrW",
      "followersCount": 40866,
      "friendsCount": 305,
      "location": ""
    },
    "images": [],
    "videos": [],
    "tweetUrl": "https://x.com/yuyy614893671/status/1870154260161409164",
    "fullText": "金融市场上，见过太多一夜暴富一夜破产，跳楼消失的人和事\n\n贪婪和恐惧本来就是人的天性\n\n人一生都在和贪婪与恐惧作战\n\n最后大家都应该努力做到，交给你的东西（无论是钱财富，工作，还是家人朋友的嘱托）能稳稳的接住\n\n能稳稳地接住来到你身边的东西，它才不会随便跑开\n\n好运🍀会光顾善良又努力的人"
  },
  {
    "user": {
      "screenName": "yuyy614893671",
      "name": "金融汪",
      "profileImageUrl": "https://pbs.twimg.com/profile_images/1832901799470411776/mpHf_iT0_normal.jpg",
      "description": "金融市场老兵. Former Investment manager. 观察和理解这个世界每天在发生着什么，是我的兴趣也是工作。X上的内容只是分享，不是投资建议。\n油管频道：师姐说 https://t.co/41afFnOGrW",
      "followersCount": 40849,
      "friendsCount": 305,
      "location": ""
    },
    "images": [],
    "videos": [],
    "tweetUrl": "https://x.com/yuyy614893671/status/1870151215864263109",
    "fullText": "一场不到48个小时的造梦💭计划就这样破产了\n\n无法交易，没有流水，信用崩塌"
  },
  {
    "user": {
      "screenName": "yuyy614893671",
      "name": "金融汪",
      "profileImageUrl": "https://pbs.twimg.com/profile_images/1832901799470411776/mpHf_iT0_normal.jpg",
      "description": "金融市场老兵. Former Investment manager. 观察和理解这个世界每天在发生着什么，是我的兴趣也是工作。X上的内容只是分享，不是投资建议。\n油管频道：师姐说 https://t.co/41afFnOGrW",
      "followersCount": 40809,
      "friendsCount": 305,
      "location": ""
    },
    "images": [],
    "videos": [],
    "tweetUrl": "https://x.com/yuyy614893671/status/1870140288083341473",
    "fullText": "【为什么OKX把李老师的盘标注为貔貅盘，李老师急了？】\n\n因为李老师的目标用户大部分都是中文用户，而中文币圈用户的首选的链上钱包就是OKX这个钱包。\n\n李老师的Li币被标注为貔貅盘以后，李老师所期望的韭菜盘就没有办法参与他这个币的交易了，他这个交易流动池就会变成无源之水。"
  },
  {
    "user": {
      "screenName": "nextify2024",
      "name": "Nextify",
      "profileImageUrl": "https://pbs.twimg.com/profile_images/1766283284370305025/QKXW5W3M_normal.jpg",
      "description": "某不知名 HK 创业公司 CEO ，关不关注我的代码 https://t.co/h2isoGsGIV ，我们都是好朋友 🫡",
      "followersCount": 23147,
      "friendsCount": 342,
      "location": "HK"
    },
    "images": [],
    "videos": [],
    "tweetUrl": "https://x.com/nextify2024/status/1870137686000054369",
    "fullText": "生活，就像SaaS，永远不会完美 。周末快乐！"
  },
  {
    "user": {
      "screenName": "NordaceOfficial",
      "name": "Nordace",
      "profileImageUrl": "https://pbs.twimg.com/profile_images/1103775502391697408/pwfE7uK7_normal.png",
      "description": "Whether you're hiking the Andes or exploring the streets of Rome, we have the best travel bags and accessories for any adventure. Always searching for adventure",
      "followersCount": 42015,
      "friendsCount": 0,
      "location": ""
    },
    "images": [],
    "videos": [],
    "tweetUrl": "https://x.com/NordaceOfficial/status/1870137087930052931",
    "fullText": "🌍👜Pack Smarter, Travel Easier with This Bag!\nhttps://t.co/JLnEOUPAg4"
  },
  {
    "user": {
      "screenName": "NordaceOfficial",
      "name": "Nordace",
      "profileImageUrl": "https://pbs.twimg.com/profile_images/1103775502391697408/pwfE7uK7_normal.png",
      "description": "Whether you're hiking the Andes or exploring the streets of Rome, we have the best travel bags and accessories for any adventure. Always searching for adventure",
      "followersCount": 42007,
      "friendsCount": 0,
      "location": ""
    },
    "images": [],
    "videos": [],
    "tweetUrl": "https://x.com/NordaceOfficial/status/1870137085203448252",
    "fullText": "🌍Pack Smarter, Travel Easier with This Bag!\nhttps://t.co/JLnEOUPAg4"
  },
  {
    "user": {
      "screenName": "NordaceOfficial",
      "name": "Nordace",
      "profileImageUrl": "https://pbs.twimg.com/profile_images/1103775502391697408/pwfE7uK7_normal.png",
      "description": "Whether you're hiking the Andes or exploring the streets of Rome, we have the best travel bags and accessories for any adventure. Always searching for adventure",
      "followersCount": 42034,
      "friendsCount": 0,
      "location": ""
    },
    "images": [],
    "videos": [],
    "tweetUrl": "https://x.com/NordaceOfficial/status/1870137082833973703",
    "fullText": "🚨 Travel Smarter, Pack Easier with This Tote!\nhttps://t.co/RrDfNaQJaS"
  },
  {
    "user": {
      "screenName": "manateelazycat",
      "name": "Andy Stewart",
      "profileImageUrl": "https://pbs.twimg.com/profile_images/768239262/HaskellIcon_normal.jpg",
      "description": "Linux, Emacs开源社区从业二十余载\n懒猫微服CEO， 不端不装， 仗剑走天涯\n客官喜欢， 欢迎买我家的懒猫微服 https://t.co/KVqgWHE3yR\n京东旗舰店： https://t.co/6l2E0fkB8H",
      "followersCount": 17217,
      "friendsCount": 92,
      "location": "China"
    },
    "images": [
      "https://pbs.twimg.com/media/GfQNZYKasAQBgyD.jpg"
    ],
    "videos": [],
    "tweetUrl": "https://x.com/manateelazycat/status/1870135726165373077",
    "fullText": "推友们， 求电脑沙发推荐。\n\n主要期望解决的问题：\n1.  沙发， 最好带电动按摩， 写代码时间长了，背疼\n\n2. 结实的电脑桌板， 我的Dell G16有6斤重， 太轻的桌板写代码摇晃， 影响敲代码效率\n\n3. 带脚托，这样写代码可以稍微往后仰着写代码，保护颈椎\n\n我目前找到的是图中的太空沙发舱， 推友们， https://t.co/tmFFK5Y9KW"
  },
  {
    "user": {
      "screenName": "HighWirePlus",
      "name": "HighWire+",
      "profileImageUrl": "https://pbs.twimg.com/profile_images/1868773715103657984/vBoH159z_normal.jpg",
      "description": "From the makers of @HighWireTalk and Emmy award-winning Producer Del Bigtree, HighWire+ is a global streaming platform where the truth can set you free.",
      "followersCount": 828,
      "friendsCount": 37,
      "location": ""
    },
    "images": [],
    "videos": [],
    "tweetUrl": "https://x.com/HighWirePlus/status/1870130790388117762",
    "fullText": "Discover the untold truth about the Polio narrative—it will shock you. Groundbreaking research exposes the founding myth of modern medicine. Tune in to the series premiere of Jefferey Jaxen Investigates, OUT NOW. Sign up now to watch https://t.co/08KbISnXNy"
  },
  {
    "user": {
      "screenName": "arbor1",
      "name": "Arbor Realty Trust",
      "profileImageUrl": "https://pbs.twimg.com/profile_images/1751978852937555968/f6Gr_IO7_normal.jpg",
      "description": "Arbor is a national direct lender and #realestate investment trust (NYSE: $ABR) providing debt capital for the #multifamily and #CRE industries.",
      "followersCount": 1524,
      "friendsCount": 582,
      "location": "United States"
    },
    "images": [
      "https://pbs.twimg.com/media/GfQCpTxWMAAv1qV.jpg"
    ],
    "videos": [],
    "tweetUrl": "https://x.com/arbor1/status/1870130405807886708",
    "fullText": "Structural strengths of the #SFR sector far outweigh cyclical headwinds as it remains well-positioned to build on its momentum into 2025 and beyond. Read Arbor’s Single-Family Rental Investment Trends Report Q4 2024: https://t.co/dMBsQp4KMo\n#ArborResearch @Chandanomics $ABR https://t.co/jDHwm6DVDB"
  },
  {
    "user": {
      "screenName": "ovst36099",
      "name": "兔子",
      "profileImageUrl": "https://pbs.twimg.com/profile_images/1811330028954923008/EcwM3vmh_normal.jpg",
      "description": "被知产耽误的新手程\n\n我的服务：\n1. ChatGPT直连站（免费长期试用）：https://t.co/jCiDSGbaon\n2. API转发站（送 0.4 美金）：https://t.co/drXlNAoFMJ\n3. mj绘画站（送 5 积分）：https://t.co/H6rHEiFR5X",
      "followersCount": 1641,
      "friendsCount": 183,
      "location": "NewYork"
    },
    "images": [
      "https://pbs.twimg.com/media/GfQJIHjasAIoH1b.jpg"
    ],
    "videos": [],
    "tweetUrl": "https://x.com/ovst36099/status/1870129782740136170",
    "fullText": "580 万国家赔偿-- 21 年青春，从 18 岁到 39 岁\n​\n相当于​年薪 27.6 万包吃住[微笑]，就是精神压力不是一般大😣\n\n换我，我肯定不干。再加两个 0 考虑下[捂脸]，你们呢？ https://t.co/DzCYgadpJ0"
  },
  {
    "user": {
      "screenName": "yuyy614893671",
      "name": "金融汪",
      "profileImageUrl": "https://pbs.twimg.com/profile_images/1832901799470411776/mpHf_iT0_normal.jpg",
      "description": "金融市场老兵. Former Investment manager. 观察和理解这个世界每天在发生着什么，是我的兴趣也是工作。X上的内容只是分享，不是投资建议。\n油管频道：师姐说 https://t.co/41afFnOGrW",
      "followersCount": 40710,
      "friendsCount": 305,
      "location": ""
    },
    "images": [
      "https://pbs.twimg.com/media/GfQFMbfWMAARG_x.jpg",
      "https://pbs.twimg.com/media/GfQFMbbXoAEM0l3.jpg"
    ],
    "videos": [],
    "tweetUrl": "https://x.com/yuyy614893671/status/1870125462154051750",
    "fullText": "PCE下降超预期，扣除食品能源的核心PCE仅上涨0.1% https://t.co/t7V5s1fj7Y"
  },
  {
    "user": {
      "screenName": "nishuang",
      "name": "倪爽",
      "profileImageUrl": "https://pbs.twimg.com/profile_images/1615204555/bg_green_300x300_normal.jpg",
      "description": "倪爽，设计顾问。 超过 20 年经验资深设计师，在美国运营 Honest Dot Design / 倪爽设计工作室，为中国及北美企业提供品牌设计、UX 设计两类设计咨询服务。",
      "followersCount": 99053,
      "friendsCount": 800,
      "location": "United States"
    },
    "images": [
      "https://pbs.twimg.com/media/GfPyQl7WYAEl2lH.jpg"
    ],
    "videos": [],
    "tweetUrl": "https://x.com/nishuang/status/1870105726422593584",
    "fullText": "网站 页脚/Footer 设计参考大宝库\n\n#设计参考\n\n网页设计、UI 设计参考网站很多，多数关注视觉、排版，也有些专门搜集动画、特效…Footer 可能是第一个专门展示网站页脚设计的\n\n通常网站的页脚属于辅助功能，展示次要信息，没想到还有这么多设计思路👏\n\n网址在二楼 https://t.co/KfPU5xTJLX"
  },
  {
    "user": {
      "screenName": "nishuang",
      "name": "倪爽",
      "profileImageUrl": "https://pbs.twimg.com/profile_images/1615204555/bg_green_300x300_normal.jpg",
      "description": "倪爽，设计顾问。 超过 20 年经验资深设计师，在美国运营 Honest Dot Design / 倪爽设计工作室，为中国及北美企业提供品牌设计、UX 设计两类设计咨询服务。",
      "followersCount": 99050,
      "friendsCount": 800,
      "location": "United States"
    },
    "images": [
      "https://pbs.twimg.com/media/GfPo8eFWcAA8ziF.jpg",
      "https://pbs.twimg.com/media/GfPo9hlXwAAHXPB.jpg"
    ],
    "videos": [],
    "tweetUrl": "https://x.com/nishuang/status/1870095377384259987",
    "fullText": "续航时间长达 10 年的苹果 AirTag\n\n有人忘了给 AirTag 换电池，结果没法用 FindMy 功能找回价值 1 万美元的被盗摄影器材\n\n为此他们设计了 TimeCapsule，用两节 5号电池/AA 电池，代替 AirTag 自带的 CR2032 纽扣电池 https://t.co/1WXXahBYye"
  },
  {
    "user": {
      "screenName": "nateleex",
      "name": "李自然 Nate Lee",
      "profileImageUrl": "https://pbs.twimg.com/profile_images/1727019827645308928/8B7sjQ26_normal.jpg",
      "description": "几个小公司的CEO，竞技之心，有情有义，逍遥自得",
      "followersCount": 6311,
      "friendsCount": 179,
      "location": "Shanghai"
    },
    "images": [],
    "videos": [
      "https://video.twimg.com/ext_tw_video/1870093383374647298/pu/vid/avc1/720x1280/CHg_EbwUQ3G71SSb.mp4?tag=12"
    ],
    "tweetUrl": "https://x.com/nateleex/status/1870093438223618227",
    "fullText": "如果跳车就没事了。那一瞬间他决定关上车门。\n旁观者做判断容易，当事者很难。 https://t.co/SpMAi6ogZP"
  },
  {
    "user": {
      "screenName": "MaimaiLee123",
      "name": "李麦麦",
      "profileImageUrl": "https://pbs.twimg.com/profile_images/1863951770080428032/5qM3fGRx_normal.jpg",
      "description": "人只有醒来才知道自己睡了一觉\n\n｜ INTJ ｜感谢follow ｜\n电报   https://t.co/qYINMLQgVt \n自留地  https://t.co/WQYgnkH9Ew",
      "followersCount": 5693,
      "friendsCount": 548,
      "location": "IP属地:由于相关法律法规及政策,该地址不予显示"
    },
    "images": [
      "https://pbs.twimg.com/media/GfPjJ6FasAEbwoN.jpg"
    ],
    "videos": [],
    "tweetUrl": "https://x.com/MaimaiLee123/status/1870088054876389476",
    "fullText": "低端人士牙龈肿胀的时候只能找个不辣的泔水桶舀一勺凑合吃 https://t.co/fNBbI3BCIp"
  },
  {
    "user": {
      "screenName": "ovst36099",
      "name": "兔子",
      "profileImageUrl": "https://pbs.twimg.com/profile_images/1811330028954923008/EcwM3vmh_normal.jpg",
      "description": "被知产耽误的新手程\n\n我的服务：\n1. ChatGPT直连站（免费长期试用）：https://t.co/jCiDSGbaon\n2. API转发站（送 0.4 美金）：https://t.co/drXlNAoFMJ\n3. mj绘画站（送 5 积分）：https://t.co/H6rHEiFR5X",
      "followersCount": 1617,
      "friendsCount": 183,
      "location": "NewYork"
    },
    "images": [
      "https://pbs.twimg.com/media/GfPXal0asAE5RWk.jpg"
    ],
    "videos": [],
    "tweetUrl": "https://x.com/ovst36099/status/1870075127213506739",
    "fullText": "深小卫越来越猛。真想知道这文章到底男生还是女生阅读量大🤔\n\n原文地址： https://t.co/6eMzxobQwq https://t.co/ctZycMCG8M"
  },
  {
    "user": {
      "screenName": "MaimaiLee123",
      "name": "李麦麦",
      "profileImageUrl": "https://pbs.twimg.com/profile_images/1863951770080428032/5qM3fGRx_normal.jpg",
      "description": "人只有醒来才知道自己睡了一觉\n\n｜ INTJ ｜感谢follow ｜\n电报   https://t.co/qYINMLQgVt \n自留地  https://t.co/WQYgnkH9Ew",
      "followersCount": 5688,
      "friendsCount": 548,
      "location": "IP属地:由于相关法律法规及政策,该地址不予显示"
    },
    "images": [],
    "videos": [],
    "tweetUrl": "https://x.com/MaimaiLee123/status/1870075063036457219",
    "fullText": "为什么父母会坚定不移的相信中医，相信中药养生论呢？\n刚刚打了电话又在向我传道了，说这是人类几千年进化出来的晚9早6的睡眠规律，要喝点补药调理，养养神\n我问他那如果我去了非洲是遵循非洲的 时间还是遵循国内的生物钟呢\n于是相顾无言，又聊起了十一月他买的基金两万盈利没跑\n的故事"
  },
  {
    "user": {
      "screenName": "xiongchun007",
      "name": "Spring Xiong 熊春",
      "profileImageUrl": "https://pbs.twimg.com/profile_images/1850515744104263680/QdGAs4y6_normal.jpg",
      "description": "Programmer, Creator of @Datacollie (Database Management & Data Analysis)  #Java #Web #App #Python #DataScience #OpenSource",
      "followersCount": 2997,
      "friendsCount": 1080,
      "location": ""
    },
    "images": [
      "https://pbs.twimg.com/media/GfPLNwNagAAFF3B.jpg",
      "https://pbs.twimg.com/media/GfPLaGmasAAeN3j.jpg"
    ],
    "videos": [],
    "tweetUrl": "https://x.com/xiongchun007/status/1870062314944340291",
    "fullText": "Day 30 #大龄程序员求职真人秀 今天找工作满 1 个月了，还没找到。现状是：C公司深圳BYD约明天薪资沟通确认；E公司苏州今天HR复试，结果一周内通知。最近感冒了也没精力再投新岗位，到底是 2 个岗位都中标还是2 个岗位同时被拒。拭目以待吧，我也不知道！就这样，散会！ https://t.co/kDxV2JSYi6"
  },
  {
    "user": {
      "screenName": "BrochureP42192",
      "name": "AIcoine88",
      "profileImageUrl": "https://pbs.twimg.com/profile_images/1863935506322518016/6xIOcf5k_normal.jpg",
      "description": "Aicoin全球Web3行情分析工具领跑者,币圈专业看盘下单工具下载 尽在客户端\n🔀点击前往官网地址： https://t.co/LplMmM3jC2\n强大的K线图表功能,编程的自定义指标工具，35+交易所行情数据，多种预警，社媒消息，巨鲸以及大单跟踪",
      "followersCount": 77,
      "friendsCount": 4,
      "location": "日本"
    },
    "images": [],
    "videos": [],
    "tweetUrl": "https://x.com/BrochureP42192/status/1870062209193390415",
    "fullText": "Aicoin全球Web3行情分析工具领跑者,币圈专业看盘下单工具下载 尽在客户端\n\n🔀点击前往官网地址： https://t.co/w7adL0BkjL\n\n强大的K线图表功能,编程的自定义指标工具，35+交易所行情数据，多种预警，社媒消息，巨鲸以及大单跟踪"
  },
  {
    "user": {
      "screenName": "yihong0618",
      "name": "yihong0618",
      "profileImageUrl": "https://pbs.twimg.com/profile_images/1209446924006223872/wSIVSKnh_normal.jpg",
      "description": "喜欢王小波，大概我们能成为朋友。 我的 2024 https://t.co/HfDF6oduB7 我的 2023 https://t.co/QyV8PiZmOY 我的2022 https://t.co/NLYTn7xtta 我的 2021 我的 2020",
      "followersCount": 70398,
      "friendsCount": 3284,
      "location": ""
    },
    "images": [
      "https://pbs.twimg.com/media/GfPEua8asAMyiAj.jpg"
    ],
    "videos": [],
    "tweetUrl": "https://x.com/yihong0618/status/1870054586444304468",
    "fullText": "看你们晒 b 站的回忆，兴致勃勃打开我的。草。 https://t.co/BHllDUTtUu"
  },
  {
    "user": {
      "screenName": "nextify2024",
      "name": "Nextify",
      "profileImageUrl": "https://pbs.twimg.com/profile_images/1766283284370305025/QKXW5W3M_normal.jpg",
      "description": "某不知名 HK 创业公司 CEO ，关不关注我的代码 https://t.co/h2isoGsGIV ，我们都是好朋友 🫡",
      "followersCount": 23139,
      "friendsCount": 342,
      "location": "HK"
    },
    "images": [],
    "videos": [],
    "tweetUrl": "https://x.com/nextify2024/status/1870035018158092432",
    "fullText": "我做的产品是有想法的，虽然不多。"
  },
  {
    "user": {
      "screenName": "NordaceOfficial",
      "name": "Nordace",
      "profileImageUrl": "https://pbs.twimg.com/profile_images/1103775502391697408/pwfE7uK7_normal.png",
      "description": "Whether you're hiking the Andes or exploring the streets of Rome, we have the best travel bags and accessories for any adventure. Always searching for adventure",
      "followersCount": 42001,
      "friendsCount": 0,
      "location": ""
    },
    "images": [],
    "videos": [],
    "tweetUrl": "https://x.com/NordaceOfficial/status/1870001191079555522",
    "fullText": "🌍Stay Organized and Travel Smarter with This Bag!\nhttps://t.co/JLnEOUPAg4"
  },
  {
    "user": {
      "screenName": "NordaceOfficial",
      "name": "Nordace",
      "profileImageUrl": "https://pbs.twimg.com/profile_images/1103775502391697408/pwfE7uK7_normal.png",
      "description": "Whether you're hiking the Andes or exploring the streets of Rome, we have the best travel bags and accessories for any adventure. Always searching for adventure",
      "followersCount": 42002,
      "friendsCount": 0,
      "location": ""
    },
    "images": [],
    "videos": [],
    "tweetUrl": "https://x.com/NordaceOfficial/status/1870001190957920687",
    "fullText": "🌍Stay Organized and Travel Smarter with This Bag!\nhttps://t.co/JLnEOUPAg4"
  },
  {
    "user": {
      "screenName": "NordaceOfficial",
      "name": "Nordace",
      "profileImageUrl": "https://pbs.twimg.com/profile_images/1103775502391697408/pwfE7uK7_normal.png",
      "description": "Whether you're hiking the Andes or exploring the streets of Rome, we have the best travel bags and accessories for any adventure. Always searching for adventure",
      "followersCount": 42018,
      "friendsCount": 0,
      "location": ""
    },
    "images": [],
    "videos": [],
    "tweetUrl": "https://x.com/NordaceOfficial/status/1870001189800034794",
    "fullText": "🌍Stay Organized and Travel Smarter with This Bag!\nhttps://t.co/JLnEOUPAg4"
  },
  {
    "user": {
      "screenName": "NordaceOfficial",
      "name": "Nordace",
      "profileImageUrl": "https://pbs.twimg.com/profile_images/1103775502391697408/pwfE7uK7_normal.png",
      "description": "Whether you're hiking the Andes or exploring the streets of Rome, we have the best travel bags and accessories for any adventure. Always searching for adventure",
      "followersCount": 42024,
      "friendsCount": 0,
      "location": ""
    },
    "images": [],
    "videos": [],
    "tweetUrl": "https://x.com/NordaceOfficial/status/1870001186226745446",
    "fullText": "🌍Stay Organized and Travel Smarter with This Bag!\nhttps://t.co/JLnEOUPAg4"
  },
  {
    "user": {
      "screenName": "LongShot_ai",
      "name": "LongShot AI - Gen AI for fact checked content",
      "profileImageUrl": "https://pbs.twimg.com/profile_images/1409611854582665220/55nsWWW-_normal.jpg",
      "description": "Generative AI for fact checked content.\n\nFrom an Idea to a Fact-Checked SEO Blog in minutes.",
      "followersCount": 1393,
      "friendsCount": 1034,
      "location": "Follows you"
    },
    "images": [],
    "videos": [],
    "tweetUrl": "https://x.com/LongShot_ai/status/1869979887790108831",
    "fullText": "What's stopping you from ranking higher on search engines?\n\n❌Non-optimized SEO content\n\n❌Long hours of manual interlinking\n\n❌AI-detectable content\n\n❌Inaccurate information\n\n✅ Check off all your challenges with LongShot!\n\n#SEO #content #AI #optimization"
  },
  {
    "user": {
      "screenName": "nishuang",
      "name": "倪爽",
      "profileImageUrl": "https://pbs.twimg.com/profile_images/1615204555/bg_green_300x300_normal.jpg",
      "description": "倪爽，设计顾问。 超过 20 年经验资深设计师，在美国运营 Honest Dot Design / 倪爽设计工作室，为中国及北美企业提供品牌设计、UX 设计两类设计咨询服务。",
      "followersCount": 99046,
      "friendsCount": 800,
      "location": "United States"
    },
    "images": [],
    "videos": [
      "https://video.twimg.com/amplify_video/1869105739010375680/vid/avc1/576x1024/FJSUoQlI8NGnnQB3.mp4?tag=16"
    ],
    "tweetUrl": "https://x.com/nishuang/status/1869975551093432744",
    "fullText": "为了老师的心理健康，学校为老师配备了减压隔间\n\n国情不同，外国老师太憋屈了，他们肯定想不到，有些老师能体罚学生、还能在微信群里践踏家长😂\n\n https://t.co/pYMYx1peGk"
  },
  {
    "user": {
      "screenName": "canlesofficial",
      "name": "Canles",
      "profileImageUrl": "https://pbs.twimg.com/profile_images/1666678663084150784/41oyvaiH_normal.jpg",
      "description": "👣 Engineered for walking | 👟 Comfy & versatile footwear for life's adventures | 🌿 Breathable, lightweight designs",
      "followersCount": 10397,
      "friendsCount": 1,
      "location": "Vancouver, Canada"
    },
    "images": [],
    "videos": [],
    "tweetUrl": "https://x.com/canlesofficial/status/1869939516980539585",
    "fullText": "No more tired feet! 👣 Canles Deklan offer all-day comfort with lightweight materials, an ergonomic wide toe box, and breathable design. They promote natural foot movement, improve balance, and reduce fatigue for effortless walking all day long."
  },
  {
    "user": {
      "screenName": "canlesofficial",
      "name": "Canles",
      "profileImageUrl": "https://pbs.twimg.com/profile_images/1666678663084150784/41oyvaiH_normal.jpg",
      "description": "👣 Engineered for walking | 👟 Comfy & versatile footwear for life's adventures | 🌿 Breathable, lightweight designs",
      "followersCount": 10396,
      "friendsCount": 1,
      "location": "Vancouver, Canada"
    },
    "images": [],
    "videos": [],
    "tweetUrl": "https://x.com/canlesofficial/status/1869939500845072619",
    "fullText": "No more tired feet! 👣 Canles Deklan offer all-day comfort with lightweight materials, an ergonomic wide toe box, and breathable design. They promote natural foot movement, improve balance, and reduce fatigue for effortless walking all day long."
  },
  {
    "user": {
      "screenName": "canlesofficial",
      "name": "Canles",
      "profileImageUrl": "https://pbs.twimg.com/profile_images/1666678663084150784/41oyvaiH_normal.jpg",
      "description": "👣 Engineered for walking | 👟 Comfy & versatile footwear for life's adventures | 🌿 Breathable, lightweight designs",
      "followersCount": 10402,
      "friendsCount": 1,
      "location": "Vancouver, Canada"
    },
    "images": [],
    "videos": [],
    "tweetUrl": "https://x.com/canlesofficial/status/1869939490497933687",
    "fullText": "No more tired feet! 👣 Canles Deklan offer all-day comfort with lightweight materials, an ergonomic wide toe box, and breathable design. They promote natural foot movement, improve balance, and reduce fatigue for effortless walking all day long."
  },
  {
    "user": {
      "screenName": "canlesofficial",
      "name": "Canles",
      "profileImageUrl": "https://pbs.twimg.com/profile_images/1666678663084150784/41oyvaiH_normal.jpg",
      "description": "👣 Engineered for walking | 👟 Comfy & versatile footwear for life's adventures | 🌿 Breathable, lightweight designs",
      "followersCount": 10392,
      "friendsCount": 1,
      "location": "Vancouver, Canada"
    },
    "images": [],
    "videos": [],
    "tweetUrl": "https://x.com/canlesofficial/status/1869937615924850711",
    "fullText": "Our #1 Best-Selling Sneaker!\n\nFrom the office, a night out, the airport, or a walk around town, there's only one shoe that can do it all."
  },
  {
    "user": {
      "screenName": "canlesofficial",
      "name": "Canles",
      "profileImageUrl": "https://pbs.twimg.com/profile_images/1666678663084150784/41oyvaiH_normal.jpg",
      "description": "👣 Engineered for walking | 👟 Comfy & versatile footwear for life's adventures | 🌿 Breathable, lightweight designs",
      "followersCount": 10399,
      "friendsCount": 1,
      "location": "Vancouver, Canada"
    },
    "images": [],
    "videos": [],
    "tweetUrl": "https://x.com/canlesofficial/status/1869937615463653425",
    "fullText": "Our #1 Best-Selling Sneaker!\n\nFrom the office, a night out, the airport, or a walk around town, there's only one shoe that can do it all."
  },
  {
    "user": {
      "screenName": "canlesofficial",
      "name": "Canles",
      "profileImageUrl": "https://pbs.twimg.com/profile_images/1666678663084150784/41oyvaiH_normal.jpg",
      "description": "👣 Engineered for walking | 👟 Comfy & versatile footwear for life's adventures | 🌿 Breathable, lightweight designs",
      "followersCount": 10393,
      "friendsCount": 1,
      "location": "Vancouver, Canada"
    },
    "images": [],
    "videos": [],
    "tweetUrl": "https://x.com/canlesofficial/status/1869937615392371098",
    "fullText": "Our #1 Best-Selling Sneaker!\n\nFrom the office, a night out, the airport, or a walk around town, there's only one shoe that can do it all."
  },
  {
    "user": {
      "screenName": "NordaceOfficial",
      "name": "Nordace",
      "profileImageUrl": "https://pbs.twimg.com/profile_images/1103775502391697408/pwfE7uK7_normal.png",
      "description": "Whether you're hiking the Andes or exploring the streets of Rome, we have the best travel bags and accessories for any adventure. Always searching for adventure",
      "followersCount": 42001,
      "friendsCount": 0,
      "location": ""
    },
    "images": [],
    "videos": [],
    "tweetUrl": "https://x.com/NordaceOfficial/status/1869880781302341699",
    "fullText": "🌍Stay Organized and Travel Smarter with This Bag!\nhttps://t.co/JLnEOUPAg4"
  },
  {
    "user": {
      "screenName": "TheSixFiveMedia",
      "name": "Six Five Media",
      "profileImageUrl": "https://pbs.twimg.com/profile_images/1790141809168961536/r3GjIZZi_normal.jpg",
      "description": "Deep analysis of the biggest news, releases, events, and rumors in tech. Hosted by @MoorInsStrat and @TheFuturumGroup Analysts.",
      "followersCount": 2438,
      "friendsCount": 958,
      "location": "Austin, Texas"
    },
    "images": [],
    "videos": [
      "https://video.twimg.com/amplify_video/1869864050680614912/vid/avc1/1280x720/6ObEngsKNdpGqWBV.mp4?tag=14"
    ],
    "tweetUrl": "https://x.com/TheSixFiveMedia/status/1869868676473672073",
    "fullText": "Cloud leaders unite! ☁️ @DanielNewmanUV and @PatrickMoorhead interview @AWScloud Partner Award winners from @Deloitte, @Accenture, @PaloAltoNtwks, @Wiz_io, and @Okta at #AWSreInvent! 🏆 $AMZN, $ACN $PANW, $OKTA\n\nGet their insights on:\n\n- The power of partnerships in the cloud\n- https://t.co/2jDnPqWqLB"
  },
  {
    "user": {
      "screenName": "NordaceOfficial",
      "name": "Nordace",
      "profileImageUrl": "https://pbs.twimg.com/profile_images/1103775502391697408/pwfE7uK7_normal.png",
      "description": "Whether you're hiking the Andes or exploring the streets of Rome, we have the best travel bags and accessories for any adventure. Always searching for adventure",
      "followersCount": 42018,
      "friendsCount": 0,
      "location": ""
    },
    "images": [],
    "videos": [],
    "tweetUrl": "https://x.com/NordaceOfficial/status/1869775447950504364",
    "fullText": "🌍Travel Smarter, Pack Easier with This Backpack!\nhttps://t.co/JLnEOUPAg4"
  },
  {
    "user": {
      "screenName": "NordaceOfficial",
      "name": "Nordace",
      "profileImageUrl": "https://pbs.twimg.com/profile_images/1103775502391697408/pwfE7uK7_normal.png",
      "description": "Whether you're hiking the Andes or exploring the streets of Rome, we have the best travel bags and accessories for any adventure. Always searching for adventure",
      "followersCount": 42002,
      "friendsCount": 0,
      "location": ""
    },
    "images": [],
    "videos": [],
    "tweetUrl": "https://x.com/NordaceOfficial/status/1869775196464304442",
    "fullText": "🌍Travel Smarter, Pack Easier with This Backpack!\nhttps://t.co/JLnEOUPAg4"
  },
  {
    "user": {
      "screenName": "NordaceOfficial",
      "name": "Nordace",
      "profileImageUrl": "https://pbs.twimg.com/profile_images/1103775502391697408/pwfE7uK7_normal.png",
      "description": "Whether you're hiking the Andes or exploring the streets of Rome, we have the best travel bags and accessories for any adventure. Always searching for adventure",
      "followersCount": 42018,
      "friendsCount": 0,
      "location": ""
    },
    "images": [],
    "videos": [],
    "tweetUrl": "https://x.com/NordaceOfficial/status/1869774702086107444",
    "fullText": "🌍Travel Is Easy Now!\nhttps://t.co/JLnEOUPAg4"
  },
  {
    "user": {
      "screenName": "VL_Global",
      "name": "Valor Legends: Nuts & Bolts",
      "profileImageUrl": "https://pbs.twimg.com/profile_images/1836603109176676352/L7w1Iari_normal.jpg",
      "description": "Dear descendant! Ever dreamed of mastering the skills of repair? Come and prepare to engage your brain in a series of captivating challenges!",
      "followersCount": 141,
      "friendsCount": 16,
      "location": "Oasis"
    },
    "images": [],
    "videos": [],
    "tweetUrl": "https://x.com/VL_Global/status/1869720415637246076",
    "fullText": "🤩The most popular RPG mobile game is now online! Download Valor Legends, enter the gift code VL777 and redeem plenty of rewards!"
  },
  {
    "user": {
      "screenName": "Kling_ai",
      "name": "Kling AI",
      "profileImageUrl": "https://pbs.twimg.com/profile_images/1799295369572220928/TttfRqyh_normal.jpg",
      "description": "Join Kling AI official community🌟:\n\nDiscord▶️ https://t.co/kUVSFwBTu2\nTiktok▶️ https://t.co/Lnr3cKIoKd\nYoutube▶️https://t.co/bOaSev0Sze",
      "followersCount": 46384,
      "friendsCount": 235,
      "location": ""
    },
    "images": [
      "https://pbs.twimg.com/media/GfJyZ_qa8AAZR0f.jpg"
    ],
    "videos": [],
    "tweetUrl": "https://x.com/Kling_ai/status/1869682616632500519",
    "fullText": "📢 BREAKING NEWS! The KLING AI 1.6 model is here! And we're launching a CREATIVE CHALLENGE to celebrate this update 🎉 \n\nEnter NOW for amazing reward opportunities! 🎁\nTimeline:\nFrom December 19, 0:00 to December 25, 23:59 Pacific Time (UTC-8) 🕒\nHow to enter:\n1. Create a video https://t.co/X3aeRJjJO0"
  },
  {
    "user": {
      "screenName": "queensblade04",
      "name": "クイーンズブレイドリミットブレイク",
      "profileImageUrl": "https://pbs.twimg.com/profile_images/1843100771057065984/k7g7VUlR_normal.png",
      "description": "『クイリミ』は「クイーンズブレイド」シリーズに登場する美闘士たちがフルオートで強く、激しく闘う、ターン制RPGです。\n美闘士たちは、放置時間も己を高めるべく冒険に赴き、アイテムや経験値を収集します。",
      "followersCount": 3377,
      "friendsCount": 1,
      "location": "日本"
    },
    "images": [],
    "videos": [],
    "tweetUrl": "https://x.com/queensblade04/status/1869682391889109453",
    "fullText": "遊戲內即可享受極限突破。\n\n来玩玩看"
  },
  {
    "user": {
      "screenName": "canlesofficial",
      "name": "Canles",
      "profileImageUrl": "https://pbs.twimg.com/profile_images/1666678663084150784/41oyvaiH_normal.jpg",
      "description": "👣 Engineered for walking | 👟 Comfy & versatile footwear for life's adventures | 🌿 Breathable, lightweight designs",
      "followersCount": 10384,
      "friendsCount": 1,
      "location": "Vancouver, Canada"
    },
    "images": [],
    "videos": [],
    "tweetUrl": "https://x.com/canlesofficial/status/1869639590354858319",
    "fullText": "Tired of shivering through the winter? Our revolutionary winter boots are here to save the day! Designed to keep your feet toasty warm, dry, and protected, no matter how harsh the weather. Experience the ultimate in winter comfort."
  },
  {
    "user": {
      "screenName": "canlesofficial",
      "name": "Canles",
      "profileImageUrl": "https://pbs.twimg.com/profile_images/1666678663084150784/41oyvaiH_normal.jpg",
      "description": "👣 Engineered for walking | 👟 Comfy & versatile footwear for life's adventures | 🌿 Breathable, lightweight designs",
      "followersCount": 10383,
      "friendsCount": 1,
      "location": "Vancouver, Canada"
    },
    "images": [],
    "videos": [],
    "tweetUrl": "https://x.com/canlesofficial/status/1869639581928239332",
    "fullText": "Tired of shivering through the winter? Our revolutionary winter boots are here to save the day! Designed to keep your feet toasty warm, dry, and protected, no matter how harsh the weather. Experience the ultimate in winter comfort."
  },
  {
    "user": {
      "screenName": "canlesofficial",
      "name": "Canles",
      "profileImageUrl": "https://pbs.twimg.com/profile_images/1666678663084150784/41oyvaiH_normal.jpg",
      "description": "👣 Engineered for walking | 👟 Comfy & versatile footwear for life's adventures | 🌿 Breathable, lightweight designs",
      "followersCount": 10385,
      "friendsCount": 1,
      "location": "Vancouver, Canada"
    },
    "images": [],
    "videos": [],
    "tweetUrl": "https://x.com/canlesofficial/status/1869639569240437244",
    "fullText": "Tired of shivering through the winter? Our revolutionary winter boots are here to save the day! Designed to keep your feet toasty warm, dry, and protected, no matter how harsh the weather. Experience the ultimate in winter comfort."
  }
]