[
  {
    "user": {
      "screenName": "yuyy614893671",
      "name": "金融汪",
      "profileImageUrl": "https://pbs.twimg.com/profile_images/1832901799470411776/mpHf_iT0_normal.jpg",
      "description": "油管频道：金融汪 ，网址：https://t.co/mE0zmyZHPv\n\n金融市场老兵. Former Investment manager. 观察和理解这个世界每天在发生着什么，是我的兴趣也是工作。X上的内容只是分享，不是投资建议。",
      "followersCount": 51185,
      "friendsCount": 323,
      "location": ""
    },
    "images": [
      "https://pbs.twimg.com/media/Giur93UaUAAA_8D.jpg",
      "https://pbs.twimg.com/media/Giur93TaEAAH36f.jpg",
      "https://pbs.twimg.com/media/Giur93SaQAAweCw.jpg"
    ],
    "videos": [
      "https://video.twimg.com/amplify_video/1885789948311425025/vid/avc1/1280x720/0b5___VarEKRdvUe.mp4?tag=16"
    ],
    "tweetUrl": "https://x.com/yuyy614893671/status/1885790086769578103",
    "fullText": "乡亲们都来了，庆祝中国年！ https://t.co/Ti5gdFV92y"
  },
  {
    "user": {
      "screenName": "yuyy614893671",
      "name": "金融汪",
      "profileImageUrl": "https://pbs.twimg.com/profile_images/1832901799470411776/mpHf_iT0_normal.jpg",
      "description": "油管频道：金融汪 ，网址：https://t.co/mE0zmyZHPv\n\n金融市场老兵. Former Investment manager. 观察和理解这个世界每天在发生着什么，是我的兴趣也是工作。X上的内容只是分享，不是投资建议。",
      "followersCount": 51185,
      "friendsCount": 323,
      "location": ""
    },
    "images": [],
    "videos": [],
    "tweetUrl": "https://x.com/yuyy614893671/status/1885777785173766438",
    "fullText": "我以前在国内工作的时候，招的一个小伙就是在海外学神经网络和AI的，到我们部门就每天负责建模，做交易，监督投资账户\n\n但金融对他来说还是简单，毕竟他算后台不需要对业绩负责，所以过得挺爽，工作生活完美平衡，收入也不少\n\n最爽的是，他几年后离职，是因为泡了我们部门的妹妹，要谈婚论嫁了不得不走"
  },
  {
    "user": {
      "screenName": "yuyy614893671",
      "name": "金融汪",
      "profileImageUrl": "https://pbs.twimg.com/profile_images/1832901799470411776/mpHf_iT0_normal.jpg",
      "description": "油管频道：金融汪 ，网址：https://t.co/mE0zmyZHPv\n\n金融市场老兵. Former Investment manager. 观察和理解这个世界每天在发生着什么，是我的兴趣也是工作。X上的内容只是分享，不是投资建议。",
      "followersCount": 51185,
      "friendsCount": 323,
      "location": ""
    },
    "images": [
      "https://pbs.twimg.com/media/GiuSsEWbMAAEwFN.jpg"
    ],
    "videos": [],
    "tweetUrl": "https://x.com/yuyy614893671/status/1885762874712502753",
    "fullText": "【特朗普关税政策】\n特朗普昨天正式宣布了他的关税政策：\n对墨西哥和加拿大商品征收25%的关税\n对中国商品加征10%的关税\n加拿大的石油产品征收的关税为10%\n\n这三个国家是美国进口最大的三个国家，占比超过一半\n\n静态假设下特朗普对这三国的关税，每年可以提高2700亿联邦收入 https://t.co/1NUneJkD5l"
  },
  {
    "user": {
      "screenName": "NordaceOfficial",
      "name": "Nordace",
      "profileImageUrl": "https://pbs.twimg.com/profile_images/1103775502391697408/pwfE7uK7_normal.png",
      "description": "Whether you're hiking the Andes or exploring the streets of Rome, we have the best travel bags and accessories for any adventure. Always searching for adventure",
      "followersCount": 43629,
      "friendsCount": 0,
      "location": ""
    },
    "images": [],
    "videos": [],
    "tweetUrl": "https://x.com/NordaceOfficial/status/1885723354990297483",
    "fullText": "🎒🌟 Travel Is Easy Now!\nhttps://t.co/JLnEOUPAg4"
  },
  {
    "user": {
      "screenName": "NordaceOfficial",
      "name": "Nordace",
      "profileImageUrl": "https://pbs.twimg.com/profile_images/1103775502391697408/pwfE7uK7_normal.png",
      "description": "Whether you're hiking the Andes or exploring the streets of Rome, we have the best travel bags and accessories for any adventure. Always searching for adventure",
      "followersCount": 43629,
      "friendsCount": 0,
      "location": ""
    },
    "images": [],
    "videos": [],
    "tweetUrl": "https://x.com/NordaceOfficial/status/1885723354705088906",
    "fullText": "🎒 Organize, Pack, and Travel Better with This Bag!\nhttps://t.co/JLnEOUPAg4"
  },
  {
    "user": {
      "screenName": "ovst36099",
      "name": "兔子",
      "profileImageUrl": "https://pbs.twimg.com/profile_images/1811330028954923008/EcwM3vmh_normal.jpg",
      "description": "被知产耽误的新手程\n\n我的服务：\n1. ChatGPT直连站（免费长期试用）：https://t.co/jCiDSGbaon\n2. API转发站（送 0.4 美金）：https://t.co/drXlNAoFMJ\n3. mj绘画站（送 5 积分）：https://t.co/H6rHEiFR5X",
      "followersCount": 1857,
      "friendsCount": 193,
      "location": "NewYork"
    },
    "images": [
      "https://pbs.twimg.com/media/Gitc2z-bgAAlkfa.png",
      "https://pbs.twimg.com/media/Gitc4K5aoAEQ469.png",
      "https://pbs.twimg.com/media/Gitc5bragAAxHN1.png",
      "https://pbs.twimg.com/media/Gitc6zQaUAAbdjx.png"
    ],
    "videos": [],
    "tweetUrl": "https://x.com/ovst36099/status/1885703146007376167",
    "fullText": "api站点本次更新了\n- o3、deepseek、grok、gemini 四种模型\n\n模型0.7人民币兑换1美金，欢迎收藏备用 https://t.co/UGDF9ne8ls"
  },
  {
    "user": {
      "screenName": "canlesofficial",
      "name": "Canles",
      "profileImageUrl": "https://pbs.twimg.com/profile_images/1666678663084150784/41oyvaiH_normal.jpg",
      "description": "👣 Engineered for walking | 👟 Comfy & versatile footwear for life's adventures | 🌿 Breathable, lightweight designs",
      "followersCount": 11463,
      "friendsCount": 1,
      "location": "Vancouver, Canada"
    },
    "images": [],
    "videos": [],
    "tweetUrl": "https://x.com/canlesofficial/status/1885702937667858719",
    "fullText": "Tired of shivering through the winter? Our revolutionary winter boots are here to save the day! Designed to keep your feet toasty warm, dry, and protected, no matter how harsh the weather. Experience the ultimate in winter comfort."
  },
  {
    "user": {
      "screenName": "canlesofficial",
      "name": "Canles",
      "profileImageUrl": "https://pbs.twimg.com/profile_images/1666678663084150784/41oyvaiH_normal.jpg",
      "description": "👣 Engineered for walking | 👟 Comfy & versatile footwear for life's adventures | 🌿 Breathable, lightweight designs",
      "followersCount": 11463,
      "friendsCount": 1,
      "location": "Vancouver, Canada"
    },
    "images": [],
    "videos": [],
    "tweetUrl": "https://x.com/canlesofficial/status/1885702917644251631",
    "fullText": "Tired of shivering through the winter? Our revolutionary winter boots are here to save the day! Designed to keep your feet toasty warm, dry, and protected, no matter how harsh the weather. Experience the ultimate in winter comfort."
  },
  {
    "user": {
      "screenName": "canlesofficial",
      "name": "Canles",
      "profileImageUrl": "https://pbs.twimg.com/profile_images/1666678663084150784/41oyvaiH_normal.jpg",
      "description": "👣 Engineered for walking | 👟 Comfy & versatile footwear for life's adventures | 🌿 Breathable, lightweight designs",
      "followersCount": 11462,
      "friendsCount": 1,
      "location": "Vancouver, Canada"
    },
    "images": [],
    "videos": [],
    "tweetUrl": "https://x.com/canlesofficial/status/1885702136069329272",
    "fullText": "Say Goodbye to Squeezed Toes! 🥾\n\nFinally, winter boots that truly fit! Designed with a wide toe box, our AlpineBare boots give your feet the space they deserve—no pinching, no discomfort. Plus, they’re waterproof, slip-resistant, and perfect for staying active all season long."
  },
  {
    "user": {
      "screenName": "canlesofficial",
      "name": "Canles",
      "profileImageUrl": "https://pbs.twimg.com/profile_images/1666678663084150784/41oyvaiH_normal.jpg",
      "description": "👣 Engineered for walking | 👟 Comfy & versatile footwear for life's adventures | 🌿 Breathable, lightweight designs",
      "followersCount": 11463,
      "friendsCount": 1,
      "location": "Vancouver, Canada"
    },
    "images": [],
    "videos": [],
    "tweetUrl": "https://x.com/canlesofficial/status/1885702127601029227",
    "fullText": "Say Goodbye to Squeezed Toes! 🥾\n\nFinally, winter boots that truly fit! Designed with a wide toe box, our AlpineBare boots give your feet the space they deserve—no pinching, no discomfort. Plus, they’re waterproof, slip-resistant, and perfect for staying active all season long."
  },
  {
    "user": {
      "screenName": "skywind3000",
      "name": "LIN WEI",
      "profileImageUrl": "https://pbs.twimg.com/profile_images/786485788468850688/OA9vAxsy_normal.jpg",
      "description": "老程序员，92年（小学）开始写代码，快速可靠传输协议 KCP 作者，知乎游戏开发话题，编程话题优秀答主（id 韦易笑，25万关注），娱乐化编程，Vim 用户+插件作者，怀旧游戏玩家。",
      "followersCount": 18575,
      "friendsCount": 251,
      "location": "Guangdong"
    },
    "images": [
      "https://pbs.twimg.com/media/GitYMyQa0AA5x_R.jpg"
    ],
    "videos": [],
    "tweetUrl": "https://x.com/skywind3000/status/1885698140772381122",
    "fullText": "为何吸烟：说来惭愧，我有个坏习惯，就是爱吸烟，而原因又有些一言难尽，十个吸烟的人问他们原因，五个可能告诉你年轻时为了耍帅（那时影视剧男主角闲着没事都叼根烟），五个可能告诉你因为好奇或者被人带坏，可我的原因和他们都不一样，读大学时我们专业是全校最难的专业，而我从大二开始大量时间泡在 https://t.co/fGvGQwGpj1"
  },
  {
    "user": {
      "screenName": "xiongchun007",
      "name": "Spring Xiong 熊春",
      "profileImageUrl": "https://pbs.twimg.com/profile_images/1850515744104263680/QdGAs4y6_normal.jpg",
      "description": "Programmer, Creator of @Datacollie (Database Management & Data Analysis)  #Java #Web #App #Python #DataScience #OpenSource",
      "followersCount": 4421,
      "friendsCount": 1111,
      "location": ""
    },
    "images": [
      "https://pbs.twimg.com/media/GitSTwbaMAAsI6D.jpg"
    ],
    "videos": [],
    "tweetUrl": "https://x.com/xiongchun007/status/1885691371060887606",
    "fullText": "平远街位于云南省文山州砚山县，是一个多民族聚居的小镇。在20世纪80年代至90年代初，这里因毒品和枪支交易猖獗，被称为“犯罪天堂”。毒品主要来自“金三角”地区，枪支交易也十分活跃。当地的犯罪分子甚至建立了地下黑市，公开进行毒品和军火交易。92云南省组织了3000多名武警，对平远街进行全面围剿。 https://t.co/KMYxRKE8XE"
  },
  {
    "user": {
      "screenName": "goocarlos",
      "name": "Luyu Zhang",
      "profileImageUrl": "https://pbs.twimg.com/profile_images/1770805803932364800/yJnlxO2f_normal.jpg",
      "description": "CEO&Founder of @dify_ai",
      "followersCount": 16901,
      "friendsCount": 776,
      "location": "Mountain View, CA"
    },
    "images": [],
    "videos": [],
    "tweetUrl": "https://x.com/goocarlos/status/1885684820912836981",
    "fullText": "人有没有可能仅靠不断刷 4 选 1 的选择题，就能学会所有学科知识，而不必系统性阅读或上课？之所以产生这个问题，是因为我在加州驾考时的学习经历，我似乎掌握了加州的主要交规，但我却并没有阅读过交规原文。另外，我发现 Duolingo 这样的 App 本质上是一个刷题学习策略。"
  },
  {
    "user": {
      "screenName": "yihui_indie",
      "name": "熠辉 Indie",
      "profileImageUrl": "https://pbs.twimg.com/profile_images/1804848821702377472/fSfFlGTf_normal.jpg",
      "description": "我的AI副业专栏(https://t.co/n3aQPcb9yX ) |   全职独立开发者 | NuxtBase作者 |  B站up主 | 分享创造 + 无限迭代ing",
      "followersCount": 23682,
      "friendsCount": 514,
      "location": "Hong Kong"
    },
    "images": [
      "https://pbs.twimg.com/media/GitJgYUaUAAbTLo.jpg"
    ],
    "videos": [],
    "tweetUrl": "https://x.com/yihui_indie/status/1885681697947275625",
    "fullText": "突然想到AI 时代，FreeCodeCamp似乎值得被重做一遍😬 https://t.co/gZfdr4P2Qt"
  },
  {
    "user": {
      "screenName": "yihui_indie",
      "name": "熠辉 Indie",
      "profileImageUrl": "https://pbs.twimg.com/profile_images/1804848821702377472/fSfFlGTf_normal.jpg",
      "description": "我的AI副业专栏(https://t.co/n3aQPcb9yX ) |   全职独立开发者 | NuxtBase作者 |  B站up主 | 分享创造 + 无限迭代ing",
      "followersCount": 23682,
      "friendsCount": 514,
      "location": "Hong Kong"
    },
    "images": [
      "https://pbs.twimg.com/media/GitFMvfbYAAaDxY.jpg"
    ],
    "videos": [],
    "tweetUrl": "https://x.com/yihui_indie/status/1885676963261821173",
    "fullText": "今天在悉尼和朋友聊天，当他们说有多喜欢澳洲这边 WLB 的生活的时候，我意识到我居然一点都没有羡慕，我很喜欢现在的生活：一种折腾的生活（这边下午 4 点多开始喝啤酒的生活，似乎有点无聊🥱） https://t.co/RGgkUkYEp0"
  },
  {
    "user": {
      "screenName": "MaimaiLee123",
      "name": "李麦麦",
      "profileImageUrl": "https://pbs.twimg.com/profile_images/1863951770080428032/5qM3fGRx_normal.jpg",
      "description": "用X写日常｜ Python造垃圾｜INTJ ｜感谢follow ｜ 电报 https://t.co/qYINMLQgVt 自留地 https://t.co/WQYgnkH9Ew",
      "followersCount": 14964,
      "friendsCount": 2406,
      "location": "IP属地:由于相关法律法规及政策,该地址不予显示"
    },
    "images": [],
    "videos": [],
    "tweetUrl": "https://x.com/MaimaiLee123/status/1885675848176656576",
    "fullText": "看了几个讲tiktok起号技巧的视频，总结一下流程\n\n1、邮箱正常注册，一号一机一IP\n2、前三天不上视频，想起来就刷会视频点点赞，注意看自然流推给这个号的是什么内容，做记录\n3、三天后直接上混剪视频，如果有流量就继续做"
  },
  {
    "user": {
      "screenName": "ovst36099",
      "name": "兔子",
      "profileImageUrl": "https://pbs.twimg.com/profile_images/1811330028954923008/EcwM3vmh_normal.jpg",
      "description": "被知产耽误的新手程\n\n我的服务：\n1. ChatGPT直连站（免费长期试用）：https://t.co/jCiDSGbaon\n2. API转发站（送 0.4 美金）：https://t.co/drXlNAoFMJ\n3. mj绘画站（送 5 积分）：https://t.co/H6rHEiFR5X",
      "followersCount": 1857,
      "friendsCount": 193,
      "location": "NewYork"
    },
    "images": [
      "https://pbs.twimg.com/media/Gisp9LoaEAAI6W8.png"
    ],
    "videos": [],
    "tweetUrl": "https://x.com/ovst36099/status/1885648282069954794",
    "fullText": "都在传过年，某小孩哥“鞭炮炸井盖”的故事\n\n养小孩真是个高危职业，不仅仅可能一夜成为平民\n\n居然还有可能要坐牢，还是10~15年这种🤡 https://t.co/KXpyt5G02D"
  },
  {
    "user": {
      "screenName": "ovst36099",
      "name": "兔子",
      "profileImageUrl": "https://pbs.twimg.com/profile_images/1811330028954923008/EcwM3vmh_normal.jpg",
      "description": "被知产耽误的新手程\n\n我的服务：\n1. ChatGPT直连站（免费长期试用）：https://t.co/jCiDSGbaon\n2. API转发站（送 0.4 美金）：https://t.co/drXlNAoFMJ\n3. mj绘画站（送 5 积分）：https://t.co/H6rHEiFR5X",
      "followersCount": 1857,
      "friendsCount": 193,
      "location": "NewYork"
    },
    "images": [
      "https://pbs.twimg.com/media/GisWIZEbgAAkpRy.png"
    ],
    "videos": [],
    "tweetUrl": "https://x.com/ovst36099/status/1885625363734364466",
    "fullText": "o3-mini、o3-mini-high上线\n\nPlus - Pro 加量不加价 https://t.co/TUXLyZ7Wtz"
  },
  {
    "user": {
      "screenName": "MaimaiLee123",
      "name": "李麦麦",
      "profileImageUrl": "https://pbs.twimg.com/profile_images/1863951770080428032/5qM3fGRx_normal.jpg",
      "description": "用X写日常｜ Python造垃圾｜INTJ ｜感谢follow ｜ 电报 https://t.co/qYINMLQgVt 自留地 https://t.co/WQYgnkH9Ew",
      "followersCount": 14964,
      "friendsCount": 2406,
      "location": "IP属地:由于相关法律法规及政策,该地址不予显示"
    },
    "images": [
      "https://pbs.twimg.com/media/GisV6MQbwAAu5lY.jpg",
      "https://pbs.twimg.com/media/GisV6MPbIAEH9Bn.jpg",
      "https://pbs.twimg.com/media/GisV6MPbwAA0Xe6.jpg"
    ],
    "videos": [],
    "tweetUrl": "https://x.com/MaimaiLee123/status/1885624969775964656",
    "fullText": "记录人生第一次使用u卡消费。\n很奇特的体验，我觉得以后可以把更多的财产换成u或者是btc、eth、sol这样的“硬通货”，因为u卡的功能逐渐比肩传统银行，且解决了u需要主动出金换成rmb再消费的高风险的繁琐的消费步骤。\n未来属于web3，属于crypto。 https://t.co/8pDWGtaQSE"
  },
  {
    "user": {
      "screenName": "xiongchun007",
      "name": "Spring Xiong 熊春",
      "profileImageUrl": "https://pbs.twimg.com/profile_images/1850515744104263680/QdGAs4y6_normal.jpg",
      "description": "Programmer, Creator of @Datacollie (Database Management & Data Analysis)  #Java #Web #App #Python #DataScience #OpenSource",
      "followersCount": 4421,
      "friendsCount": 1111,
      "location": ""
    },
    "images": [
      "https://pbs.twimg.com/media/GisIX2lbYAAxuaK.jpg"
    ],
    "videos": [],
    "tweetUrl": "https://x.com/xiongchun007/status/1885610081120866587",
    "fullText": "一路都是风景，喀斯特地貌，广西。 https://t.co/dub9rYWldW"
  },
  {
    "user": {
      "screenName": "cellinlab",
      "name": "Cellinlab",
      "profileImageUrl": "https://pbs.twimg.com/profile_images/1634900405724545031/gQgQEpaj_normal.jpg",
      "description": "🎯 Crypto & AI ｜💻 独立开发者 ｜🎙️《午睡到天亮》播客 ｜ 🤖 AGI 降临派 ｜🤝 巢级个体社区发起人 ｜在做 https://t.co/tw90Mxo10t｜💪 通过海量自由职业者案例、方法，让更多人看见、相信、成为独立工作者，做超级个体🦸‍♂️",
      "followersCount": 7517,
      "friendsCount": 3318,
      "location": ""
    },
    "images": [
      "https://pbs.twimg.com/media/GisAk8KbYAE_RgL.jpg"
    ],
    "videos": [],
    "tweetUrl": "https://x.com/cellinlab/status/1885601513932021903",
    "fullText": "#SiliconFlow ❤️  #DeepSeek\n🎉 硅基流动首发 DeepSeek R1 &amp; V3\n💵 价格与 DeepSeek 官网同价\n\n注册送 2000万 Tokens 😍\nhttps://t.co/1O3pHHVrLQ https://t.co/U2uf1ZB8np"
  },
  {
    "user": {
      "screenName": "middlefeng",
      "name": "FENG DONG",
      "profileImageUrl": "https://pbs.twimg.com/profile_images/2169091824/Nuclear_normal.png",
      "description": "Author of Nuo Model Viewer. Programming C++, Lua, DirectX, Windows, iOS, macOS, Metal. Linux kernel fan (once). Atheism leads to singularity and God save us.",
      "followersCount": 6874,
      "friendsCount": 724,
      "location": "San Jose, CA"
    },
    "images": [],
    "videos": [],
    "tweetUrl": "https://x.com/middlefeng/status/1885576930961014997",
    "fullText": "AI 从多张照片建模这个功能发展了这么多年，好多系统生成的模型还是 baked color，连 albedo color 都不能生成。这科学吗？"
  },
  {
    "user": {
      "screenName": "initiumnews",
      "name": "端傳媒 Initium Media",
      "profileImageUrl": "https://pbs.twimg.com/profile_images/1742186027173937152/Fjsm2UMj_normal.jpg",
      "description": "端傳媒成立於2015年，專注原創深度報導，已獲得逾100項新聞及攝影大獎。端傳媒是靠會員付費訂閱維繫的獨立媒體機構，成為訂閱會員，支持華文世界不可或缺的深度報導和多元聲音。",
      "followersCount": 254739,
      "friendsCount": 634,
      "location": ""
    },
    "images": [],
    "videos": [],
    "tweetUrl": "https://x.com/initiumnews/status/1885568766727057633",
    "fullText": "【優惠倒數中⌚️】新春快樂！端傳媒限時特惠：暢讀會員首年只要 8 折，即可暢讀全站深度內容。點擊鏈接登入訂閱會員，以實際行動支持華語獨立新聞：https://t.co/2X5QA5RqNh"
  },
  {
    "user": {
      "screenName": "MaimaiLee123",
      "name": "李麦麦",
      "profileImageUrl": "https://pbs.twimg.com/profile_images/1863951770080428032/5qM3fGRx_normal.jpg",
      "description": "用X写日常｜ Python造垃圾｜INTJ ｜感谢follow ｜ 电报 https://t.co/qYINMLQgVt 自留地 https://t.co/WQYgnkH9Ew",
      "followersCount": 14964,
      "friendsCount": 2406,
      "location": "IP属地:由于相关法律法规及政策,该地址不予显示"
    },
    "images": [
      "https://pbs.twimg.com/media/GirgbsnakAAELy9.jpg"
    ],
    "videos": [],
    "tweetUrl": "https://x.com/MaimaiLee123/status/1885566170985845173",
    "fullText": "150条越早明白越好的真相 https://t.co/0VlJJ8V6x1"
  },
  {
    "user": {
      "screenName": "MaimaiLee123",
      "name": "李麦麦",
      "profileImageUrl": "https://pbs.twimg.com/profile_images/1863951770080428032/5qM3fGRx_normal.jpg",
      "description": "用X写日常｜ Python造垃圾｜INTJ ｜感谢follow ｜ 电报 https://t.co/qYINMLQgVt 自留地 https://t.co/WQYgnkH9Ew",
      "followersCount": 14964,
      "friendsCount": 2406,
      "location": "IP属地:由于相关法律法规及政策,该地址不予显示"
    },
    "images": [
      "https://pbs.twimg.com/media/GirZyjubYAAxoi-.jpg"
    ],
    "videos": [],
    "tweetUrl": "https://x.com/MaimaiLee123/status/1885558868916527400",
    "fullText": "兴化粉 https://t.co/8dvjhDf7Wo"
  },
  {
    "user": {
      "screenName": "yihong0618",
      "name": "yihong0618",
      "profileImageUrl": "https://pbs.twimg.com/profile_images/1209446924006223872/wSIVSKnh_normal.jpg",
      "description": "喜欢王小波，大概我们能成为朋友。 我的 2024 https://t.co/HfDF6oduB7 我的 2023 https://t.co/QyV8PiZmOY 我的2022 https://t.co/NLYTn7xtta 我的 2021 我的 2020",
      "followersCount": 71526,
      "friendsCount": 3320,
      "location": ""
    },
    "images": [
      "https://pbs.twimg.com/media/GirPW1xbYAAQLkl.jpg",
      "https://pbs.twimg.com/media/GirPW1vbYAAk39Z.jpg"
    ],
    "videos": [],
    "tweetUrl": "https://x.com/yihong0618/status/1885547407687209170",
    "fullText": "#今天的跑步电台。 https://t.co/Tzh8E22jZ4"
  },
  {
    "user": {
      "screenName": "dotey",
      "name": "宝玉",
      "profileImageUrl": "https://pbs.twimg.com/profile_images/561086911561736192/6_g58vEs_normal.jpeg",
      "description": "Prompt Engineer, dedicated to learning and disseminating knowledge about AI, software engineering, and engineering management.",
      "followersCount": 103733,
      "friendsCount": 1270,
      "location": "Chicago, IL"
    },
    "images": [
      "https://pbs.twimg.com/media/GirMpvbWUAAbtt5.png"
    ],
    "videos": [],
    "tweetUrl": "https://x.com/dotey/status/1885544437498974338",
    "fullText": "谷歌向美国平台与设备部门的所有员工提供“自愿离职”选项\n\n离职者可获得遣散费，公司希望留下的人都能“对使命高度投入”。 https://t.co/ORjpmChY6o"
  },
  {
    "user": {
      "screenName": "atomiclabrats",
      "name": "LABRATS International",
      "profileImageUrl": "https://pbs.twimg.com/profile_images/1747690534125043712/Owroafyl_normal.jpg",
      "description": "#lookmeintheeye #HillsboroughLawNow",
      "followersCount": 1084,
      "friendsCount": 1624,
      "location": ""
    },
    "images": [],
    "videos": [],
    "tweetUrl": "https://x.com/atomiclabrats/status/1885543437082194173",
    "fullText": "📈 Free 1-Year Ultimate Subscription! Download and get Ultimate subscription for a year for free. Save 5999$/Year.\n\nGet access to accurate charts, real-time data, and premium services for trading for an entire year! Trade like a pro with the tools that give you an edge."
  },
  {
    "user": {
      "screenName": "yuyy614893671",
      "name": "金融汪",
      "profileImageUrl": "https://pbs.twimg.com/profile_images/1832901799470411776/mpHf_iT0_normal.jpg",
      "description": "油管频道：金融汪 ，网址：https://t.co/mE0zmyZHPv\n\n金融市场老兵. Former Investment manager. 观察和理解这个世界每天在发生着什么，是我的兴趣也是工作。X上的内容只是分享，不是投资建议。",
      "followersCount": 51185,
      "friendsCount": 323,
      "location": ""
    },
    "images": [],
    "videos": [],
    "tweetUrl": "https://x.com/yuyy614893671/status/1885541267754672636",
    "fullText": "刷了一会推特，觉得这世界要完\n\n还是不看，专注当一只鸵鸟"
  },
  {
    "user": {
      "screenName": "lencx_",
      "name": "lencx",
      "profileImageUrl": "https://pbs.twimg.com/profile_images/1777510753672785921/p0hrP-Qm_normal.png",
      "description": "✍🏻 公众号「浮之静」 👨🏻‍💻 Web • Rust • Tauri  • Electron\n🚫 不看 • 不听 • 不说 🤔 学会思考 • 自说自话",
      "followersCount": 19770,
      "friendsCount": 1006,
      "location": ""
    },
    "images": [],
    "videos": [
      "https://video.twimg.com/ext_tw_video/1885535275067277313/pu/vid/avc1/1186x720/-zRS5sWCb1U4eMKQ.mp4?tag=12"
    ],
    "tweetUrl": "https://x.com/lencx_/status/1885536976763494604",
    "fullText": "o3-mini-high 确实强，测试用 p5.js 生成彩色小球碰撞效果（碰撞边缘根据强弱产生粒子），它在思考 47s 后直接给出代码。\n\n给出的 p5.js 代码可以直接在这里运行： https://t.co/eTXNLkasmT https://t.co/4BqnM1Ul1S"
  },
  {
    "user": {
      "screenName": "xiongchun007",
      "name": "Spring Xiong 熊春",
      "profileImageUrl": "https://pbs.twimg.com/profile_images/1850515744104263680/QdGAs4y6_normal.jpg",
      "description": "Programmer, Creator of @Datacollie (Database Management & Data Analysis)  #Java #Web #App #Python #DataScience #OpenSource",
      "followersCount": 4421,
      "friendsCount": 1111,
      "location": ""
    },
    "images": [
      "https://pbs.twimg.com/media/GirCpwebYAkebbU.jpg"
    ],
    "videos": [],
    "tweetUrl": "https://x.com/xiongchun007/status/1885533422212571458",
    "fullText": "好大儿说，我敢发他的擦边照，就要把我手机砸了。现在儿子大了，搂一下不给摸一下不给的，我想把光头强的缩小镜借来把他缩成一个三岁的宝宝(●✿∀✿●) 一转眼就长大了，好像开个小号重头再练一遍。 https://t.co/uGmmPuWnjk"
  },
  {
    "user": {
      "screenName": "xushiwei",
      "name": "xushiwei",
      "profileImageUrl": "https://pbs.twimg.com/profile_images/1272335341064609792/DmF9CslM_normal.jpg",
      "description": "Creator of Go+ (https://t.co/g8JYfPGLvf) and LLGo. Our vision is to enable everyone to become a builder of the digital world. Qiniu Limited CEO.",
      "followersCount": 6139,
      "friendsCount": 471,
      "location": ""
    },
    "images": [],
    "videos": [],
    "tweetUrl": "https://x.com/xushiwei/status/1885531344249434304",
    "fullText": "https://t.co/kgUGOUwJii"
  },
  {
    "user": {
      "screenName": "MaimaiLee123",
      "name": "李麦麦",
      "profileImageUrl": "https://pbs.twimg.com/profile_images/1863951770080428032/5qM3fGRx_normal.jpg",
      "description": "用X写日常｜ Python造垃圾｜INTJ ｜感谢follow ｜ 电报 https://t.co/qYINMLQgVt 自留地 https://t.co/WQYgnkH9Ew",
      "followersCount": 14964,
      "friendsCount": 2406,
      "location": "IP属地:由于相关法律法规及政策,该地址不予显示"
    },
    "images": [
      "https://pbs.twimg.com/media/Giq04t7a8AAlNEu.jpg"
    ],
    "videos": [],
    "tweetUrl": "https://x.com/MaimaiLee123/status/1885518287536349219",
    "fullText": "和朋友逛街，突然神色凝重的告诉我现在马上送他回家的时候，无须多言，不辜负每一份信任，我的车目前保持着0泄漏的完美战绩 https://t.co/XKvRFYNFz9"
  },
  {
    "user": {
      "screenName": "yuyy614893671",
      "name": "金融汪",
      "profileImageUrl": "https://pbs.twimg.com/profile_images/1832901799470411776/mpHf_iT0_normal.jpg",
      "description": "油管频道：金融汪 ，网址：https://t.co/mE0zmyZHPv\n\n金融市场老兵. Former Investment manager. 观察和理解这个世界每天在发生着什么，是我的兴趣也是工作。X上的内容只是分享，不是投资建议。",
      "followersCount": 51185,
      "friendsCount": 323,
      "location": ""
    },
    "images": [],
    "videos": [],
    "tweetUrl": "https://x.com/yuyy614893671/status/1885508957600702503",
    "fullText": "特斯拉：2024财务数据恶化，马斯克继续画饼 ！  Tesla ｜ FSD ｜Optimus ｜ 盈利能力下降 ｜ 估值贵 ｜ 2024年年报 ... https://t.co/gxaudwo5vZ"
  },
  {
    "user": {
      "screenName": "MaimaiLee123",
      "name": "李麦麦",
      "profileImageUrl": "https://pbs.twimg.com/profile_images/1863951770080428032/5qM3fGRx_normal.jpg",
      "description": "用X写日常｜ Python造垃圾｜INTJ ｜感谢follow ｜ 电报 https://t.co/qYINMLQgVt 自留地 https://t.co/WQYgnkH9Ew",
      "followersCount": 14964,
      "friendsCount": 2406,
      "location": "IP属地:由于相关法律法规及政策,该地址不予显示"
    },
    "images": [
      "https://pbs.twimg.com/media/Giqm8tmaQAAEzfR.jpg"
    ],
    "videos": [],
    "tweetUrl": "https://x.com/MaimaiLee123/status/1885502963407561083",
    "fullText": "来吃锅边糊 https://t.co/NFW2xYnq9X"
  },
  {
    "user": {
      "screenName": "middlefeng",
      "name": "FENG DONG",
      "profileImageUrl": "https://pbs.twimg.com/profile_images/2169091824/Nuclear_normal.png",
      "description": "Author of Nuo Model Viewer. Programming C++, Lua, DirectX, Windows, iOS, macOS, Metal. Linux kernel fan (once). Atheism leads to singularity and God save us.",
      "followersCount": 6874,
      "friendsCount": 724,
      "location": "San Jose, CA"
    },
    "images": [],
    "videos": [
      "https://video.twimg.com/amplify_video/1885500291979894785/vid/avc1/576x1028/reko6vdQbV47JZaP.mp4?tag=16"
    ],
    "tweetUrl": "https://x.com/middlefeng/status/1885500419042099547",
    "fullText": "看题目和开头以为没什么。但是看完觉得说得很好。从头到尾的好。 https://t.co/HcApPRDYYm"
  },
  {
    "user": {
      "screenName": "yuyy614893671",
      "name": "金融汪",
      "profileImageUrl": "https://pbs.twimg.com/profile_images/1832901799470411776/mpHf_iT0_normal.jpg",
      "description": "油管频道：金融汪 ，网址：https://t.co/mE0zmyZHPv\n\n金融市场老兵. Former Investment manager. 观察和理解这个世界每天在发生着什么，是我的兴趣也是工作。X上的内容只是分享，不是投资建议。",
      "followersCount": 51185,
      "friendsCount": 323,
      "location": ""
    },
    "images": [
      "https://pbs.twimg.com/media/GiqVpobbYAQFzlm.jpg"
    ],
    "videos": [],
    "tweetUrl": "https://x.com/yuyy614893671/status/1885484296007450721",
    "fullText": "照例要对数据做一个回顾，于是做了一个视频\n视频中讲到的东西，比X上我贴出来的图标内容更为丰富\n\n欢迎关注：https://t.co/hONYtHKAb9 https://t.co/onQNkWPIKx"
  },
  {
    "user": {
      "screenName": "entropyofcharts",
      "name": "Mindiscuss",
      "profileImageUrl": "https://pbs.twimg.com/profile_images/1884149798388867072/acmXsED8_normal.jpg",
      "description": "We chat about kind of psychology-related topics that might affect some people in real life.",
      "followersCount": 14,
      "friendsCount": 45,
      "location": ""
    },
    "images": [],
    "videos": [],
    "tweetUrl": "https://x.com/entropyofcharts/status/1885477161059979294",
    "fullText": "Love without complications: Why more and more men are fleeing into the arms of AI women. Interview with the founder of a popular AI platform: https://t.co/37xyUaHLXJ"
  },
  {
    "user": {
      "screenName": "MaimaiLee123",
      "name": "李麦麦",
      "profileImageUrl": "https://pbs.twimg.com/profile_images/1863951770080428032/5qM3fGRx_normal.jpg",
      "description": "用X写日常｜ Python造垃圾｜INTJ ｜感谢follow ｜ 电报 https://t.co/qYINMLQgVt 自留地 https://t.co/WQYgnkH9Ew",
      "followersCount": 14964,
      "friendsCount": 2406,
      "location": "IP属地:由于相关法律法规及政策,该地址不予显示"
    },
    "images": [],
    "videos": [],
    "tweetUrl": "https://x.com/MaimaiLee123/status/1885476928473489771",
    "fullText": "坐动车被老太太插队真的一点生不起气来，拎着大包小包就往前面硬塞，颇有抢菜拾荒之姿\n\n我现在知道小时候为啥大人总说“大过年的”避免争吵了，其实是法抗太高他们也不敢乱来，又不愿意丢了面子只能精神胜利法了"
  },
  {
    "user": {
      "screenName": "dotey",
      "name": "宝玉",
      "profileImageUrl": "https://pbs.twimg.com/profile_images/561086911561736192/6_g58vEs_normal.jpeg",
      "description": "Prompt Engineer, dedicated to learning and disseminating knowledge about AI, software engineering, and engineering management.",
      "followersCount": 103733,
      "friendsCount": 1270,
      "location": "Chicago, IL"
    },
    "images": [],
    "videos": [],
    "tweetUrl": "https://x.com/dotey/status/1885459568093700223",
    "fullText": "帮网友问：如果想用AI agent去阅读我的领域的每天最新的文献，每篇文献写一个简短的总结，每晚总结成一封邮件发到我邮箱里。请问现在有类似的工具吗？ 谢谢🙏"
  },
  {
    "user": {
      "screenName": "SoFi",
      "name": "SoFi",
      "profileImageUrl": "https://pbs.twimg.com/profile_images/1411014292791382016/LqQG6oZd_normal.jpg",
      "description": "The finance company that's helping members get their money right. Bank, borrow, and invest — all in one app. NMLS #1121636 Questions: @SoFiSupport",
      "followersCount": 154795,
      "friendsCount": 1079,
      "location": "San Francisco, CA"
    },
    "images": [],
    "videos": [],
    "tweetUrl": "https://x.com/SoFi/status/1885453052637069603",
    "fullText": "Aim for treasuries yield plus enhanced options yield."
  },
  {
    "user": {
      "screenName": "SoFi",
      "name": "SoFi",
      "profileImageUrl": "https://pbs.twimg.com/profile_images/1411014292791382016/LqQG6oZd_normal.jpg",
      "description": "The finance company that's helping members get their money right. Bank, borrow, and invest — all in one app. NMLS #1121636 Questions: @SoFiSupport",
      "followersCount": 154795,
      "friendsCount": 1079,
      "location": "San Francisco, CA"
    },
    "images": [],
    "videos": [],
    "tweetUrl": "https://x.com/SoFi/status/1885452256860135435",
    "fullText": "Low-cost access to the top 500 U.S. companies, growth-driven weightings."
  },
  {
    "user": {
      "screenName": "nishuang",
      "name": "倪爽",
      "profileImageUrl": "https://pbs.twimg.com/profile_images/1615204555/bg_green_300x300_normal.jpg",
      "description": "倪爽，设计顾问。 超过 20 年经验资深设计师，在美国运营 Honest Dot Design / 倪爽设计工作室，为中国及北美企业提供品牌设计、UX 设计两类设计咨询服务",
      "followersCount": 100334,
      "friendsCount": 799,
      "location": "United States"
    },
    "images": [],
    "videos": [
      "https://video.twimg.com/ext_tw_video/1885362106863620098/pu/vid/avc1/1920x1080/AzCn35qr_U2r3jpc.mp4?tag=14"
    ],
    "tweetUrl": "https://x.com/nishuang/status/1885450111737561302",
    "fullText": "特斯拉展示了 Robotaxi 无人驾驶出租车的新装备：无人驾驶打扫卫生机器人\n\n不但会吸尘、捡走矿泉水瓶，还能擦掉中控大屏幕上油拉拉的手指印，哈哈！\n\n马斯克这是把“第一性原则”玩出花了😆\n\n#设计参考\n\nhttps://t.co/OWVjfuvUvg"
  },
  {
    "user": {
      "screenName": "nishuang",
      "name": "倪爽",
      "profileImageUrl": "https://pbs.twimg.com/profile_images/1615204555/bg_green_300x300_normal.jpg",
      "description": "倪爽，设计顾问。 超过 20 年经验资深设计师，在美国运营 Honest Dot Design / 倪爽设计工作室，为中国及北美企业提供品牌设计、UX 设计两类设计咨询服务",
      "followersCount": 100334,
      "friendsCount": 799,
      "location": "United States"
    },
    "images": [
      "https://pbs.twimg.com/media/Gip1o4zWAAA0t8P.jpg",
      "https://pbs.twimg.com/media/Gip1o4yWAAA7t9q.jpg"
    ],
    "videos": [],
    "tweetUrl": "https://x.com/nishuang/status/1885448817576718384",
    "fullText": "苹果的 AR/VR/MR/智能眼镜计划再次碰壁，正式砍掉了 AR 眼镜项目\n\n彭博社说被砍设计类似于 Meta AR 眼镜，需要连电脑、不能像 Vision Pro 那样独立运行\n\n有趣的设计细节：（投影）镜头能变色，让旁观者知道我在看着他、还是在看眼镜里投射的工作画面😅 https://t.co/9zpqltyK64"
  },
  {
    "user": {
      "screenName": "ChipotleTweets",
      "name": "Chipotle",
      "profileImageUrl": "https://pbs.twimg.com/profile_images/1801066620493897728/VGR2mndf_normal.jpg",
      "description": "new year same order",
      "followersCount": 1324000,
      "friendsCount": 34,
      "location": ""
    },
    "images": [],
    "videos": [],
    "tweetUrl": "https://x.com/ChipotleTweets/status/1885438339442237766",
    "fullText": "juicy, tender, flavorful. make your dream barbacoa bowl."
  },
  {
    "user": {
      "screenName": "OpenAI",
      "name": "OpenAI",
      "profileImageUrl": "https://pbs.twimg.com/profile_images/1885410181409820672/ztsaR0JW_normal.jpg",
      "description": "OpenAI’s mission is to ensure that artificial general intelligence benefits all of humanity. We’re hiring: https://t.co/dJGr6Lg202",
      "followersCount": 3928747,
      "friendsCount": 3,
      "location": ""
    },
    "images": [],
    "videos": [],
    "tweetUrl": "https://x.com/OpenAI/status/1885434472033562721",
    "fullText": "Reddit AMA with @sama, @markchen90, @kevinweil, @snsf, @michpokrass, and @ren_hongyu going live soon.  https://t.co/zAPNggW05z"
  },
  {
    "user": {
      "screenName": "nishuang",
      "name": "倪爽",
      "profileImageUrl": "https://pbs.twimg.com/profile_images/1615204555/bg_green_300x300_normal.jpg",
      "description": "倪爽，设计顾问。 超过 20 年经验资深设计师，在美国运营 Honest Dot Design / 倪爽设计工作室，为中国及北美企业提供品牌设计、UX 设计两类设计咨询服务",
      "followersCount": 100328,
      "friendsCount": 799,
      "location": "United States"
    },
    "images": [],
    "videos": [
      "https://video.twimg.com/ext_tw_video/1885422599452147712/pu/vid/avc1/1272x720/XWQdvYIdrxwiXTvv.mp4?tag=12"
    ],
    "tweetUrl": "https://x.com/nishuang/status/1885423914584580481",
    "fullText": "怎么从一块挤压出来的铝片，变成 MacBook Air 的全铝机身？\n\nJony Ive 说他们不仅设计了这个机身，而且设计了生产用的夹具、以及整个生产过程 https://t.co/1KQlqcF0C3"
  },
  {
    "user": {
      "screenName": "GamerSupps",
      "name": "Gamer Supps®",
      "profileImageUrl": "https://pbs.twimg.com/profile_images/1666119132478046208/_ARcTc5__normal.jpg",
      "description": "The Official Energy Drink of Shitposting™, \nEverything tastes better in a @waifucups \nAll customer service is handled through our 24-7 live chat on our website",
      "followersCount": 321514,
      "friendsCount": 594,
      "location": "Austin, TX"
    },
    "images": [
      "https://pbs.twimg.com/media/GipOoI1XUAAFwTS.jpg"
    ],
    "videos": [],
    "tweetUrl": "https://x.com/GamerSupps/status/1885417772915761399",
    "fullText": "collect your fav vtubers' vcards 👀\nintroducing @VCardTCG's 1st edition:\nvcard: rising stars 🌟\n\nhttps://t.co/ziSDrpThNd https://t.co/kty74ECDEu"
  },
  {
    "user": {
      "screenName": "OpenAI",
      "name": "OpenAI",
      "profileImageUrl": "https://pbs.twimg.com/profile_images/1885410181409820672/ztsaR0JW_normal.jpg",
      "description": "OpenAI’s mission is to ensure that artificial general intelligence benefits all of humanity. We’re hiring: https://t.co/dJGr6Lg202",
      "followersCount": 3927784,
      "friendsCount": 3,
      "location": ""
    },
    "images": [],
    "videos": [],
    "tweetUrl": "https://x.com/OpenAI/status/1885406586136383634",
    "fullText": "OpenAI o3-mini is now available in ChatGPT and the API.\n\nPro users will have unlimited access to o3-mini and Plus &amp; Team users will have triple the rate limits (vs o1-mini).\n\nFree users can try o3-mini in ChatGPT by selecting the Reason button under the message composer."
  },
  {
    "user": {
      "screenName": "BeamGamers",
      "name": "Beam Gamers",
      "profileImageUrl": "https://pbs.twimg.com/profile_images/1861835319051476992/93if4AZP_normal.jpg",
      "description": "Gaming @BeamFDN @BuildOnBeam\n\nDiscover games and earn rewards 🕹️\n\nDiscord: https://t.co/aR4alRZ3je\n\nGaming Guides: https://t.co/PbIUZV7REE",
      "followersCount": 49367,
      "friendsCount": 284,
      "location": ""
    },
    "images": [],
    "videos": [],
    "tweetUrl": "https://x.com/BeamGamers/status/1885395730132537724",
    "fullText": "https://t.co/75sBxEJjrO"
  },
  {
    "user": {
      "screenName": "dotey",
      "name": "宝玉",
      "profileImageUrl": "https://pbs.twimg.com/profile_images/561086911561736192/6_g58vEs_normal.jpeg",
      "description": "Prompt Engineer, dedicated to learning and disseminating knowledge about AI, software engineering, and engineering management.",
      "followersCount": 103689,
      "friendsCount": 1270,
      "location": "Chicago, IL"
    },
    "images": [
      "https://pbs.twimg.com/media/GipDvIJXYAAYIGd.jpg"
    ],
    "videos": [],
    "tweetUrl": "https://x.com/dotey/status/1885393928255660062",
    "fullText": "OpenAI o3-mini System Card\n\nhttps://t.co/j8OXiUGlAi https://t.co/OzjkUOtRaP"
  },
  {
    "user": {
      "screenName": "DBOS_Inc",
      "name": "DBOS | Serverless Platform",
      "profileImageUrl": "https://pbs.twimg.com/profile_images/1826792184802168832/mwouOBe9_normal.jpg",
      "description": "From the creators of Postgres & Apache Spark - DBOS is a new kind of serverless platform that radically simplifies backend development.",
      "followersCount": 1001,
      "friendsCount": 57,
      "location": "Cambridge, MA"
    },
    "images": [],
    "videos": [],
    "tweetUrl": "https://x.com/DBOS_Inc/status/1885390399835169272",
    "fullText": "Join DBOS for a free live webinar! Get a hands-on walkthrough of DBOS Transact 2.0, the open-source library that makes durable execution seamless for Next.js, Express, and more.\n\n🗓️ Thurs, February 6, 2025 | 11AM PT"
  },
  {
    "user": {
      "screenName": "dotey",
      "name": "宝玉",
      "profileImageUrl": "https://pbs.twimg.com/profile_images/561086911561736192/6_g58vEs_normal.jpeg",
      "description": "Prompt Engineer, dedicated to learning and disseminating knowledge about AI, software engineering, and engineering management.",
      "followersCount": 103601,
      "friendsCount": 1270,
      "location": "Chicago, IL"
    },
    "images": [
      "https://pbs.twimg.com/media/GiosdMaXgAAI2Vz.png"
    ],
    "videos": [],
    "tweetUrl": "https://x.com/dotey/status/1885368473364103402",
    "fullText": "以下内容来自 Gilles Backhus\n\n---\n\n我想从 AI 基础设施的角度，简要分享一些关于 DeepSeek 的看法，以及为什么它并不是世界原先想象的那样。以下很多内容都基于 SemiAnalysis 对它所做的出色研究，以及部分来自 artificialanalysis 的数据。非常感谢他们的贡献 🙏\n\n1. 💰 成本\n- https://t.co/gQvZYnYb5v"
  },
  {
    "user": {
      "screenName": "LeoPresents",
      "name": "Leo Presents",
      "profileImageUrl": "https://pbs.twimg.com/profile_images/1688559175092051968/lpDC4mI1_normal.jpg",
      "description": "@Rolling_Quartz TOUR ON SALE NOW! @RBW_PURPLEKISS TOUR ON SALE NOW! @_AMPERSANDONE_ TOUR ON SALE NOW!",
      "followersCount": 11429,
      "friendsCount": 32,
      "location": "United States"
    },
    "images": [],
    "videos": [],
    "tweetUrl": "https://x.com/LeoPresents/status/1885367755790328035",
    "fullText": "𝐎𝐍 𝐒𝐀𝐋𝐄 𝐍𝐎𝐖! K-pop group 𝐀𝐌𝐏𝐄𝐑𝐒&amp;𝐎𝐍𝐄 debut tour. Get your tickets via TicketWeb!"
  },
  {
    "user": {
      "screenName": "Bengals",
      "name": "Cincinnati Bengals",
      "profileImageUrl": "https://pbs.twimg.com/profile_images/1850636736642068480/JoODKvH0_normal.jpg",
      "description": "#RuleTheJungle",
      "followersCount": 1709089,
      "friendsCount": 300,
      "location": "Cincinnati, OH"
    },
    "images": [],
    "videos": [
      "https://video.twimg.com/amplify_video/1885360064753451008/vid/avc1/720x900/O31G3bX6DmhP-CTc.mp4?tag=16"
    ],
    "tweetUrl": "https://x.com/Bengals/status/1885360311403692191",
    "fullText": "This 🥹\n\n@JoeyB | #ProBowlGames https://t.co/wCdtbbwRGQ"
  },
  {
    "user": {
      "screenName": "NordaceOfficial",
      "name": "Nordace",
      "profileImageUrl": "https://pbs.twimg.com/profile_images/1103775502391697408/pwfE7uK7_normal.png",
      "description": "Whether you're hiking the Andes or exploring the streets of Rome, we have the best travel bags and accessories for any adventure. Always searching for adventure",
      "followersCount": 43611,
      "friendsCount": 0,
      "location": ""
    },
    "images": [],
    "videos": [],
    "tweetUrl": "https://x.com/NordaceOfficial/status/1885357383553298679",
    "fullText": "🎒 Organize, Pack, and Travel Better with This Bag!\nhttps://t.co/JLnEOUPAg4"
  },
  {
    "user": {
      "screenName": "NordaceOfficial",
      "name": "Nordace",
      "profileImageUrl": "https://pbs.twimg.com/profile_images/1103775502391697408/pwfE7uK7_normal.png",
      "description": "Whether you're hiking the Andes or exploring the streets of Rome, we have the best travel bags and accessories for any adventure. Always searching for adventure",
      "followersCount": 43617,
      "friendsCount": 0,
      "location": ""
    },
    "images": [],
    "videos": [],
    "tweetUrl": "https://x.com/NordaceOfficial/status/1885357381565243675",
    "fullText": "🎒🌟 Travel Is Easy Now!\nhttps://t.co/JLnEOUPAg4"
  },
  {
    "user": {
      "screenName": "NordaceOfficial",
      "name": "Nordace",
      "profileImageUrl": "https://pbs.twimg.com/profile_images/1103775502391697408/pwfE7uK7_normal.png",
      "description": "Whether you're hiking the Andes or exploring the streets of Rome, we have the best travel bags and accessories for any adventure. Always searching for adventure",
      "followersCount": 43629,
      "friendsCount": 0,
      "location": ""
    },
    "images": [],
    "videos": [],
    "tweetUrl": "https://x.com/NordaceOfficial/status/1885357379103203429",
    "fullText": "🎒 Organize, Pack, and Travel Better with This Bag!\nhttps://t.co/JLnEOUPAg4"
  },
  {
    "user": {
      "screenName": "DisciplePress",
      "name": "DisciplePress",
      "profileImageUrl": "https://pbs.twimg.com/profile_images/1073801757690490891/l3uZvRmN_normal.jpg",
      "description": "Offering printing and design services to churches and ministries. We also offer funeral and memorial program printing.",
      "followersCount": 8,
      "friendsCount": 7,
      "location": "Alexander City, AL"
    },
    "images": [],
    "videos": [],
    "tweetUrl": "https://x.com/DisciplePress/status/1885354172868157557",
    "fullText": "Join our Funeral Professionals program. We'll take the workload off of your people, let us handle all your printing services. Orders placed by 12pm CST M-F print &amp; ship same day! Have your prints tomorrow! Fully customizable, highest quality prints."
  },
  {
    "user": {
      "screenName": "cellinlab",
      "name": "Cellinlab",
      "profileImageUrl": "https://pbs.twimg.com/profile_images/1634900405724545031/gQgQEpaj_normal.jpg",
      "description": "🎯 Crypto & AI ｜💻 独立开发者 ｜🎙️《午睡到天亮》播客 ｜ 🤖 AGI 降临派 ｜🤝 巢级个体社区发起人 ｜在做 https://t.co/tw90Mxo10t｜💪 通过海量自由职业者案例、方法，让更多人看见、相信、成为独立工作者，做超级个体🦸‍♂️",
      "followersCount": 7517,
      "friendsCount": 3315,
      "location": ""
    },
    "images": [],
    "videos": [],
    "tweetUrl": "https://x.com/cellinlab/status/1885353998787764609",
    "fullText": "2025 三个主要任务：\n1️⃣ 学英语\n2️⃣ 学脱口秀和演讲\n3️⃣ 小火炉播客用户 10w+"
  },
  {
    "user": {
      "screenName": "goocarlos",
      "name": "Luyu Zhang",
      "profileImageUrl": "https://pbs.twimg.com/profile_images/1770805803932364800/yJnlxO2f_normal.jpg",
      "description": "CEO&Founder of @dify_ai",
      "followersCount": 16897,
      "friendsCount": 776,
      "location": "Mountain View, CA"
    },
    "images": [
      "https://pbs.twimg.com/media/GiofAc1awAAtDDT.jpg"
    ],
    "videos": [],
    "tweetUrl": "https://x.com/goocarlos/status/1885353493105696897",
    "fullText": "如果存在主义强调自由选择，为什么萨特又说‘他人即地狱’？ https://t.co/89xbSyfTTf"
  },
  {
    "user": {
      "screenName": "xiongchun007",
      "name": "Spring Xiong 熊春",
      "profileImageUrl": "https://pbs.twimg.com/profile_images/1850515744104263680/QdGAs4y6_normal.jpg",
      "description": "Programmer, Creator of @Datacollie (Database Management & Data Analysis)  #Java #Web #App #Python #DataScience #OpenSource",
      "followersCount": 4417,
      "friendsCount": 1111,
      "location": ""
    },
    "images": [
      "https://pbs.twimg.com/media/GioYE8mbYAAL3zu.jpg"
    ],
    "videos": [],
    "tweetUrl": "https://x.com/xiongchun007/status/1885345873749827756",
    "fullText": "快12点了，依然可见人间烟火气，广西钦州夜市！ https://t.co/66SS9BxokH"
  },
  {
    "user": {
      "screenName": "YouDecideHealth",
      "name": "Health Market and Policy Network",
      "profileImageUrl": "https://pbs.twimg.com/profile_images/1656000220864315394/9goidjL1_normal.jpg",
      "description": "This network is dedicated to improving personal and public health through open health markets and promoting new ideas. \n\nRetweets are not endorsements.",
      "followersCount": 403,
      "friendsCount": 118,
      "location": ""
    },
    "images": [
      "https://pbs.twimg.com/media/GioWnqOXUAAfuFC.jpg"
    ],
    "videos": [],
    "tweetUrl": "https://x.com/YouDecideHealth/status/1885345234353086678",
    "fullText": "MUST READ: Joe Biden Broke Medicare with Price Controls, President Trump Can Fix It\n\n“Trump must stop Biden’s midnight Medicare rule before it triggers mandates that could destroy Medicare’s popular Part D program.” \n\nhttps://t.co/xYP1X7J3rk https://t.co/UtRJgO1C78"
  },
  {
    "user": {
      "screenName": "Turki_alalshikh",
      "name": "TURKI ALALSHIKH",
      "profileImageUrl": "https://pbs.twimg.com/profile_images/1790242292785168384/SQe5GkN1_normal.jpg",
      "description": "A personal account that reflects a personal opinion … could be right could be wrong.",
      "followersCount": 7216033,
      "friendsCount": 5,
      "location": "Planet Earth"
    },
    "images": [],
    "videos": [
      "https://video.twimg.com/amplify_video/1885341296350339073/vid/avc1/1920x1080/A366MG9uozN0HJJx.mp4?tag=16"
    ],
    "tweetUrl": "https://x.com/Turki_alalshikh/status/1885341715625918941",
    "fullText": "The rhythm of battle, the symphony of fate 🎼🥊\nThe final act is set, where the curtain falls and the true champion emerges at The Last Crescendo – Artur Beterbiev vs Dmitry Bivol 🔥\nLet the spectacle begin🎙️\n\n🗓️ 22 Feb 2025\n📍Kingdom Arena - Riyadh \n\nBuy on👇 https://t.co/dCsNZmmdoI"
  },
  {
    "user": {
      "screenName": "GreyRabbitFin",
      "name": "Grey Rabbit Finance 🥕",
      "profileImageUrl": "https://pbs.twimg.com/profile_images/1874637935389069312/Tx5aQZDO_normal.jpg",
      "description": "Trader | Author | Mentor | Ichimoku Kinko-Hyo Technical Analysis. Podcasts & Market Insights on YouTube/Substack/Discord. Honma, Gann, Hosoda. Deo Juvante.",
      "followersCount": 3202,
      "friendsCount": 795,
      "location": ""
    },
    "images": [
      "https://pbs.twimg.com/media/GioRaqAXIAAEcX-.jpg"
    ],
    "videos": [],
    "tweetUrl": "https://x.com/GreyRabbitFin/status/1885338892309590475",
    "fullText": "Check out my latest article!\n\nHow US Tariffs Could Spark a Silver Short Squeeze\nhttps://t.co/aUTodU7aoH https://t.co/i0d8QaNfew"
  },
  {
    "user": {
      "screenName": "FCBarcelona",
      "name": "FC Barcelona",
      "profileImageUrl": "https://pbs.twimg.com/profile_images/1834115251274452992/7m_GC0Wu_normal.jpg",
      "description": "💙 1899–2024: 125TH ANNIVERSARY ❤️ FC Barcelona official account",
      "followersCount": 49602398,
      "friendsCount": 119,
      "location": "POLSERES BLAUGRANES 💙❤"
    },
    "images": [],
    "videos": [
      "https://video.twimg.com/amplify_video/1885325792298631168/vid/avc1/1080x1920/wyZhx4fOFIW82rLN.mp4?tag=16"
    ],
    "tweetUrl": "https://x.com/FCBarcelona/status/1885325820853452995",
    "fullText": "A message from Gavi to you 🫶 https://t.co/cgPCjxSNax"
  },
  {
    "user": {
      "screenName": "MaimaiLee123",
      "name": "李麦麦",
      "profileImageUrl": "https://pbs.twimg.com/profile_images/1863951770080428032/5qM3fGRx_normal.jpg",
      "description": "用X写日常｜ Python造垃圾｜INTJ ｜感谢follow ｜ 电报 https://t.co/qYINMLQgVt 自留地 https://t.co/WQYgnkH9Ew",
      "followersCount": 14782,
      "friendsCount": 2378,
      "location": "IP属地:由于相关法律法规及政策,该地址不予显示"
    },
    "images": [],
    "videos": [],
    "tweetUrl": "https://x.com/MaimaiLee123/status/1885308643559825828",
    "fullText": "#练腹肌吧\n婶婶刚刚和我说，我妹喜欢班上一个体育生，长得不帅但是肌肉很大有六块腹肌"
  },
  {
    "user": {
      "screenName": "cellinlab",
      "name": "Cellinlab",
      "profileImageUrl": "https://pbs.twimg.com/profile_images/1634900405724545031/gQgQEpaj_normal.jpg",
      "description": "🎯 Crypto & AI ｜💻 独立开发者 ｜🎙️《午睡到天亮》播客 ｜ 🤖 AGI 降临派 ｜🤝 巢级个体社区发起人 ｜在做 https://t.co/tw90Mxo10t｜💪 通过海量自由职业者案例、方法，让更多人看见、相信、成为独立工作者，做超级个体🦸‍♂️",
      "followersCount": 7518,
      "friendsCount": 3315,
      "location": ""
    },
    "images": [],
    "videos": [
      "https://video.twimg.com/amplify_video/1885293292897918980/vid/avc1/720x1280/Bn0RqbNpn41ZyoAB.mp4?tag=16"
    ],
    "tweetUrl": "https://x.com/cellinlab/status/1885293359541215509",
    "fullText": "感觉回家这趟泄露了不少国家机密🤣 https://t.co/iKsO5gMrGv"
  },
  {
    "user": {
      "screenName": "MaimaiLee123",
      "name": "李麦麦",
      "profileImageUrl": "https://pbs.twimg.com/profile_images/1863951770080428032/5qM3fGRx_normal.jpg",
      "description": "用X写日常｜ Python造垃圾｜INTJ ｜感谢follow ｜ 电报 https://t.co/qYINMLQgVt 自留地 https://t.co/WQYgnkH9Ew",
      "followersCount": 14747,
      "friendsCount": 2377,
      "location": "IP属地:由于相关法律法规及政策,该地址不予显示"
    },
    "images": [],
    "videos": [],
    "tweetUrl": "https://x.com/MaimaiLee123/status/1885278886281568381",
    "fullText": "家里的聚会，坐位置的时候仍然会手足无措。\n每次都是空空荡荡的让我先坐，坐靠边的就让我坐上菜位置，坐上菜位置就说坐老人旁边。\n永远都是这么八个人，怎么坐永远会有人说我坐的不行，另一个人就说没事都是自家人随便坐，像是触发了NPC的对话一样。"
  },
  {
    "user": {
      "screenName": "goocarlos",
      "name": "Luyu Zhang",
      "profileImageUrl": "https://pbs.twimg.com/profile_images/1770805803932364800/yJnlxO2f_normal.jpg",
      "description": "CEO&Founder of @dify_ai",
      "followersCount": 16894,
      "friendsCount": 776,
      "location": "Mountain View, CA"
    },
    "images": [],
    "videos": [],
    "tweetUrl": "https://x.com/goocarlos/status/1885273004864922050",
    "fullText": "人性是本善还是本恶？我认为，人性并非“本善”或“本恶”的简单二元，而是多元且情境化：人的善与恶都可能在不同环境下被激发。"
  },
  {
    "user": {
      "screenName": "manateelazycat",
      "name": "Andy Stewart",
      "profileImageUrl": "https://pbs.twimg.com/profile_images/768239262/HaskellIcon_normal.jpg",
      "description": "Linux, Emacs开源社区从业二十余载\n懒猫微服CEO， 不端不装， 仗剑走天涯\n客官喜欢， 欢迎买我家的懒猫微服 https://t.co/KVqgWHE3yR\n京东旗舰店： https://t.co/6l2E0fkB8H",
      "followersCount": 17944,
      "friendsCount": 98,
      "location": "China"
    },
    "images": [
      "https://pbs.twimg.com/media/GinDWc2bMAAY5CX.jpg",
      "https://pbs.twimg.com/media/GinDWc1bUAEIND0.jpg",
      "https://pbs.twimg.com/media/GinDWczbYAEQbBG.jpg"
    ],
    "videos": [],
    "tweetUrl": "https://x.com/manateelazycat/status/1885252734041137314",
    "fullText": "https://t.co/AsgtUYNx7i"
  },
  {
    "user": {
      "screenName": "vikingmute",
      "name": "Viking",
      "profileImageUrl": "https://pbs.twimg.com/profile_images/725179208528322560/TPjU7qop_normal.jpg",
      "description": "独立开发者 自由职业\n作品 - 简单简历 https://t.co/xMu5JFIGnr 五分钟打造程序员的金牌简历\n\n课程 - 慕课网精英讲师 https://t.co/NTyFFrvHwL\n\n经历 - 不上班的1000天 https://t.co/bonuLQCCsY\n\n视频 - https://t.co/aQYLgujIyC",
      "followersCount": 51696,
      "friendsCount": 281,
      "location": "Shanghai"
    },
    "images": [
      "https://pbs.twimg.com/media/Gim3LGdbYAMghjg.jpg"
    ],
    "videos": [],
    "tweetUrl": "https://x.com/vikingmute/status/1885239493877522912",
    "fullText": "又发现了这么一个 DOM 转换图片的库：modern-screenshot\nhttps://t.co/Kp1x6pmAvM\n\nAPI 看起来挺舒服的，之前一直在用 html2canvas，可以试试这个，貌似原理是一样的，也是用 canvas/svg，那就肯定会出现渲染一致性问题，所以简单不太复杂的截图应该是可以的。 https://t.co/W2SvI8bgk2"
  },
  {
    "user": {
      "screenName": "kumoko_laby_en",
      "name": "So I'm a Spider, So What? Ruler of the Labyrinth",
      "profileImageUrl": "https://pbs.twimg.com/profile_images/1805421500641820672/ZUBAgnhP_normal.jpg",
      "description": "Kumoko's coming back. 🕷🕸️\nA dungeon RPG based on the anime \"So I'm a Spider, So What?\"!\nDiscord：https://t.co/xjaSarTarG\n#SpiderRotL #SoImASpider",
      "followersCount": 5767,
      "friendsCount": 5,
      "location": ""
    },
    "images": [],
    "videos": [],
    "tweetUrl": "https://x.com/kumoko_laby_en/status/1885236140514632087",
    "fullText": "培育蜘蛛子來殺時間吧\n\n等級提升太神啦"
  },
  {
    "user": {
      "screenName": "kumoko_laby_en",
      "name": "So I'm a Spider, So What? Ruler of the Labyrinth",
      "profileImageUrl": "https://pbs.twimg.com/profile_images/1805421500641820672/ZUBAgnhP_normal.jpg",
      "description": "Kumoko's coming back. 🕷🕸️\nA dungeon RPG based on the anime \"So I'm a Spider, So What?\"!\nDiscord：https://t.co/xjaSarTarG\n#SpiderRotL #SoImASpider",
      "followersCount": 5764,
      "friendsCount": 5,
      "location": ""
    },
    "images": [],
    "videos": [],
    "tweetUrl": "https://x.com/kumoko_laby_en/status/1885236109527179689",
    "fullText": "培育蜘蛛子來殺時間吧\n\n等級提升太神啦"
  },
  {
    "user": {
      "screenName": "kumoko_laby_en",
      "name": "So I'm a Spider, So What? Ruler of the Labyrinth",
      "profileImageUrl": "https://pbs.twimg.com/profile_images/1805421500641820672/ZUBAgnhP_normal.jpg",
      "description": "Kumoko's coming back. 🕷🕸️\nA dungeon RPG based on the anime \"So I'm a Spider, So What?\"!\nDiscord：https://t.co/xjaSarTarG\n#SpiderRotL #SoImASpider",
      "followersCount": 5777,
      "friendsCount": 5,
      "location": ""
    },
    "images": [],
    "videos": [],
    "tweetUrl": "https://x.com/kumoko_laby_en/status/1885236100207435835",
    "fullText": "培育蜘蛛子來殺時間吧\n\n等級提升太神啦"
  },
  {
    "user": {
      "screenName": "kumoko_laby_en",
      "name": "So I'm a Spider, So What? Ruler of the Labyrinth",
      "profileImageUrl": "https://pbs.twimg.com/profile_images/1805421500641820672/ZUBAgnhP_normal.jpg",
      "description": "Kumoko's coming back. 🕷🕸️\nA dungeon RPG based on the anime \"So I'm a Spider, So What?\"!\nDiscord：https://t.co/xjaSarTarG\n#SpiderRotL #SoImASpider",
      "followersCount": 5811,
      "friendsCount": 5,
      "location": ""
    },
    "images": [],
    "videos": [],
    "tweetUrl": "https://x.com/kumoko_laby_en/status/1885236095505621411",
    "fullText": "培育蜘蛛子來殺時間吧\n\n等級提升太神啦"
  },
  {
    "user": {
      "screenName": "kumoko_laby_en",
      "name": "So I'm a Spider, So What? Ruler of the Labyrinth",
      "profileImageUrl": "https://pbs.twimg.com/profile_images/1805421500641820672/ZUBAgnhP_normal.jpg",
      "description": "Kumoko's coming back. 🕷🕸️\nA dungeon RPG based on the anime \"So I'm a Spider, So What?\"!\nDiscord：https://t.co/xjaSarTarG\n#SpiderRotL #SoImASpider",
      "followersCount": 5771,
      "friendsCount": 5,
      "location": ""
    },
    "images": [],
    "videos": [],
    "tweetUrl": "https://x.com/kumoko_laby_en/status/1885236081051971778",
    "fullText": "培育蜘蛛子來殺時間吧\n\n等級提升太神啦"
  },
  {
    "user": {
      "screenName": "kumoko_laby_en",
      "name": "So I'm a Spider, So What? Ruler of the Labyrinth",
      "profileImageUrl": "https://pbs.twimg.com/profile_images/1805421500641820672/ZUBAgnhP_normal.jpg",
      "description": "Kumoko's coming back. 🕷🕸️\nA dungeon RPG based on the anime \"So I'm a Spider, So What?\"!\nDiscord：https://t.co/xjaSarTarG\n#SpiderRotL #SoImASpider",
      "followersCount": 5801,
      "friendsCount": 5,
      "location": ""
    },
    "images": [],
    "videos": [],
    "tweetUrl": "https://x.com/kumoko_laby_en/status/1885236076689973468",
    "fullText": "培育蜘蛛子來殺時間吧\n\n等級提升太神啦"
  },
  {
    "user": {
      "screenName": "kumoko_laby_en",
      "name": "So I'm a Spider, So What? Ruler of the Labyrinth",
      "profileImageUrl": "https://pbs.twimg.com/profile_images/1805421500641820672/ZUBAgnhP_normal.jpg",
      "description": "Kumoko's coming back. 🕷🕸️\nA dungeon RPG based on the anime \"So I'm a Spider, So What?\"!\nDiscord：https://t.co/xjaSarTarG\n#SpiderRotL #SoImASpider",
      "followersCount": 5775,
      "friendsCount": 5,
      "location": ""
    },
    "images": [],
    "videos": [],
    "tweetUrl": "https://x.com/kumoko_laby_en/status/1885236058503430188",
    "fullText": "培育蜘蛛子來殺時間吧\n\n等級提升太神啦"
  },
  {
    "user": {
      "screenName": "kumoko_laby_en",
      "name": "So I'm a Spider, So What? Ruler of the Labyrinth",
      "profileImageUrl": "https://pbs.twimg.com/profile_images/1805421500641820672/ZUBAgnhP_normal.jpg",
      "description": "Kumoko's coming back. 🕷🕸️\nA dungeon RPG based on the anime \"So I'm a Spider, So What?\"!\nDiscord：https://t.co/xjaSarTarG\n#SpiderRotL #SoImASpider",
      "followersCount": 5779,
      "friendsCount": 5,
      "location": ""
    },
    "images": [],
    "videos": [],
    "tweetUrl": "https://x.com/kumoko_laby_en/status/1885235586468110759",
    "fullText": "培育蜘蛛子來殺時間吧\n\n等級提升太神啦"
  },
  {
    "user": {
      "screenName": "nishuang",
      "name": "倪爽",
      "profileImageUrl": "https://pbs.twimg.com/profile_images/1615204555/bg_green_300x300_normal.jpg",
      "description": "倪爽，设计顾问。 超过 20 年经验资深设计师，在美国运营 Honest Dot Design / 倪爽设计工作室，为中国及北美企业提供品牌设计、UX 设计两类设计咨询服务",
      "followersCount": 100320,
      "friendsCount": 799,
      "location": "United States"
    },
    "images": [
      "https://pbs.twimg.com/media/GimjilKXIAAuXyZ.jpg"
    ],
    "videos": [],
    "tweetUrl": "https://x.com/nishuang/status/1885218564329664539",
    "fullText": "Mazda 马自达成立 105 年之际，启动了新 logo\n\n通俗地说，他们也扁平化了\n\n新 logo 还是海鸥翅膀形状的字母“M”，马自达官方说，新 logo 在手机和显示器上看起来效果更好（没说新 logo 放在车头上看起来怎么样） https://t.co/S85XHAFGc6"
  },
  {
    "user": {
      "screenName": "nishuang",
      "name": "倪爽",
      "profileImageUrl": "https://pbs.twimg.com/profile_images/1615204555/bg_green_300x300_normal.jpg",
      "description": "倪爽，设计顾问。 超过 20 年经验资深设计师，在美国运营 Honest Dot Design / 倪爽设计工作室，为中国及北美企业提供品牌设计、UX 设计两类设计咨询服务",
      "followersCount": 100301,
      "friendsCount": 799,
      "location": "United States"
    },
    "images": [
      "https://pbs.twimg.com/media/Gimg8ivW0AArDdQ.jpg"
    ],
    "videos": [],
    "tweetUrl": "https://x.com/nishuang/status/1885215010554593440",
    "fullText": "美国版权局表示，AI 生成的内容可以受版权保护，如果人类参与或编辑了它\n\n这对 AI 创作者和 AI 公司都是重大利好\n\n版权局说以下 3 种情况可以申请版权\n\n- 人工创作的内容被合并到 AI 输出\n- 人类对 AI 生成的材料进行重大修改\n- 人类的贡献具有足够的表现力和创造性\n\n而且创作过程中使用 https://t.co/FFMFWvOXZu"
  },
  {
    "user": {
      "screenName": "cellinlab",
      "name": "Cellinlab",
      "profileImageUrl": "https://pbs.twimg.com/profile_images/1634900405724545031/gQgQEpaj_normal.jpg",
      "description": "🎯 Crypto & AI ｜💻 独立开发者 ｜🎙️《午睡到天亮》播客 ｜ 🤖 AGI 降临派 ｜🤝 巢级个体社区发起人 ｜在做 https://t.co/tw90Mxo10t｜💪 通过海量自由职业者案例、方法，让更多人看见、相信、成为独立工作者，做超级个体🦸‍♂️",
      "followersCount": 7516,
      "friendsCount": 3315,
      "location": ""
    },
    "images": [],
    "videos": [],
    "tweetUrl": "https://x.com/cellinlab/status/1885208743694270499",
    "fullText": "老妈问我和老弟，说咋和别人描述你俩是干啥的呢，亲戚问了好几次没说上来。\n老弟说就说嵌入式工程师吧，我哥是软件工程师。我说人家能知道啥事嵌入式吗，还是都统一说工程师吧。\n后来想了想还是算了吧，别说工程师了，没准传着传着就变成搞工程的了，还是说就是外面打工的吧。"
  },
  {
    "user": {
      "screenName": "nishuang",
      "name": "倪爽",
      "profileImageUrl": "https://pbs.twimg.com/profile_images/1615204555/bg_green_300x300_normal.jpg",
      "description": "倪爽，设计顾问。 超过 20 年经验资深设计师，在美国运营 Honest Dot Design / 倪爽设计工作室，为中国及北美企业提供品牌设计、UX 设计两类设计咨询服务",
      "followersCount": 100315,
      "friendsCount": 799,
      "location": "United States"
    },
    "images": [
      "https://pbs.twimg.com/media/GimZOR5WEAAVQYd.jpg",
      "https://pbs.twimg.com/media/GimZO_PXwAEspLz.jpg"
    ],
    "videos": [],
    "tweetUrl": "https://x.com/nishuang/status/1885206684034867327",
    "fullText": "用小球报时的复古手表，表面的沟槽灵感来自于日本的 Zen Garden\n\n概念设计\n\n#设计参考 https://t.co/kMXgqbxJKc"
  },
  {
    "user": {
      "screenName": "yuyy614893671",
      "name": "金融汪",
      "profileImageUrl": "https://pbs.twimg.com/profile_images/1832901799470411776/mpHf_iT0_normal.jpg",
      "description": "油管频道：金融汪 ，网址：https://t.co/mE0zmyZHPv\n\n金融市场老兵. Former Investment manager. 观察和理解这个世界每天在发生着什么，是我的兴趣也是工作。X上的内容只是分享，不是投资建议。",
      "followersCount": 51055,
      "friendsCount": 323,
      "location": ""
    },
    "images": [],
    "videos": [],
    "tweetUrl": "https://x.com/yuyy614893671/status/1885203445369721199",
    "fullText": "喜欢柴静，她挺倔强的，内核也稳，在自己的领域很专业"
  },
  {
    "user": {
      "screenName": "yuyy614893671",
      "name": "金融汪",
      "profileImageUrl": "https://pbs.twimg.com/profile_images/1832901799470411776/mpHf_iT0_normal.jpg",
      "description": "油管频道：金融汪 ，网址：https://t.co/mE0zmyZHPv\n\n金融市场老兵. Former Investment manager. 观察和理解这个世界每天在发生着什么，是我的兴趣也是工作。X上的内容只是分享，不是投资建议。",
      "followersCount": 51055,
      "friendsCount": 323,
      "location": ""
    },
    "images": [
      "https://pbs.twimg.com/media/GimH-8fbYAADraP.jpg"
    ],
    "videos": [],
    "tweetUrl": "https://x.com/yuyy614893671/status/1885189271407186171",
    "fullText": "《欧洲竞争力的未来》这份报告从选题到出来，经历了1年的时间；但网上讨论的人不多\n\n在下不才，之前看过，梳理了一个脉络，写了一篇\n\n对于很多人来说，这样的文字过于刻板，能静心看下去的人不多；但，这也是渡有缘人；与我是大有裨益 https://t.co/WPXXdisnDE"
  },
  {
    "user": {
      "screenName": "dotey",
      "name": "宝玉",
      "profileImageUrl": "https://pbs.twimg.com/profile_images/561086911561736192/6_g58vEs_normal.jpeg",
      "description": "Prompt Engineer, dedicated to learning and disseminating knowledge about AI, software engineering, and engineering management.",
      "followersCount": 103465,
      "friendsCount": 1271,
      "location": "Chicago, IL"
    },
    "images": [],
    "videos": [],
    "tweetUrl": "https://x.com/dotey/status/1885186322152755308",
    "fullText": "🔥 深夜重磅！美国网络铁拳砸向中国AI，却撞上三座钢铁长城！\n\n【导火索：一场蓄谋已久的“数字珍珠港”】\n凌晨2点，大洋彼岸的硅谷服务器群骤然亮起血红色警报——美国网络作战司令部发动代号“断脊”行动，以每秒47万次的洪水攻击扑向中国AI新星DeepSeek！他们狞笑着敲下回车键：“让中国人的AI胎死腹中！”"
  },
  {
    "user": {
      "screenName": "MaimaiLee123",
      "name": "李麦麦",
      "profileImageUrl": "https://pbs.twimg.com/profile_images/1863951770080428032/5qM3fGRx_normal.jpg",
      "description": "用X写日常｜ Python造垃圾｜INTJ ｜感谢follow ｜ 电报 https://t.co/qYINMLQgVt 自留地 https://t.co/WQYgnkH9Ew",
      "followersCount": 14737,
      "friendsCount": 2378,
      "location": "IP属地:由于相关法律法规及政策,该地址不予显示"
    },
    "images": [
      "https://pbs.twimg.com/media/Gil9yvFbYAEFtWA.jpg"
    ],
    "videos": [],
    "tweetUrl": "https://x.com/MaimaiLee123/status/1885176241273373109",
    "fullText": "今天吃火锅，怕太没味道了一人分了一个咸蛋配饭 https://t.co/8thEmKBs9M"
  },
  {
    "user": {
      "screenName": "cellinlab",
      "name": "Cellinlab",
      "profileImageUrl": "https://pbs.twimg.com/profile_images/1634900405724545031/gQgQEpaj_normal.jpg",
      "description": "🎯 Crypto & AI ｜💻 独立开发者 ｜🎙️《午睡到天亮》播客 ｜ 🤖 AGI 降临派 ｜🤝 巢级个体社区发起人 ｜在做 https://t.co/tw90Mxo10t｜💪 通过海量自由职业者案例、方法，让更多人看见、相信、成为独立工作者，做超级个体🦸‍♂️",
      "followersCount": 7516,
      "friendsCount": 3315,
      "location": ""
    },
    "images": [],
    "videos": [],
    "tweetUrl": "https://x.com/cellinlab/status/1885174775187988579",
    "fullText": "讨厌抽烟的人，妈的，和几个抽烟的人待了一宿，感觉自己的衣服放炕洞里熏了一晚上🤪"
  },
  {
    "user": {
      "screenName": "MaimaiLee123",
      "name": "李麦麦",
      "profileImageUrl": "https://pbs.twimg.com/profile_images/1863951770080428032/5qM3fGRx_normal.jpg",
      "description": "用X写日常｜ Python造垃圾｜INTJ ｜感谢follow ｜ 电报 https://t.co/qYINMLQgVt 自留地 https://t.co/WQYgnkH9Ew",
      "followersCount": 14726,
      "friendsCount": 2378,
      "location": "IP属地:由于相关法律法规及政策,该地址不予显示"
    },
    "images": [
      "https://pbs.twimg.com/media/Gil8J34bYAE74f1.jpg"
    ],
    "videos": [],
    "tweetUrl": "https://x.com/MaimaiLee123/status/1885174436082704761",
    "fullText": "人际交往的300条规则，听懂 掌声！👏 https://t.co/4o3sNjsGKu"
  },
  {
    "user": {
      "screenName": "CBBonFOX",
      "name": "FOX College Hoops",
      "profileImageUrl": "https://pbs.twimg.com/profile_images/1607868240276951041/nnhhSnVY_normal.jpg",
      "description": "Official home of college basketball on FOX 🏀",
      "followersCount": 660838,
      "friendsCount": 2052,
      "location": ""
    },
    "images": [],
    "videos": [
      "https://video.twimg.com/amplify_video/1885149986440015872/vid/avc1/1280x720/oPndhtUjl9zWohr5.mp4?tag=16"
    ],
    "tweetUrl": "https://x.com/CBBonFOX/status/1885150016236400786",
    "fullText": "QB1 in the house 🔥 @HuskerFootball's @RaiolaDylan throwing t-shirts at @HuskerMBB tonight https://t.co/4qLA5bbyWY"
  },
  {
    "user": {
      "screenName": "ATG_Epower",
      "name": "ATGEpower",
      "profileImageUrl": "https://pbs.twimg.com/profile_images/1849541247808978944/qlc31KLB_normal.png",
      "description": "Our mission is to help individuals and businesses transition to sustainable energy sources.",
      "followersCount": 3,
      "friendsCount": 3,
      "location": "Montclair, CA"
    },
    "images": [],
    "videos": [
      "https://video.twimg.com/ext_tw_video/1885077081660276736/pu/vid/avc1/720x1280/CgRPZDtLOTIF3Utl.mp4?tag=12"
    ],
    "tweetUrl": "https://x.com/ATG_Epower/status/1885077171913310312",
    "fullText": "With extreme weather events on the rise, stay prepared with ATG Epower’s reliable energy storage systems. Don’t wait for disaster to strike! Visit: https://t.co/gyoPpnsZz4 #EnergyIndependence #PowerBackup #RenewableEnergy https://t.co/FtFLd3zsQM"
  },
  {
    "user": {
      "screenName": "Buccaneers",
      "name": "Tampa Bay Buccaneers",
      "profileImageUrl": "https://pbs.twimg.com/profile_images/1874805385304891392/BlZ2iuid_normal.jpg",
      "description": "#WeAreTheKrewe",
      "followersCount": 1345229,
      "friendsCount": 326,
      "location": "Tampa, Fla."
    },
    "images": [],
    "videos": [
      "https://video.twimg.com/amplify_video/1885045759059398657/vid/avc1/720x720/duSb__ELbdcwW9Ur.mp4?tag=14"
    ],
    "tweetUrl": "https://x.com/Buccaneers/status/1885070481239531835",
    "fullText": "Baker’s Pro Bowl MVP performance was one for the books 😂 https://t.co/0skS9H7rbL"
  },
  {
    "user": {
      "screenName": "adamandeve",
      "name": "Adam & Eve",
      "profileImageUrl": "https://pbs.twimg.com/profile_images/1500913373592047616/4Cao2tIJ_normal.jpg",
      "description": "Due to nature of our product line, Adam & Eve will only reply to messages from adults 18 and older.",
      "followersCount": 69592,
      "friendsCount": 1852,
      "location": "Hillsborough, NC 27278"
    },
    "images": [],
    "videos": [],
    "tweetUrl": "https://x.com/adamandeve/status/1885052110154121603",
    "fullText": "Pick any 4 sex toys for $20! New items just added! This is absolutely the best deal we have ever offered!  Visit Adam &amp; Eve today! *while supplies last*"
  },
  {
    "user": {
      "screenName": "immunefi",
      "name": "Immunefi",
      "profileImageUrl": "https://pbs.twimg.com/profile_images/1863600122057105408/Zpmq8l5A_normal.jpg",
      "description": "The leading bug bounty platform for blockchain with the world's largest bug bounties. More than $110m paid out to whitehats and $180m in rewards available.",
      "followersCount": 51246,
      "friendsCount": 691,
      "location": "Launch your bug bounty →"
    },
    "images": [],
    "videos": [],
    "tweetUrl": "https://x.com/immunefi/status/1885006302918627602",
    "fullText": "@USDT0_to There are huge rewards available on this BBP. \n\nHere’s a quick breakdown:\n\n🔥 Critical bugs: Up to $6,000,000\n\n⚡ Medium bugs: $5,000\n🔎 Hunt now: https://t.co/QqUQxREIRW"
  },
  {
    "user": {
      "screenName": "nishuang",
      "name": "倪爽",
      "profileImageUrl": "https://pbs.twimg.com/profile_images/1615204555/bg_green_300x300_normal.jpg",
      "description": "倪爽，设计顾问。 超过 20 年经验资深设计师，在美国运营 Honest Dot Design / 倪爽设计工作室，为中国及北美企业提供品牌设计、UX 设计两类设计咨询服务",
      "followersCount": 100299,
      "friendsCount": 799,
      "location": "United States"
    },
    "images": [],
    "videos": [
      "https://video.twimg.com/ext_tw_video/1884969404292534272/pu/vid/avc1/1280x720/-7PlOYgay0j0ABhy.mp4?tag=12"
    ],
    "tweetUrl": "https://x.com/nishuang/status/1884970835091333605",
    "fullText": "世界上最酷炫的番茄时钟🍅\n\n手机、电脑上的番茄钟软件都太容易被干扰了，实体的番茄钟又往往缺点设计感\n\n这位 Youtuber 自制了一个触摸式番茄钟，超酷的视觉效果和超强仪式感，不好好工作就会有内疚感\n\n#设计参考 https://t.co/fQ53gOgjJ3"
  },
  {
    "user": {
      "screenName": "queensblade04",
      "name": "クイーンズブレイドリミットブレイク",
      "profileImageUrl": "https://pbs.twimg.com/profile_images/1843100771057065984/k7g7VUlR_normal.png",
      "description": "『クイリミ』は「クイーンズブレイド」シリーズに登場する美闘士たちがフルオートで強く、激しく闘う、ターン制RPGです。\n美闘士たちは、放置時間も己を高めるべく冒険に赴き、アイテムや経験値を収集します。",
      "followersCount": 14227,
      "friendsCount": 1,
      "location": "日本"
    },
    "images": [],
    "videos": [],
    "tweetUrl": "https://x.com/queensblade04/status/1884890727014191342",
    "fullText": "遊戲內即可享受極限突破。\n\n来玩玩看"
  }
]