{
  "typename": "User",
  "affiliatesHighlightedLabel": {},
  "businessAccount": {},
  "creatorSubscriptionsCount": 0,
  "hasGraduatedAccess": true,
  "highlightsInfo": {
    "canHighlightTweets": false,
    "highlightedTweets": "0"
  },
  "id": "VXNlcjoxNzkwMjE3MTA3MTMwNjk1Njgw",
  "isBlueVerified": false,
  "isProfileTranslatable": true,
  "legacy": {
    "canDm": true,
    "canMediaTag": true,
    "createdAt": "Tue May 14 03:07:00 +0000 2024",
    "defaultProfile": true,
    "defaultProfileImage": false,
    "description": "20 y.o.｜全干开发者💻 ｜UI/UX 🪄｜Creator of https://t.co/BxjKxV8BAN 思想上的西西弗斯🧠｜究极书虫📚｜ex 硬核游戏玩家👾 英推：https://t.co/wRw05o35m5",
    "entities": {
      "description": {
        "urls": [
          {
            "display_url": "glances.ai",
            "expanded_url": "http://glances.ai",
            "url": "https://t.co/BxjKxV8BAN",
            "indices": [
              35,
              58
            ]
          },
          {
            "display_url": "x.com/_kleinhe",
            "expanded_url": "http://x.com/_kleinhe",
            "url": "https://t.co/wRw05o35m5",
            "indices": [
              89,
              112
            ]
          }
        ]
      },
      "url": {
        "urls": [
          {
            "display_url": "kleinhe.com",
            "expanded_url": "http://kleinhe.com",
            "url": "https://t.co/m2BF9O3l8e",
            "indices": [
              0,
              23
            ]
          }
        ]
      }
    },
    "fastFollowersCount": 0,
    "favouritesCount": 2579,
    "followersCount": 984,
    "following": false,
    "friendsCount": 489,
    "hasCustomTimelines": false,
    "isTranslator": false,
    "listedCount": 11,
    "location": "🟩 🟩 🟩 🟩 🟨   1k followers",
    "mediaCount": 50,
    "name": "KleinHE",
    "normalFollowersCount": 984,
    "pinnedTweetIdsStr": [
      "1830245275283402809"
    ],
    "possiblySensitive": false,
    "profileBannerUrl": "https://pbs.twimg.com/profile_banners/1790217107130695680/1715700768",
    "profileImageUrlHttps": "https://pbs.twimg.com/profile_images/1790402221785649153/YuxI3TL8_normal.jpg",
    "profileInterstitialType": "",
    "screenName": "_KleinHe_",
    "statusesCount": 659,
    "translatorType": "none",
    "url": "https://t.co/m2BF9O3l8e",
    "verified": false,
    "wantRetweets": false,
    "withheldInCountries": []
  },
  "legacyExtendedProfile": {},
  "premiumGiftingEligible": true,
  "profileImageShape": "Circle",
  "restId": "1790217107130695680",
  "tipjarSettings": {},
  "userSeedTweetCount": 0,
  "verificationInfo": {
    "isIdentityVerified": false
  }
}