{
  "typename": "User",
  "affiliatesHighlightedLabel": {},
  "businessAccount": {},
  "creatorSubscriptionsCount": 0,
  "hasGraduatedAccess": true,
  "highlightsInfo": {
    "canHighlightTweets": false,
    "highlightedTweets": "0"
  },
  "id": "VXNlcjoxNjk0NTk4MzYxNDYxMjE1MjMy",
  "isBlueVerified": false,
  "isProfileTranslatable": true,
  "legacy": {
    "canDm": true,
    "canMediaTag": true,
    "createdAt": "Thu Aug 24 06:31:56 +0000 2023",
    "defaultProfile": true,
    "defaultProfileImage": false,
    "description": "产品经理、设计师，\n分享 Axure 无代码建站教程与模版。\nAxure 无代码建站：https://t.co/1z0LqlU6wY\n小报童导航：https://t.co/MOsxH3L1d0\n独立开发者导航：https://t.co/b0jrjyMdZC",
    "entities": {
      "description": {
        "urls": [
          {
            "display_url": "pmdaohang.com",
            "expanded_url": "https://pmdaohang.com",
            "url": "https://t.co/1z0LqlU6wY",
            "indices": [
              43,
              66
            ]
          },
          {
            "display_url": "xiaobot.pmdaohang.com",
            "expanded_url": "https://xiaobot.pmdaohang.com",
            "url": "https://t.co/MOsxH3L1d0",
            "indices": [
              73,
              96
            ]
          },
          {
            "display_url": "devooo.top",
            "expanded_url": "https://devooo.top",
            "url": "https://t.co/b0jrjyMdZC",
            "indices": [
              105,
              128
            ]
          }
        ]
      }
    },
    "fastFollowersCount": 0,
    "favouritesCount": 68,
    "followersCount": 574,
    "following": false,
    "friendsCount": 425,
    "hasCustomTimelines": false,
    "isTranslator": false,
    "listedCount": 6,
    "location": "",
    "mediaCount": 66,
    "name": "世界是棵树",
    "normalFollowersCount": 574,
    "pinnedTweetIdsStr": [
      "1816322426416103551"
    ],
    "possiblySensitive": false,
    "profileBannerUrl": "https://pbs.twimg.com/profile_banners/1694598361461215232/1693131861",
    "profileImageUrlHttps": "https://pbs.twimg.com/profile_images/1694598436153339904/Y8kaqjAG_normal.jpg",
    "profileInterstitialType": "",
    "screenName": "alanblogsooo",
    "statusesCount": 394,
    "translatorType": "none",
    "verified": false,
    "wantRetweets": false,
    "withheldInCountries": []
  },
  "legacyExtendedProfile": {},
  "premiumGiftingEligible": true,
  "profileImageShape": "Circle",
  "restId": "1694598361461215232",
  "tipjarSettings": {},
  "userSeedTweetCount": 0,
  "verificationInfo": {
    "isIdentityVerified": false
  }
}