{
  "typename": "User",
  "affiliatesHighlightedLabel": {},
  "businessAccount": {},
  "creatorSubscriptionsCount": 0,
  "hasGraduatedAccess": true,
  "highlightsInfo": {
    "canHighlightTweets": false,
    "highlightedTweets": "0"
  },
  "id": "VXNlcjoxNjA0NDE0Nw==",
  "isBlueVerified": false,
  "isProfileTranslatable": true,
  "legacy": {
    "canDm": false,
    "canMediaTag": true,
    "createdAt": "Fri Aug 29 16:35:23 +0000 2008",
    "defaultProfile": true,
    "defaultProfileImage": false,
    "description": "小众软件官方账户。自动发布小众软件、电脑玩物的最新文章或常用软件的升级信息。投递途径：https://t.co/lM5tr8tSt9",
    "entities": {
      "description": {
        "urls": [
          {
            "display_url": "faxian.appinn.com",
            "expanded_url": "http://faxian.appinn.com",
            "url": "https://t.co/lM5tr8tSt9",
            "indices": [
              43,
              66
            ]
          }
        ]
      },
      "url": {
        "urls": [
          {
            "display_url": "appinn.com",
            "expanded_url": "http://www.appinn.com",
            "url": "https://t.co/C42F29QPfd",
            "indices": [
              0,
              23
            ]
          }
        ]
      }
    },
    "fastFollowersCount": 0,
    "favouritesCount": 0,
    "followersCount": 134677,
    "following": false,
    "friendsCount": 5781,
    "hasCustomTimelines": false,
    "isTranslator": false,
    "listedCount": 830,
    "location": "",
    "mediaCount": 9785,
    "name": "小众软件",
    "normalFollowersCount": 134677,
    "pinnedTweetIdsStr": [],
    "possiblySensitive": false,
    "profileImageUrlHttps": "https://pbs.twimg.com/profile_images/469565990074712064/ZgVhe4vc_normal.png",
    "profileInterstitialType": "",
    "screenName": "appinn",
    "statusesCount": 16219,
    "translatorType": "none",
    "url": "https://t.co/C42F29QPfd",
    "verified": false,
    "wantRetweets": false,
    "withheldInCountries": []
  },
  "legacyExtendedProfile": {},
  "premiumGiftingEligible": true,
  "profileImageShape": "Circle",
  "restId": "16044147",
  "tipjarSettings": {},
  "userSeedTweetCount": 0,
  "verificationInfo": {
    "isIdentityVerified": false
  }
}