{
  "typename": "User",
  "affiliatesHighlightedLabel": {},
  "businessAccount": {},
  "creatorSubscriptionsCount": 0,
  "hasGraduatedAccess": true,
  "highlightsInfo": {
    "canHighlightTweets": true,
    "highlightedTweets": "2"
  },
  "id": "VXNlcjoxMTMxNDQyMjU3Njc1MDgzNzc3",
  "isBlueVerified": true,
  "isProfileTranslatable": true,
  "legacy": {
    "canDm": true,
    "canMediaTag": true,
    "createdAt": "Thu May 23 06:10:30 +0000 2019",
    "defaultProfile": true,
    "defaultProfileImage": false,
    "description": "🧚‍♂️ INFP to ENFJ ｜ 💻 独立开发者 ｜🎙️《午睡到天亮》播客 ｜ 🤖 AGI 降临派 ｜🤝 巢级个体社群 发起人 ｜💪 通过海量自由职业者案例、方法，让更多人看见、相信、成为独立工作者，做超级个体🦸‍♂️",
    "entities": {
      "description": {
        "urls": []
      },
      "url": {
        "urls": [
          {
            "display_url": "cellinlab.com",
            "expanded_url": "https://www.cellinlab.com",
            "url": "https://t.co/JlXywaIviz",
            "indices": [
              0,
              23
            ]
          }
        ]
      }
    },
    "fastFollowersCount": 0,
    "favouritesCount": 3153,
    "followersCount": 6587,
    "following": false,
    "friendsCount": 3265,
    "hasCustomTimelines": true,
    "isTranslator": false,
    "listedCount": 49,
    "location": "",
    "mediaCount": 458,
    "name": "Cellinlab",
    "normalFollowersCount": 6587,
    "pinnedTweetIdsStr": [
      "1773257450327560229"
    ],
    "possiblySensitive": false,
    "profileBannerUrl": "https://pbs.twimg.com/profile_banners/1131442257675083777/1732942869",
    "profileImageUrlHttps": "https://pbs.twimg.com/profile_images/1634900405724545031/gQgQEpaj_normal.jpg",
    "profileInterstitialType": "",
    "screenName": "cellinlab",
    "statusesCount": 3330,
    "translatorType": "none",
    "url": "https://t.co/JlXywaIviz",
    "verified": false,
    "wantRetweets": false,
    "withheldInCountries": []
  },
  "legacyExtendedProfile": {},
  "premiumGiftingEligible": false,
  "professional": {
    "category": [
      {
        "iconName": "IconBriefcaseStroke",
        "id": 713,
        "name": "Science & Technology"
      }
    ],
    "professionalType": "Creator",
    "restId": "1639998547071488000"
  },
  "profileImageShape": "Circle",
  "restId": "1131442257675083777",
  "tipjarSettings": {},
  "userSeedTweetCount": 0,
  "verificationInfo": {
    "isIdentityVerified": false,
    "reason": {
      "description": {
        "entities": [
          {
            "fromIndex": 26,
            "ref": {
              "url": "https://help.twitter.com/managing-your-account/about-twitter-verified-accounts",
              "urlType": "ExternalUrl"
            },
            "toIndex": 36
          }
        ],
        "text": "This account is verified. Learn more"
      },
      "verifiedSinceMsec": "1705542440505"
    }
  }
}