{
  "typename": "User",
  "affiliatesHighlightedLabel": {},
  "businessAccount": {},
  "creatorSubscriptionsCount": 0,
  "hasGraduatedAccess": true,
  "highlightsInfo": {
    "canHighlightTweets": false,
    "highlightedTweets": "0"
  },
  "id": "VXNlcjoxNjkxMDE1NjU5ODE4NDY3MzI4",
  "isBlueVerified": false,
  "isProfileTranslatable": true,
  "legacy": {
    "canDm": false,
    "canMediaTag": false,
    "createdAt": "Mon Aug 14 09:15:33 +0000 2023",
    "defaultProfile": true,
    "defaultProfileImage": false,
    "description": "💻 AI构建者，前B轮初创CXO\n📸 自启动构建@pixels_ai\n✍️ 写下的才是我能思考的\n🥷 @chuckchen中文分身",
    "entities": {
      "description": {
        "urls": []
      }
    },
    "fastFollowersCount": 0,
    "favouritesCount": 189,
    "followersCount": 55,
    "following": false,
    "friendsCount": 83,
    "hasCustomTimelines": false,
    "isTranslator": false,
    "listedCount": 0,
    "location": "",
    "mediaCount": 23,
    "name": "Chuck Chen",
    "normalFollowersCount": 55,
    "pinnedTweetIdsStr": [],
    "possiblySensitive": false,
    "profileBannerUrl": "https://pbs.twimg.com/profile_banners/1691015659818467328/1715663177",
    "profileImageUrlHttps": "https://pbs.twimg.com/profile_images/1797186447491170304/fLqq1huE_normal.jpg",
    "profileInterstitialType": "",
    "screenName": "chuckchen_zh",
    "statusesCount": 172,
    "translatorType": "none",
    "verified": false,
    "wantRetweets": false,
    "withheldInCountries": []
  },
  "legacyExtendedProfile": {},
  "premiumGiftingEligible": true,
  "professional": {
    "category": [
      {
        "iconName": "IconBriefcaseStroke",
        "id": 713,
        "name": "Science & Technology"
      }
    ],
    "professionalType": "Creator",
    "restId": "1819259118361993627"
  },
  "profileImageShape": "Circle",
  "restId": "1691015659818467328",
  "tipjarSettings": {},
  "userSeedTweetCount": 0,
  "verificationInfo": {
    "isIdentityVerified": false
  }
}