{
  "typename": "User",
  "affiliatesHighlightedLabel": {},
  "businessAccount": {},
  "creatorSubscriptionsCount": 0,
  "hasGraduatedAccess": true,
  "highlightsInfo": {
    "canHighlightTweets": false,
    "highlightedTweets": "0"
  },
  "id": "VXNlcjoxNDAyNDQ5NTMyODEwNTAyMTUw",
  "isBlueVerified": false,
  "isProfileTranslatable": true,
  "legacy": {
    "canDm": false,
    "canMediaTag": true,
    "createdAt": "Wed Jun 09 02:16:48 +0000 2021",
    "defaultProfile": true,
    "defaultProfileImage": false,
    "description": "iOS、macOS 平台 Swift 开发者，极客时间《iOS开发高手课》和纸书《跟戴铭学iOS编程》作者。Github：https://t.co/M3v05bC9Ks",
    "entities": {
      "description": {
        "urls": [
          {
            "display_url": "github.com/ming1016",
            "expanded_url": "https://github.com/ming1016",
            "url": "https://t.co/M3v05bC9Ks",
            "indices": [
              61,
              84
            ]
          }
        ]
      },
      "url": {
        "urls": [
          {
            "display_url": "ming1016.github.io",
            "expanded_url": "https://ming1016.github.io/",
            "url": "https://t.co/SiZsBMrnsR",
            "indices": [
              0,
              23
            ]
          }
        ]
      }
    },
    "fastFollowersCount": 0,
    "favouritesCount": 65,
    "followersCount": 2148,
    "following": false,
    "friendsCount": 79,
    "hasCustomTimelines": false,
    "isTranslator": false,
    "listedCount": 23,
    "location": "",
    "mediaCount": 41,
    "name": "戴铭",
    "normalFollowersCount": 2148,
    "pinnedTweetIdsStr": [],
    "possiblySensitive": false,
    "profileBannerUrl": "https://pbs.twimg.com/profile_banners/1402449532810502150/1642043571",
    "profileImageUrlHttps": "https://pbs.twimg.com/profile_images/1402450024219299842/jPPFsArj_normal.jpg",
    "profileInterstitialType": "",
    "screenName": "daiming_cn",
    "statusesCount": 124,
    "translatorType": "none",
    "url": "https://t.co/SiZsBMrnsR",
    "verified": false,
    "wantRetweets": false,
    "withheldInCountries": []
  },
  "legacyExtendedProfile": {},
  "premiumGiftingEligible": true,
  "profileImageShape": "Circle",
  "restId": "1402449532810502150",
  "tipjarSettings": {},
  "userSeedTweetCount": 0,
  "verificationInfo": {
    "isIdentityVerified": false
  }
}