{
  "typename": "User",
  "affiliatesHighlightedLabel": {},
  "businessAccount": {},
  "creatorSubscriptionsCount": 0,
  "hasGraduatedAccess": true,
  "highlightsInfo": {
    "canHighlightTweets": false,
    "highlightedTweets": "0"
  },
  "id": "VXNlcjoyODA5NjcwMjA5",
  "isBlueVerified": false,
  "isProfileTranslatable": false,
  "legacy": {
    "canDm": false,
    "canMediaTag": true,
    "createdAt": "Sun Sep 14 15:13:28 +0000 2014",
    "defaultProfile": true,
    "defaultProfileImage": false,
    "description": "",
    "entities": {
      "description": {
        "urls": []
      }
    },
    "fastFollowersCount": 0,
    "favouritesCount": 0,
    "followersCount": 2,
    "following": false,
    "friendsCount": 0,
    "hasCustomTimelines": false,
    "isTranslator": false,
    "listedCount": 0,
    "location": "",
    "mediaCount": 0,
    "name": "DENNIS",
    "normalFollowersCount": 2,
    "pinnedTweetIdsStr": [],
    "possiblySensitive": false,
    "profileImageUrlHttps": "https://pbs.twimg.com/profile_images/511171067646201856/HoQp5s49_normal.jpeg",
    "profileInterstitialType": "",
    "screenName": "DennisThink",
    "statusesCount": 0,
    "translatorType": "none",
    "verified": false,
    "wantRetweets": false,
    "withheldInCountries": []
  },
  "legacyExtendedProfile": {},
  "premiumGiftingEligible": true,
  "profileImageShape": "Circle",
  "restId": "2809670209",
  "tipjarSettings": {},
  "userSeedTweetCount": 0,
  "verificationInfo": {
    "isIdentityVerified": false
  }
}