{
  "typename": "User",
  "affiliatesHighlightedLabel": {},
  "businessAccount": {},
  "creatorSubscriptionsCount": 0,
  "hasGraduatedAccess": true,
  "highlightsInfo": {
    "canHighlightTweets": true,
    "highlightedTweets": "52"
  },
  "id": "VXNlcjozMTc4MjMx",
  "isBlueVerified": true,
  "isProfileTranslatable": false,
  "legacy": {
    "canDm": true,
    "canMediaTag": true,
    "createdAt": "Mon Apr 02 03:42:14 +0000 2007",
    "defaultProfile": false,
    "defaultProfileImage": false,
    "description": "Prompt Engineer, dedicated to learning and disseminating knowledge about AI, software engineering, and engineering management.",
    "entities": {
      "description": {
        "urls": []
      },
      "url": {
        "urls": [
          {
            "display_url": "baoyu.io",
            "expanded_url": "https://baoyu.io",
            "url": "https://t.co/icobX4A3Ae",
            "indices": [
              0,
              23
            ]
          }
        ]
      }
    },
    "fastFollowersCount": 0,
    "favouritesCount": 20980,
    "followersCount": 98139,
    "following": false,
    "friendsCount": 1229,
    "hasCustomTimelines": true,
    "isTranslator": false,
    "listedCount": 1678,
    "location": "Chicago, IL",
    "mediaCount": 3107,
    "name": "宝玉",
    "normalFollowersCount": 98139,
    "pinnedTweetIdsStr": [],
    "possiblySensitive": false,
    "profileImageUrlHttps": "https://pbs.twimg.com/profile_images/561086911561736192/6_g58vEs_normal.jpeg",
    "profileInterstitialType": "",
    "screenName": "dotey",
    "statusesCount": 18086,
    "translatorType": "none",
    "url": "https://t.co/icobX4A3Ae",
    "verified": false,
    "wantRetweets": false,
    "withheldInCountries": []
  },
  "legacyExtendedProfile": {},
  "premiumGiftingEligible": false,
  "profileImageShape": "Circle",
  "restId": "3178231",
  "tipjarSettings": {},
  "userSeedTweetCount": 0,
  "verificationInfo": {
    "isIdentityVerified": false,
    "reason": {
      "description": {
        "entities": [
          {
            "fromIndex": 26,
            "ref": {
              "url": "https://help.twitter.com/managing-your-account/about-twitter-verified-accounts",
              "urlType": "ExternalUrl"
            },
            "toIndex": 36
          }
        ],
        "text": "This account is verified. Learn more"
      },
      "verifiedSinceMsec": "1681698739320"
    }
  }
}