{
  "typename": "User",
  "affiliatesHighlightedLabel": {},
  "businessAccount": {},
  "creatorSubscriptionsCount": 0,
  "hasGraduatedAccess": true,
  "highlightsInfo": {
    "canHighlightTweets": true,
    "highlightedTweets": "0"
  },
  "id": "VXNlcjo3NjM5MDEzMDYyNjQzMjIwNDk=",
  "isBlueVerified": true,
  "isProfileTranslatable": false,
  "legacy": {
    "canDm": false,
    "canMediaTag": true,
    "createdAt": "Fri Aug 12 00:53:58 +0000 2016",
    "defaultProfile": true,
    "defaultProfileImage": false,
    "description": "CSEEAI｜探讨免费的STEM高等教育。STEM MOM advocates for free accredited STEM education. 無料のSTEM科学教育を推進する｜探讨学习科学 Learning Science",
    "entities": {
      "description": {
        "urls": []
      }
    },
    "fastFollowersCount": 0,
    "favouritesCount": 19863,
    "followersCount": 25928,
    "following": false,
    "friendsCount": 5215,
    "hasCustomTimelines": false,
    "isTranslator": false,
    "listedCount": 199,
    "location": "Virginia, USA",
    "mediaCount": 742,
    "name": "Susan/STEM MOM",
    "normalFollowersCount": 25928,
    "pinnedTweetIdsStr": [],
    "possiblySensitive": false,
    "profileBannerUrl": "https://pbs.twimg.com/profile_banners/763901306264322049/1511626510",
    "profileImageUrlHttps": "https://pbs.twimg.com/profile_images/1685339465085075456/5-9DSKeU_normal.jpg",
    "profileInterstitialType": "",
    "screenName": "feltanimalworld",
    "statusesCount": 14462,
    "translatorType": "none",
    "verified": false,
    "wantRetweets": false,
    "withheldInCountries": []
  },
  "legacyExtendedProfile": {},
  "premiumGiftingEligible": false,
  "profileImageShape": "Circle",
  "restId": "763901306264322049",
  "tipjarSettings": {},
  "userSeedTweetCount": 0,
  "verificationInfo": {
    "isIdentityVerified": true,
    "reason": {
      "description": {
        "entities": [
          {
            "fromIndex": 26,
            "ref": {
              "url": "https://help.twitter.com/managing-your-account/about-twitter-verified-accounts",
              "urlType": "ExternalUrl"
            },
            "toIndex": 36
          }
        ],
        "text": "This account is verified. Learn more"
      },
      "verifiedSinceMsec": "1716906511799"
    }
  }
}