{
  "typename": "User",
  "affiliatesHighlightedLabel": {},
  "businessAccount": {},
  "creatorSubscriptionsCount": 0,
  "hasGraduatedAccess": true,
  "highlightsInfo": {
    "canHighlightTweets": true,
    "highlightedTweets": "2"
  },
  "id": "VXNlcjozNzEyOTY3MDE=",
  "isBlueVerified": true,
  "isProfileTranslatable": false,
  "legacy": {
    "canDm": true,
    "canMediaTag": true,
    "createdAt": "Sat Sep 10 15:39:19 +0000 2011",
    "defaultProfile": false,
    "defaultProfileImage": false,
    "description": "Vision Pro developer, Just-for-Instagram app. Threads Analytics: https://t.co/t0XT54LQwE. Bytedancer, ex Alibaba",
    "entities": {
      "description": {
        "urls": [
          {
            "display_url": "threadsdashboard.com",
            "expanded_url": "https://threadsdashboard.com",
            "url": "https://t.co/t0XT54LQwE",
            "indices": [
              65,
              88
            ]
          }
        ]
      }
    },
    "fastFollowersCount": 0,
    "favouritesCount": 80,
    "followersCount": 5299,
    "following": false,
    "friendsCount": 300,
    "hasCustomTimelines": true,
    "isTranslator": false,
    "listedCount": 47,
    "location": "杭州",
    "mediaCount": 78,
    "name": "马天翼",
    "normalFollowersCount": 5299,
    "pinnedTweetIdsStr": [
      "1863163225610809515"
    ],
    "possiblySensitive": false,
    "profileBannerUrl": "https://pbs.twimg.com/profile_banners/371296701/1473361875",
    "profileImageUrlHttps": "https://pbs.twimg.com/profile_images/1501005566378135553/YK4O_gYv_normal.jpg",
    "profileInterstitialType": "",
    "screenName": "fkysly",
    "statusesCount": 903,
    "translatorType": "none",
    "verified": false,
    "wantRetweets": false,
    "withheldInCountries": []
  },
  "legacyExtendedProfile": {},
  "premiumGiftingEligible": false,
  "profileImageShape": "Circle",
  "restId": "371296701",
  "tipjarSettings": {
    "isEnabled": true
  },
  "userSeedTweetCount": 0,
  "verificationInfo": {
    "isIdentityVerified": true,
    "reason": {
      "description": {
        "entities": [
          {
            "fromIndex": 26,
            "ref": {
              "url": "https://help.twitter.com/managing-your-account/about-twitter-verified-accounts",
              "urlType": "ExternalUrl"
            },
            "toIndex": 36
          }
        ],
        "text": "This account is verified. Learn more"
      },
      "verifiedSinceMsec": "1708754582402"
    }
  }
}