{
  "typename": "User",
  "affiliatesHighlightedLabel": {},
  "businessAccount": {},
  "creatorSubscriptionsCount": 0,
  "hasGraduatedAccess": true,
  "highlightsInfo": {
    "canHighlightTweets": true,
    "highlightedTweets": "7"
  },
  "id": "VXNlcjoxNDA0NjUwMg==",
  "isBlueVerified": true,
  "isProfileTranslatable": false,
  "legacy": {
    "canDm": true,
    "canMediaTag": false,
    "createdAt": "Wed Feb 27 04:22:21 +0000 2008",
    "defaultProfile": false,
    "defaultProfileImage": false,
    "description": "CEO&Founder of @dify_ai",
    "entities": {
      "description": {
        "urls": []
      }
    },
    "fastFollowersCount": 0,
    "favouritesCount": 1860,
    "followersCount": 16566,
    "following": false,
    "friendsCount": 759,
    "hasCustomTimelines": true,
    "isTranslator": false,
    "listedCount": 166,
    "location": "Mountain View, CA",
    "mediaCount": 400,
    "name": "Luyu Zhang",
    "normalFollowersCount": 16566,
    "pinnedTweetIdsStr": [],
    "possiblySensitive": false,
    "profileBannerUrl": "https://pbs.twimg.com/profile_banners/14046502/1672642535",
    "profileImageUrlHttps": "https://pbs.twimg.com/profile_images/1770805803932364800/yJnlxO2f_normal.jpg",
    "profileInterstitialType": "",
    "screenName": "goocarlos",
    "statusesCount": 2373,
    "translatorType": "none",
    "verified": false,
    "wantRetweets": false,
    "withheldInCountries": []
  },
  "legacyExtendedProfile": {},
  "premiumGiftingEligible": false,
  "profileImageShape": "Circle",
  "restId": "14046502",
  "tipjarSettings": {
    "isEnabled": true
  },
  "userSeedTweetCount": 0,
  "verificationInfo": {
    "isIdentityVerified": false,
    "reason": {
      "description": {
        "entities": [
          {
            "fromIndex": 26,
            "ref": {
              "url": "https://help.twitter.com/managing-your-account/about-twitter-verified-accounts",
              "urlType": "ExternalUrl"
            },
            "toIndex": 36
          }
        ],
        "text": "This account is verified. Learn more"
      },
      "verifiedSinceMsec": "1683940881128"
    }
  }
}