{
  "typename": "User",
  "affiliatesHighlightedLabel": {},
  "businessAccount": {},
  "creatorSubscriptionsCount": 0,
  "hasGraduatedAccess": true,
  "highlightsInfo": {
    "canHighlightTweets": false,
    "highlightedTweets": "0"
  },
  "id": "VXNlcjo4MjAyODUyNjQ4MTk5MzMxODQ=",
  "isBlueVerified": false,
  "isProfileTranslatable": true,
  "legacy": {
    "canDm": true,
    "canMediaTag": false,
    "createdAt": "Sat Jan 14 15:03:42 +0000 2017",
    "defaultProfile": false,
    "defaultProfileImage": false,
    "description": "✍🏻 公众号「浮之静」 👨🏻‍💻 Web • Rust • Tauri  • Electron\n🚫 不看 • 不听 • 不说 🤔 学会思考 • 自说自话",
    "entities": {
      "description": {
        "urls": []
      },
      "url": {
        "urls": [
          {
            "display_url": "lencx.me",
            "expanded_url": "https://lencx.me",
            "url": "https://t.co/YJ6PhbN8qm",
            "indices": [
              0,
              23
            ]
          }
        ]
      }
    },
    "fastFollowersCount": 0,
    "favouritesCount": 1641,
    "followersCount": 19744,
    "following": false,
    "friendsCount": 1000,
    "hasCustomTimelines": true,
    "isTranslator": false,
    "listedCount": 246,
    "location": "",
    "mediaCount": 808,
    "name": "lencx",
    "normalFollowersCount": 19744,
    "pinnedTweetIdsStr": [
      "1664557103896481792"
    ],
    "possiblySensitive": false,
    "profileBannerUrl": "https://pbs.twimg.com/profile_banners/820285264819933184/1570354039",
    "profileImageUrlHttps": "https://pbs.twimg.com/profile_images/1777510753672785921/p0hrP-Qm_normal.png",
    "profileInterstitialType": "",
    "screenName": "lencx_",
    "statusesCount": 2710,
    "translatorType": "none",
    "url": "https://t.co/YJ6PhbN8qm",
    "verified": false,
    "wantRetweets": false,
    "withheldInCountries": []
  },
  "legacyExtendedProfile": {},
  "premiumGiftingEligible": true,
  "professional": {
    "category": [
      {
        "iconName": "IconBriefcaseStroke",
        "id": 713,
        "name": "Science & Technology"
      }
    ],
    "professionalType": "Business",
    "restId": "1742364938419761302"
  },
  "profileImageShape": "Circle",
  "restId": "820285264819933184",
  "tipjarSettings": {
    "isEnabled": true
  },
  "userSeedTweetCount": 0,
  "verificationInfo": {
    "isIdentityVerified": false
  }
}