{
  "typename": "User",
  "affiliatesHighlightedLabel": {},
  "businessAccount": {},
  "creatorSubscriptionsCount": 0,
  "hasGraduatedAccess": true,
  "highlightsInfo": {
    "canHighlightTweets": false,
    "highlightedTweets": "0"
  },
  "id": "VXNlcjo3MjA2ODA0MjQyMzQ1NTc0NDA=",
  "isBlueVerified": false,
  "isProfileTranslatable": true,
  "legacy": {
    "canDm": true,
    "canMediaTag": false,
    "createdAt": "Thu Apr 14 18:29:37 +0000 2016",
    "defaultProfile": false,
    "defaultProfileImage": false,
    "description": "探索未知，迭代新知，沉淀认知｜Notion 中文社区负责人｜探索项目管理 ｜Twitter 是笔记 ｜帮助小产品增长",
    "entities": {
      "description": {
        "urls": []
      },
      "url": {
        "urls": [
          {
            "display_url": "linmi.cc",
            "expanded_url": "https://linmi.cc",
            "url": "https://t.co/EhkDvFfodV",
            "indices": [
              0,
              23
            ]
          }
        ]
      }
    },
    "fastFollowersCount": 0,
    "favouritesCount": 652,
    "followersCount": 46952,
    "following": false,
    "friendsCount": 454,
    "hasCustomTimelines": true,
    "isTranslator": false,
    "listedCount": 344,
    "location": "t.me/linmi",
    "mediaCount": 1084,
    "name": "Linmi",
    "normalFollowersCount": 46952,
    "pinnedTweetIdsStr": [
      "1599763831546605568"
    ],
    "possiblySensitive": false,
    "profileBannerUrl": "https://pbs.twimg.com/profile_banners/720680424234557440/1733377741",
    "profileImageUrlHttps": "https://pbs.twimg.com/profile_images/1618918991694802944/lyvoUHuR_normal.jpg",
    "profileInterstitialType": "",
    "screenName": "Linmiv",
    "statusesCount": 3829,
    "translatorType": "none",
    "url": "https://t.co/EhkDvFfodV",
    "verified": false,
    "wantRetweets": false,
    "withheldInCountries": []
  },
  "legacyExtendedProfile": {},
  "premiumGiftingEligible": true,
  "professional": {
    "category": [
      {
        "iconName": "IconBriefcaseStroke",
        "id": 713,
        "name": "Science & Technology"
      }
    ],
    "professionalType": "Creator",
    "restId": "1608280716155969539"
  },
  "profileImageShape": "Circle",
  "restId": "720680424234557440",
  "tipjarSettings": {
    "isEnabled": true
  },
  "userSeedTweetCount": 0,
  "verificationInfo": {
    "isIdentityVerified": false
  }
}