{
  "typename": "User",
  "affiliatesHighlightedLabel": {},
  "businessAccount": {},
  "creatorSubscriptionsCount": 0,
  "hasGraduatedAccess": true,
  "highlightsInfo": {
    "canHighlightTweets": true,
    "highlightedTweets": "36"
  },
  "id": "VXNlcjoxNTI3NzQzMTAxMjQyMDY0ODk2",
  "isBlueVerified": true,
  "isProfileTranslatable": true,
  "legacy": {
    "canDm": true,
    "canMediaTag": true,
    "createdAt": "Fri May 20 20:08:57 +0000 2022",
    "defaultProfile": true,
    "defaultProfileImage": false,
    "description": "人只有醒来才知道自己睡了一觉\n\n｜ INTJ ｜感谢follow ｜\n电报   https://t.co/qYINMLQgVt \n自留地  https://t.co/WQYgnkH9Ew",
    "entities": {
      "description": {
        "urls": [
          {
            "display_url": "t.me/maimaitalk",
            "expanded_url": "https://t.me/maimaitalk",
            "url": "https://t.co/qYINMLQgVt",
            "indices": [
              40,
              63
            ]
          },
          {
            "display_url": "imleemaimai.com",
            "expanded_url": "http://imleemaimai.com",
            "url": "https://t.co/WQYgnkH9Ew",
            "indices": [
              70,
              93
            ]
          }
        ]
      },
      "url": {
        "urls": [
          {
            "display_url": "youtube.com/@lim0102",
            "expanded_url": "https://www.youtube.com/@lim0102",
            "url": "https://t.co/TnPIUW2gMT",
            "indices": [
              0,
              23
            ]
          }
        ]
      }
    },
    "fastFollowersCount": 0,
    "favouritesCount": 14086,
    "followersCount": 4869,
    "following": false,
    "friendsCount": 553,
    "hasCustomTimelines": false,
    "isTranslator": false,
    "listedCount": 23,
    "location": "IP属地:由于相关法律法规及政策,该地址不予显示",
    "mediaCount": 911,
    "name": "李麦麦",
    "normalFollowersCount": 4869,
    "pinnedTweetIdsStr": [],
    "possiblySensitive": false,
    "profileBannerUrl": "https://pbs.twimg.com/profile_banners/1527743101242064896/1730074939",
    "profileImageUrlHttps": "https://pbs.twimg.com/profile_images/1863951770080428032/5qM3fGRx_normal.jpg",
    "profileInterstitialType": "",
    "screenName": "MaimaiLee123",
    "statusesCount": 4197,
    "translatorType": "none",
    "url": "https://t.co/TnPIUW2gMT",
    "verified": false,
    "wantRetweets": false,
    "withheldInCountries": []
  },
  "legacyExtendedProfile": {},
  "premiumGiftingEligible": false,
  "profileImageShape": "Circle",
  "restId": "1527743101242064896",
  "tipjarSettings": {
    "ethereumHandle": "0xd272388eFE021592AA8e87F57b83B343c9862187",
    "isEnabled": true
  },
  "userSeedTweetCount": 0,
  "verificationInfo": {
    "isIdentityVerified": true,
    "reason": {
      "description": {
        "entities": [
          {
            "fromIndex": 26,
            "ref": {
              "url": "https://help.twitter.com/managing-your-account/about-twitter-verified-accounts",
              "urlType": "ExternalUrl"
            },
            "toIndex": 36
          }
        ],
        "text": "This account is verified. Learn more"
      },
      "verifiedSinceMsec": "1728176011443"
    }
  }
}