{
  "typename": "User",
  "affiliatesHighlightedLabel": {},
  "businessAccount": {},
  "creatorSubscriptionsCount": 0,
  "hasGraduatedAccess": true,
  "highlightsInfo": {
    "canHighlightTweets": true,
    "highlightedTweets": "6"
  },
  "id": "VXNlcjoyODUzMDQwNQ==",
  "isBlueVerified": true,
  "isProfileTranslatable": true,
  "legacy": {
    "canDm": true,
    "canMediaTag": false,
    "createdAt": "Fri Apr 03 09:01:38 +0000 2009",
    "defaultProfile": false,
    "defaultProfileImage": false,
    "description": "Linux, Emacs开源社区从业二十余载\n懒猫微服CEO， 不端不装， 仗剑走天涯\n客官喜欢， 欢迎买我家的懒猫微服 https://t.co/KVqgWHE3yR\n京东旗舰店： https://t.co/6l2E0fkB8H",
    "entities": {
      "description": {
        "urls": [
          {
            "display_url": "lazycat.cloud",
            "expanded_url": "https://lazycat.cloud/",
            "url": "https://t.co/KVqgWHE3yR",
            "indices": [
              61,
              84
            ]
          },
          {
            "display_url": "item.jd.com/10101262547531…",
            "expanded_url": "https://item.jd.com/10101262547531.html",
            "url": "https://t.co/6l2E0fkB8H",
            "indices": [
              92,
              115
            ]
          }
        ]
      },
      "url": {
        "urls": [
          {
            "display_url": "manateelazycat.github.io",
            "expanded_url": "https://manateelazycat.github.io",
            "url": "https://t.co/twDx1tx1YW",
            "indices": [
              0,
              23
            ]
          }
        ]
      }
    },
    "fastFollowersCount": 0,
    "favouritesCount": 2018,
    "followersCount": 17110,
    "following": false,
    "friendsCount": 92,
    "hasCustomTimelines": true,
    "isTranslator": false,
    "listedCount": 130,
    "location": "China",
    "mediaCount": 323,
    "name": "Andy Stewart",
    "normalFollowersCount": 17110,
    "pinnedTweetIdsStr": [
      "1859498726718570612"
    ],
    "possiblySensitive": false,
    "profileImageUrlHttps": "https://pbs.twimg.com/profile_images/768239262/HaskellIcon_normal.jpg",
    "profileInterstitialType": "",
    "screenName": "manateelazycat",
    "statusesCount": 4505,
    "translatorType": "none",
    "url": "https://t.co/twDx1tx1YW",
    "verified": false,
    "wantRetweets": false,
    "withheldInCountries": []
  },
  "legacyExtendedProfile": {},
  "premiumGiftingEligible": false,
  "professional": {
    "category": [
      {
        "iconName": "IconBriefcaseStroke",
        "id": 958,
        "name": "Entrepreneur"
      }
    ],
    "professionalType": "Creator",
    "restId": "1779136188735160512"
  },
  "profileImageShape": "Circle",
  "restId": "28530405",
  "tipjarSettings": {},
  "userSeedTweetCount": 31,
  "verificationInfo": {
    "isIdentityVerified": false,
    "reason": {
      "description": {
        "entities": [
          {
            "fromIndex": 26,
            "ref": {
              "url": "https://help.twitter.com/managing-your-account/about-twitter-verified-accounts",
              "urlType": "ExternalUrl"
            },
            "toIndex": 36
          }
        ],
        "text": "This account is verified. Learn more"
      },
      "verifiedSinceMsec": "1713581670827"
    }
  }
}