{
  "typename": "User",
  "affiliatesHighlightedLabel": {},
  "businessAccount": {},
  "creatorSubscriptionsCount": 0,
  "hasGraduatedAccess": true,
  "highlightsInfo": {
    "canHighlightTweets": true,
    "highlightedTweets": "0"
  },
  "id": "VXNlcjoyODk2NDgwNw==",
  "isBlueVerified": true,
  "isProfileTranslatable": false,
  "legacy": {
    "canDm": true,
    "canMediaTag": false,
    "createdAt": "Sun Apr 05 09:21:32 +0000 2009",
    "defaultProfile": false,
    "defaultProfileImage": false,
    "description": "Author of Nuo Model Viewer. Programming C++, Lua, DirectX, Windows, iOS, macOS, Metal. Linux kernel fan (once). Atheism leads to singularity and God save us.",
    "entities": {
      "description": {
        "urls": []
      },
      "url": {
        "urls": [
          {
            "display_url": "sipoint.wordpress.com",
            "expanded_url": "http://sipoint.wordpress.com",
            "url": "https://t.co/tikVc7X5cx",
            "indices": [
              0,
              23
            ]
          }
        ]
      }
    },
    "fastFollowersCount": 0,
    "favouritesCount": 639,
    "followersCount": 6161,
    "following": false,
    "friendsCount": 719,
    "hasCustomTimelines": false,
    "isTranslator": false,
    "listedCount": 74,
    "location": "San Jose, CA",
    "mediaCount": 1522,
    "name": "FENG DONG",
    "normalFollowersCount": 6161,
    "pinnedTweetIdsStr": [],
    "possiblySensitive": false,
    "profileBannerUrl": "https://pbs.twimg.com/profile_banners/28964807/1353656120",
    "profileImageUrlHttps": "https://pbs.twimg.com/profile_images/2169091824/Nuclear_normal.png",
    "profileInterstitialType": "",
    "screenName": "middlefeng",
    "statusesCount": 26218,
    "translatorType": "none",
    "url": "https://t.co/tikVc7X5cx",
    "verified": false,
    "wantRetweets": false,
    "withheldInCountries": []
  },
  "legacyExtendedProfile": {},
  "premiumGiftingEligible": false,
  "professional": {
    "category": [
      {
        "iconName": "IconBriefcaseStroke",
        "id": 713,
        "name": "Science & Technology"
      }
    ],
    "professionalType": "Creator",
    "restId": "1575708685791215617"
  },
  "profileImageShape": "Circle",
  "restId": "28964807",
  "tipjarSettings": {},
  "userSeedTweetCount": 0,
  "verificationInfo": {
    "isIdentityVerified": false,
    "reason": {
      "description": {
        "entities": [
          {
            "fromIndex": 26,
            "ref": {
              "url": "https://help.twitter.com/managing-your-account/about-twitter-verified-accounts",
              "urlType": "ExternalUrl"
            },
            "toIndex": 36
          }
        ],
        "text": "This account is verified. Learn more"
      },
      "verifiedSinceMsec": "1730597862994"
    }
  }
}