{
  "typename": "User",
  "affiliatesHighlightedLabel": {},
  "businessAccount": {},
  "creatorSubscriptionsCount": 0,
  "hasGraduatedAccess": true,
  "highlightsInfo": {
    "canHighlightTweets": false,
    "highlightedTweets": "0"
  },
  "id": "VXNlcjo2MzAwNjc5OTQ=",
  "isBlueVerified": false,
  "isProfileTranslatable": true,
  "legacy": {
    "canDm": false,
    "canMediaTag": true,
    "createdAt": "Sun Jul 08 09:31:51 +0000 2012",
    "defaultProfile": true,
    "defaultProfileImage": false,
    "description": "几个小公司的CEO，竞技之心，有情有义，逍遥自得",
    "entities": {
      "description": {
        "urls": []
      }
    },
    "fastFollowersCount": 0,
    "favouritesCount": 42,
    "followersCount": 6311,
    "following": false,
    "friendsCount": 179,
    "hasCustomTimelines": false,
    "isTranslator": false,
    "listedCount": 36,
    "location": "Shanghai",
    "mediaCount": 271,
    "name": "李自然 Nate Lee",
    "normalFollowersCount": 6311,
    "pinnedTweetIdsStr": [],
    "possiblySensitive": false,
    "profileBannerUrl": "https://pbs.twimg.com/profile_banners/630067994/1700634566",
    "profileImageUrlHttps": "https://pbs.twimg.com/profile_images/1727019827645308928/8B7sjQ26_normal.jpg",
    "profileInterstitialType": "",
    "screenName": "nateleex",
    "statusesCount": 352,
    "translatorType": "none",
    "verified": false,
    "wantRetweets": false,
    "withheldInCountries": []
  },
  "legacyExtendedProfile": {},
  "premiumGiftingEligible": true,
  "profileImageShape": "Circle",
  "restId": "630067994",
  "tipjarSettings": {},
  "userSeedTweetCount": 0,
  "verificationInfo": {
    "isIdentityVerified": false
  }
}