{
  "typename": "User",
  "affiliatesHighlightedLabel": {},
  "businessAccount": {},
  "creatorSubscriptionsCount": 0,
  "hasGraduatedAccess": true,
  "highlightsInfo": {
    "canHighlightTweets": true,
    "highlightedTweets": "403"
  },
  "id": "VXNlcjoxNzY2MjgzMTM2NTkyNDI5MDU2",
  "isBlueVerified": true,
  "isProfileTranslatable": true,
  "legacy": {
    "canDm": true,
    "canMediaTag": true,
    "createdAt": "Sat Mar 09 02:01:41 +0000 2024",
    "defaultProfile": true,
    "defaultProfileImage": false,
    "description": "某不知名 HK 创业公司 CEO ，关不关注我的代码 https://t.co/h2isoGsGIV ，我们都是好朋友 🫡",
    "entities": {
      "description": {
        "urls": [
          {
            "display_url": "github.com/saasfly/saasfly",
            "expanded_url": "https://github.com/saasfly/saasfly",
            "url": "https://t.co/h2isoGsGIV",
            "indices": [
              27,
              50
            ]
          }
        ]
      },
      "url": {
        "urls": [
          {
            "display_url": "nextify.ltd",
            "expanded_url": "https://nextify.ltd",
            "url": "https://t.co/GWxaX5WBoc",
            "indices": [
              0,
              23
            ]
          }
        ]
      }
    },
    "fastFollowersCount": 0,
    "favouritesCount": 32439,
    "followersCount": 23159,
    "following": false,
    "friendsCount": 342,
    "hasCustomTimelines": false,
    "isTranslator": false,
    "listedCount": 137,
    "location": "HK",
    "mediaCount": 682,
    "name": "Nextify",
    "normalFollowersCount": 23159,
    "pinnedTweetIdsStr": [
      "1867066205468758338"
    ],
    "possiblySensitive": false,
    "profileBannerUrl": "https://pbs.twimg.com/profile_banners/1766283136592429056/1713277813",
    "profileImageUrlHttps": "https://pbs.twimg.com/profile_images/1766283284370305025/QKXW5W3M_normal.jpg",
    "profileInterstitialType": "",
    "screenName": "nextify2024",
    "statusesCount": 13245,
    "translatorType": "none",
    "url": "https://t.co/GWxaX5WBoc",
    "verified": false,
    "wantRetweets": false,
    "withheldInCountries": []
  },
  "legacyExtendedProfile": {},
  "premiumGiftingEligible": false,
  "professional": {
    "category": [
      {
        "iconName": "IconBriefcaseStroke",
        "id": 958,
        "name": "Entrepreneur"
      }
    ],
    "professionalType": "Business",
    "restId": "1821170269156995574"
  },
  "profileImageShape": "Circle",
  "restId": "1766283136592429056",
  "tipjarSettings": {},
  "userSeedTweetCount": 0,
  "verificationInfo": {
    "isIdentityVerified": true,
    "reason": {
      "description": {
        "entities": [
          {
            "fromIndex": 26,
            "ref": {
              "url": "https://help.twitter.com/managing-your-account/about-twitter-verified-accounts",
              "urlType": "ExternalUrl"
            },
            "toIndex": 36
          }
        ],
        "text": "This account is verified. Learn more"
      },
      "verifiedSinceMsec": "1733548894012"
    }
  }
}