{
  "typename": "User",
  "affiliatesHighlightedLabel": {},
  "businessAccount": {},
  "creatorSubscriptionsCount": 0,
  "hasGraduatedAccess": true,
  "highlightsInfo": {
    "canHighlightTweets": true,
    "highlightedTweets": "30"
  },
  "id": "VXNlcjoyMDU4ODk3MA==",
  "isBlueVerified": true,
  "isProfileTranslatable": true,
  "legacy": {
    "canDm": true,
    "canMediaTag": false,
    "createdAt": "Wed Feb 11 13:17:01 +0000 2009",
    "defaultProfile": false,
    "defaultProfileImage": false,
    "description": "倪爽，设计顾问。 超过 20 年经验资深设计师，在美国运营 Honest Dot Design / 倪爽设计工作室，为中国及北美企业提供品牌设计、UX 设计两类设计咨询服务。",
    "entities": {
      "description": {
        "urls": []
      },
      "url": {
        "urls": [
          {
            "display_url": "nishuang.net",
            "expanded_url": "https://nishuang.net/",
            "url": "https://t.co/kn7zsOTWuW",
            "indices": [
              0,
              23
            ]
          }
        ]
      }
    },
    "fastFollowersCount": 0,
    "favouritesCount": 19683,
    "followersCount": 98964,
    "following": false,
    "friendsCount": 801,
    "hasCustomTimelines": true,
    "isTranslator": false,
    "listedCount": 1007,
    "location": "United States",
    "mediaCount": 14872,
    "name": "倪爽",
    "normalFollowersCount": 98964,
    "pinnedTweetIdsStr": [
      "1098760540820787202"
    ],
    "possiblySensitive": false,
    "profileBannerUrl": "https://pbs.twimg.com/profile_banners/20588970/1720543960",
    "profileImageUrlHttps": "https://pbs.twimg.com/profile_images/1615204555/bg_green_300x300_normal.jpg",
    "profileInterstitialType": "",
    "screenName": "nishuang",
    "statusesCount": 40227,
    "translatorType": "none",
    "url": "https://t.co/kn7zsOTWuW",
    "verified": false,
    "wantRetweets": false,
    "withheldInCountries": []
  },
  "legacyExtendedProfile": {},
  "premiumGiftingEligible": false,
  "professional": {
    "category": [
      {
        "iconName": "IconBriefcaseStroke",
        "id": 508,
        "name": "Web Design Agency"
      }
    ],
    "professionalType": "Business",
    "restId": "1793644639108403291"
  },
  "profileImageShape": "Circle",
  "restId": "20588970",
  "tipjarSettings": {},
  "userSeedTweetCount": 0,
  "verificationInfo": {
    "isIdentityVerified": false,
    "reason": {
      "description": {
        "entities": [
          {
            "fromIndex": 26,
            "ref": {
              "url": "https://help.twitter.com/managing-your-account/about-twitter-verified-accounts",
              "urlType": "ExternalUrl"
            },
            "toIndex": 36
          }
        ],
        "text": "This account is verified. Learn more"
      },
      "verifiedSinceMsec": "1676339570586"
    }
  }
}