{
  "typename": "User",
  "affiliatesHighlightedLabel": {},
  "businessAccount": {},
  "creatorSubscriptionsCount": 0,
  "hasGraduatedAccess": true,
  "highlightsInfo": {
    "canHighlightTweets": false,
    "highlightedTweets": "0"
  },
  "id": "VXNlcjoxNjg5OTY5NDM4NDg0MDMzNTM2",
  "isBlueVerified": false,
  "isProfileTranslatable": true,
  "legacy": {
    "canDm": true,
    "canMediaTag": true,
    "createdAt": "Fri Aug 11 11:58:14 +0000 2023",
    "defaultProfile": true,
    "defaultProfileImage": false,
    "description": "开源爱好者，@kanaries_data 创始人，@ob12er 的中文号；正在构建https://t.co/YV2ao2CfFS",
    "entities": {
      "description": {
        "urls": [
          {
            "display_url": "lab2.dev",
            "expanded_url": "http://lab2.dev",
            "url": "https://t.co/YV2ao2CfFS",
            "indices": [
              42,
              65
            ]
          }
        ]
      },
      "url": {
        "urls": [
          {
            "display_url": "github.com/ObservedObserv…",
            "expanded_url": "https://github.com/ObservedObserver",
            "url": "https://t.co/C2jAm3FMIG",
            "indices": [
              0,
              23
            ]
          }
        ]
      }
    },
    "fastFollowersCount": 0,
    "favouritesCount": 358,
    "followersCount": 522,
    "following": false,
    "friendsCount": 453,
    "hasCustomTimelines": false,
    "isTranslator": false,
    "listedCount": 3,
    "location": "你身后",
    "mediaCount": 119,
    "name": "分形香蕉",
    "normalFollowersCount": 522,
    "pinnedTweetIdsStr": [
      "1740117341227360720"
    ],
    "possiblySensitive": false,
    "profileBannerUrl": "https://pbs.twimg.com/profile_banners/1689969438484033536/1698130296",
    "profileImageUrlHttps": "https://pbs.twimg.com/profile_images/1809217198390738944/0ukhusQN_normal.jpg",
    "profileInterstitialType": "",
    "screenName": "o12er_banana",
    "statusesCount": 750,
    "translatorType": "none",
    "url": "https://t.co/C2jAm3FMIG",
    "verified": false,
    "wantRetweets": false,
    "withheldInCountries": []
  },
  "legacyExtendedProfile": {},
  "premiumGiftingEligible": true,
  "profileImageShape": "Circle",
  "restId": "1689969438484033536",
  "tipjarSettings": {},
  "userSeedTweetCount": 0,
  "verificationInfo": {
    "isIdentityVerified": false
  }
}