{
  "typename": "User",
  "affiliatesHighlightedLabel": {},
  "businessAccount": {},
  "creatorSubscriptionsCount": 0,
  "hasGraduatedAccess": true,
  "highlightsInfo": {
    "canHighlightTweets": true,
    "highlightedTweets": "0"
  },
  "id": "VXNlcjoxNjg1ODcxNTU2NjA0NjUzNTY4",
  "isBlueVerified": true,
  "isProfileTranslatable": true,
  "legacy": {
    "canDm": true,
    "canMediaTag": true,
    "createdAt": "Mon Jul 31 04:35:00 +0000 2023",
    "defaultProfile": true,
    "defaultProfileImage": false,
    "description": "被知产耽误的新手程\n\n我的服务：\n1. ChatGPT直连站（免费长期试用）：https://t.co/jCiDSGbaon\n2. API转发站（送 0.4 美金）：https://t.co/drXlNAoFMJ\n3. mj绘画站（送 5 积分）：https://t.co/H6rHEiFR5X",
    "entities": {
      "description": {
        "urls": [
          {
            "display_url": "tu-zi.com",
            "expanded_url": "http://tu-zi.com",
            "url": "https://t.co/jCiDSGbaon",
            "indices": [
              39,
              62
            ]
          },
          {
            "display_url": "api.tu-zi.com",
            "expanded_url": "http://api.tu-zi.com",
            "url": "https://t.co/drXlNAoFMJ",
            "indices": [
              83,
              106
            ]
          },
          {
            "display_url": "chat.tu-zi.com",
            "expanded_url": "http://chat.tu-zi.com",
            "url": "https://t.co/H6rHEiFR5X",
            "indices": [
              124,
              147
            ]
          }
        ]
      }
    },
    "fastFollowersCount": 0,
    "favouritesCount": 3298,
    "followersCount": 1567,
    "following": false,
    "friendsCount": 177,
    "hasCustomTimelines": false,
    "isTranslator": false,
    "listedCount": 15,
    "location": "NewYork",
    "mediaCount": 381,
    "name": "兔子",
    "normalFollowersCount": 1567,
    "pinnedTweetIdsStr": [],
    "possiblySensitive": false,
    "profileBannerUrl": "https://pbs.twimg.com/profile_banners/1685871556604653568/1691404582",
    "profileImageUrlHttps": "https://pbs.twimg.com/profile_images/1811330028954923008/EcwM3vmh_normal.jpg",
    "profileInterstitialType": "",
    "screenName": "ovst36099",
    "statusesCount": 1594,
    "translatorType": "none",
    "verified": false,
    "wantRetweets": false,
    "withheldInCountries": []
  },
  "legacyExtendedProfile": {},
  "premiumGiftingEligible": false,
  "profileImageShape": "Circle",
  "restId": "1685871556604653568",
  "tipjarSettings": {},
  "userSeedTweetCount": 0,
  "verificationInfo": {
    "isIdentityVerified": false,
    "reason": {
      "description": {
        "entities": [
          {
            "fromIndex": 26,
            "ref": {
              "url": "https://help.twitter.com/managing-your-account/about-twitter-verified-accounts",
              "urlType": "ExternalUrl"
            },
            "toIndex": 36
          }
        ],
        "text": "This account is verified. Learn more"
      },
      "verifiedSinceMsec": "1732603102648"
    }
  }
}