{
  "typename": "User",
  "affiliatesHighlightedLabel": {},
  "businessAccount": {},
  "creatorSubscriptionsCount": 0,
  "hasGraduatedAccess": true,
  "highlightsInfo": {
    "canHighlightTweets": false,
    "highlightedTweets": "0"
  },
  "id": "VXNlcjoxMjU5MTAyNjk3ODU0MTMyMjI1",
  "isBlueVerified": false,
  "isProfileTranslatable": true,
  "legacy": {
    "canDm": true,
    "canMediaTag": false,
    "createdAt": "Sat May 09 12:47:50 +0000 2020",
    "defaultProfile": true,
    "defaultProfileImage": false,
    "description": "程序员，开发过 2 个 iOS App，几个不知名的浏览器插件，几个小程序。喜欢看动画、漫画、轻小说和网文。目标是早日成为自宅警備員。搞了个 GPT 和Claude API 转发服务，价格和官方的一样：https://t.co/87W14YcWNd",
    "entities": {
      "description": {
        "urls": [
          {
            "display_url": "llmhub.app",
            "expanded_url": "http://llmhub.app",
            "url": "https://t.co/87W14YcWNd",
            "indices": [
              101,
              124
            ]
          }
        ]
      }
    },
    "fastFollowersCount": 0,
    "favouritesCount": 1293,
    "followersCount": 7463,
    "following": false,
    "friendsCount": 273,
    "hasCustomTimelines": true,
    "isTranslator": false,
    "listedCount": 64,
    "location": "",
    "mediaCount": 761,
    "name": "Plusye",
    "normalFollowersCount": 7463,
    "pinnedTweetIdsStr": [
      "1776493460792729965"
    ],
    "possiblySensitive": false,
    "profileBannerUrl": "https://pbs.twimg.com/profile_banners/1259102697854132225/1648767194",
    "profileImageUrlHttps": "https://pbs.twimg.com/profile_images/1718597108058722304/GvFIOU3p_normal.jpg",
    "profileInterstitialType": "",
    "screenName": "plusyip",
    "statusesCount": 2785,
    "translatorType": "none",
    "verified": false,
    "wantRetweets": false,
    "withheldInCountries": []
  },
  "legacyExtendedProfile": {},
  "premiumGiftingEligible": true,
  "profileImageShape": "Circle",
  "restId": "1259102697854132225",
  "tipjarSettings": {},
  "userSeedTweetCount": 0,
  "verificationInfo": {
    "isIdentityVerified": false
  }
}