{
  "typename": "User",
  "affiliatesHighlightedLabel": {},
  "businessAccount": {},
  "creatorSubscriptionsCount": 0,
  "hasGraduatedAccess": true,
  "highlightsInfo": {
    "canHighlightTweets": false,
    "highlightedTweets": "0"
  },
  "id": "VXNlcjoxNTgwNzgx",
  "isBlueVerified": false,
  "isProfileTranslatable": false,
  "legacy": {
    "canDm": true,
    "canMediaTag": false,
    "createdAt": "Tue Mar 20 02:53:02 +0000 2007",
    "defaultProfile": false,
    "defaultProfileImage": false,
    "description": "Stay Focused, Keep Shipping. Build Early, Build Always. Improve yourself, Write solid/simple/stupid code.",
    "entities": {
      "description": {
        "urls": []
      },
      "url": {
        "urls": [
          {
            "display_url": "ruanyifeng.com",
            "expanded_url": "http://www.ruanyifeng.com",
            "url": "http://t.co/fw8pEsBuak",
            "indices": [
              0,
              22
            ]
          }
        ]
      }
    },
    "fastFollowersCount": 0,
    "favouritesCount": 14261,
    "followersCount": 181820,
    "following": false,
    "friendsCount": 375,
    "hasCustomTimelines": true,
    "isTranslator": false,
    "listedCount": 1450,
    "location": "Shanghai, China",
    "mediaCount": 2869,
    "name": "ruanyf",
    "normalFollowersCount": 181820,
    "pinnedTweetIdsStr": [],
    "possiblySensitive": false,
    "profileBannerUrl": "https://pbs.twimg.com/profile_banners/1580781/1355537048",
    "profileImageUrlHttps": "https://pbs.twimg.com/profile_images/2363795309/wbi37mdkxhr2trsr4ofa_normal.jpeg",
    "profileInterstitialType": "",
    "screenName": "ruanyf",
    "statusesCount": 4845,
    "translatorType": "none",
    "url": "http://t.co/fw8pEsBuak",
    "verified": false,
    "wantRetweets": false,
    "withheldInCountries": []
  },
  "legacyExtendedProfile": {},
  "premiumGiftingEligible": true,
  "professional": {
    "category": [
      {
        "iconName": "IconBriefcaseStroke",
        "id": 713,
        "name": "Science & Technology"
      }
    ],
    "professionalType": "Creator",
    "restId": "1712651990424322255"
  },
  "profileImageShape": "Circle",
  "restId": "1580781",
  "tipjarSettings": {},
  "userSeedTweetCount": 0,
  "verificationInfo": {
    "isIdentityVerified": true
  }
}