{
  "typename": "User",
  "affiliatesHighlightedLabel": {},
  "businessAccount": {},
  "creatorSubscriptionsCount": 0,
  "hasGraduatedAccess": true,
  "highlightsInfo": {
    "canHighlightTweets": true,
    "highlightedTweets": "3"
  },
  "id": "VXNlcjoxNjQwNjA0MDIwNzY2Mjk4MTEz",
  "isBlueVerified": true,
  "isProfileTranslatable": true,
  "legacy": {
    "canDm": false,
    "canMediaTag": true,
    "createdAt": "Tue Mar 28 06:37:47 +0000 2023",
    "defaultProfile": true,
    "defaultProfileImage": false,
    "description": "🖥️ macOS 独立开发者 | 效率工具爱好者\n🔧 @cleanclipapp 创造者 - 重新定义剪贴板管理\n🧠 @macaify 开发者 - 让 ChatGPT 融入 macOS 生态\n🌊 独立开发航海日志 | 分享出海心得与技巧\n💡 用代码打造更智能的工作方式",
    "entities": {
      "description": {
        "urls": []
      },
      "url": {
        "urls": [
          {
            "display_url": "bento.me/sintone",
            "expanded_url": "https://bento.me/sintone",
            "url": "https://t.co/nZDwupKM1w",
            "indices": [
              0,
              23
            ]
          }
        ]
      }
    },
    "fastFollowersCount": 0,
    "favouritesCount": 784,
    "followersCount": 2838,
    "following": false,
    "friendsCount": 287,
    "hasCustomTimelines": false,
    "isTranslator": false,
    "listedCount": 35,
    "location": "🟧⬜️⬜️⬜️⬜️⬜️⬜️⬜️⬜️⬜️ $100k Rev",
    "mediaCount": 234,
    "name": "sintone",
    "normalFollowersCount": 2838,
    "pinnedTweetIdsStr": [
      "1832936960241086833"
    ],
    "possiblySensitive": false,
    "profileBannerUrl": "https://pbs.twimg.com/profile_banners/1640604020766298113/1702323569",
    "profileImageUrlHttps": "https://pbs.twimg.com/profile_images/1734300834824101888/BkwPmmxT_normal.jpg",
    "profileInterstitialType": "",
    "screenName": "s1ntone",
    "statusesCount": 1171,
    "translatorType": "none",
    "url": "https://t.co/nZDwupKM1w",
    "verified": false,
    "wantRetweets": false,
    "withheldInCountries": []
  },
  "legacyExtendedProfile": {},
  "premiumGiftingEligible": false,
  "professional": {
    "category": [
      {
        "iconName": "IconBriefcaseStroke",
        "id": 15,
        "name": "Entertainment & Recreation"
      }
    ],
    "professionalType": "Creator",
    "restId": "1644298573906063361"
  },
  "profileImageShape": "Circle",
  "restId": "1640604020766298113",
  "tipjarSettings": {},
  "userSeedTweetCount": 0,
  "verificationInfo": {
    "isIdentityVerified": false,
    "reason": {
      "description": {
        "entities": [
          {
            "fromIndex": 26,
            "ref": {
              "url": "https://help.twitter.com/managing-your-account/about-twitter-verified-accounts",
              "urlType": "ExternalUrl"
            },
            "toIndex": 36
          }
        ],
        "text": "This account is verified. Learn more"
      },
      "verifiedSinceMsec": "1725632486930"
    }
  }
}