{
  "typename": "User",
  "affiliatesHighlightedLabel": {},
  "businessAccount": {},
  "creatorSubscriptionsCount": 0,
  "hasGraduatedAccess": true,
  "highlightsInfo": {
    "canHighlightTweets": true,
    "highlightedTweets": "25"
  },
  "id": "VXNlcjo3ODY0Nzk4MDk2NDc4Njk5NTI=",
  "isBlueVerified": true,
  "isProfileTranslatable": false,
  "legacy": {
    "canDm": true,
    "canMediaTag": true,
    "createdAt": "Thu Oct 13 08:12:53 +0000 2016",
    "defaultProfile": true,
    "defaultProfileImage": false,
    "description": "PuTTY 本无树，MinGW 亦非台 ！",
    "entities": {
      "description": {
        "urls": []
      },
      "url": {
        "urls": [
          {
            "display_url": "skywind.me/blog",
            "expanded_url": "https://skywind.me/blog",
            "url": "https://t.co/UQNrDmhScr",
            "indices": [
              0,
              23
            ]
          }
        ]
      }
    },
    "fastFollowersCount": 0,
    "favouritesCount": 2876,
    "followersCount": 17853,
    "following": false,
    "friendsCount": 247,
    "hasCustomTimelines": true,
    "isTranslator": false,
    "listedCount": 131,
    "location": "Guangdong",
    "mediaCount": 559,
    "name": "LIN WEI",
    "normalFollowersCount": 17853,
    "pinnedTweetIdsStr": [],
    "possiblySensitive": false,
    "profileImageUrlHttps": "https://pbs.twimg.com/profile_images/786485788468850688/OA9vAxsy_normal.jpg",
    "profileInterstitialType": "",
    "screenName": "skywind3000",
    "statusesCount": 3875,
    "translatorType": "none",
    "url": "https://t.co/UQNrDmhScr",
    "verified": false,
    "wantRetweets": false,
    "withheldInCountries": []
  },
  "legacyExtendedProfile": {},
  "premiumGiftingEligible": false,
  "professional": {
    "category": [],
    "professionalType": "Creator",
    "restId": "1620584589067534336"
  },
  "profileImageShape": "Circle",
  "restId": "786479809647869952",
  "tipjarSettings": {},
  "userSeedTweetCount": 0,
  "verificationInfo": {
    "isIdentityVerified": false,
    "reason": {
      "description": {
        "entities": [
          {
            "fromIndex": 26,
            "ref": {
              "url": "https://help.twitter.com/managing-your-account/about-twitter-verified-accounts",
              "urlType": "ExternalUrl"
            },
            "toIndex": 36
          }
        ],
        "text": "This account is verified. Learn more"
      },
      "verifiedSinceMsec": "1690203221601"
    }
  }
}