{
  "typename": "User",
  "affiliatesHighlightedLabel": {},
  "businessAccount": {},
  "creatorSubscriptionsCount": 0,
  "hasGraduatedAccess": true,
  "highlightsInfo": {
    "canHighlightTweets": true,
    "highlightedTweets": "0"
  },
  "id": "VXNlcjo0MjM1MjA1Ng==",
  "isBlueVerified": true,
  "isProfileTranslatable": false,
  "legacy": {
    "canDm": true,
    "canMediaTag": true,
    "createdAt": "Mon May 25 04:50:07 +0000 2009",
    "defaultProfile": false,
    "defaultProfileImage": false,
    "description": "Retired. ex ByteDancer #473. Onsen mania, live in Tokyo/Azumino/Miyakojima.",
    "entities": {
      "description": {
        "urls": []
      },
      "url": {
        "urls": [
          {
            "display_url": "guoyu.mirror.xyz",
            "expanded_url": "https://guoyu.mirror.xyz/",
            "url": "https://t.co/XHBstCeBpC",
            "indices": [
              0,
              23
            ]
          }
        ]
      }
    },
    "fastFollowersCount": 0,
    "favouritesCount": 3688,
    "followersCount": 133226,
    "following": false,
    "friendsCount": 1425,
    "hasCustomTimelines": true,
    "isTranslator": false,
    "listedCount": 1163,
    "location": "東京 港区",
    "mediaCount": 2119,
    "name": "郭宇 guoyu.eth",
    "normalFollowersCount": 133226,
    "pinnedTweetIdsStr": [
      "1568614885919191041"
    ],
    "possiblySensitive": false,
    "profileBannerUrl": "https://pbs.twimg.com/profile_banners/42352056/1651418512",
    "profileImageUrlHttps": "https://pbs.twimg.com/profile_images/1422205969077923841/jgLnMvyO_normal.jpg",
    "profileInterstitialType": "",
    "screenName": "turingou",
    "statusesCount": 6424,
    "translatorType": "none",
    "url": "https://t.co/XHBstCeBpC",
    "verified": false,
    "wantRetweets": false,
    "withheldInCountries": []
  },
  "legacyExtendedProfile": {},
  "premiumGiftingEligible": false,
  "professional": {
    "category": [
      {
        "iconName": "IconBriefcaseStroke",
        "id": 934,
        "name": "Social Media Influencer"
      }
    ],
    "professionalType": "Creator",
    "restId": "1484075953890684930"
  },
  "profileImageShape": "Circle",
  "restId": "42352056",
  "tipjarSettings": {
    "ethereumHandle": "0xD6DB919FDDDBEd1cE19973156B49E51959408E9E",
    "isEnabled": true
  },
  "userSeedTweetCount": 0,
  "verificationInfo": {
    "isIdentityVerified": false,
    "reason": {
      "description": {
        "entities": [
          {
            "fromIndex": 26,
            "ref": {
              "url": "https://help.twitter.com/managing-your-account/about-twitter-verified-accounts",
              "urlType": "ExternalUrl"
            },
            "toIndex": 36
          }
        ],
        "text": "This account is verified. Learn more"
      },
      "verifiedSinceMsec": "1672282729154"
    }
  }
}