{
  "typename": "User",
  "affiliatesHighlightedLabel": {},
  "businessAccount": {},
  "creatorSubscriptionsCount": 0,
  "hasGraduatedAccess": true,
  "highlightsInfo": {
    "canHighlightTweets": true,
    "highlightedTweets": "6"
  },
  "id": "VXNlcjoyOTY1OTM5MTk=",
  "isBlueVerified": true,
  "isProfileTranslatable": true,
  "legacy": {
    "canDm": true,
    "canMediaTag": true,
    "createdAt": "Wed May 11 02:08:52 +0000 2011",
    "defaultProfile": true,
    "defaultProfileImage": false,
    "description": "独立开发者 自由职业\n作品 - 简单简历 https://t.co/xMu5JFIGnr 五分钟打造程序员的金牌简历\n\n课程 - 慕课网精英讲师 https://t.co/NTyFFrvHwL\n\n经历 - 不上班的1000天 https://t.co/bonuLQCCsY\n\n视频 - https://t.co/aQYLgujIyC",
    "entities": {
      "description": {
        "urls": [
          {
            "display_url": "easycv.cn",
            "expanded_url": "http://easycv.cn",
            "url": "https://t.co/xMu5JFIGnr",
            "indices": [
              21,
              44
            ]
          },
          {
            "display_url": "imooc.com/t/6012904",
            "expanded_url": "http://www.imooc.com/t/6012904",
            "url": "https://t.co/NTyFFrvHwL",
            "indices": [
              73,
              96
            ]
          },
          {
            "display_url": "vikingz.me/1000-days",
            "expanded_url": "http://vikingz.me/1000-days",
            "url": "https://t.co/bonuLQCCsY",
            "indices": [
              113,
              136
            ]
          },
          {
            "display_url": "youtube.com/@vikingzhang",
            "expanded_url": "http://www.youtube.com/@vikingzhang",
            "url": "https://t.co/aQYLgujIyC",
            "indices": [
              143,
              166
            ]
          }
        ]
      },
      "url": {
        "urls": [
          {
            "display_url": "vikingz.me",
            "expanded_url": "http://vikingz.me",
            "url": "https://t.co/6Zj0nAx1OI",
            "indices": [
              0,
              23
            ]
          }
        ]
      }
    },
    "fastFollowersCount": 0,
    "favouritesCount": 497,
    "followersCount": 50377,
    "following": false,
    "friendsCount": 280,
    "hasCustomTimelines": true,
    "isTranslator": false,
    "listedCount": 514,
    "location": "Shanghai",
    "mediaCount": 912,
    "name": "Viking",
    "normalFollowersCount": 50377,
    "pinnedTweetIdsStr": [
      "1560447512561033217"
    ],
    "possiblySensitive": false,
    "profileBannerUrl": "https://pbs.twimg.com/profile_banners/296593919/1461731223",
    "profileImageUrlHttps": "https://pbs.twimg.com/profile_images/725179208528322560/TPjU7qop_normal.jpg",
    "profileInterstitialType": "",
    "screenName": "vikingmute",
    "statusesCount": 1997,
    "translatorType": "none",
    "url": "https://t.co/6Zj0nAx1OI",
    "verified": false,
    "wantRetweets": false,
    "withheldInCountries": []
  },
  "legacyExtendedProfile": {},
  "premiumGiftingEligible": false,
  "profileImageShape": "Circle",
  "restId": "296593919",
  "tipjarSettings": {},
  "userSeedTweetCount": 0,
  "verificationInfo": {
    "isIdentityVerified": false,
    "reason": {
      "description": {
        "entities": [
          {
            "fromIndex": 26,
            "ref": {
              "url": "https://help.twitter.com/managing-your-account/about-twitter-verified-accounts",
              "urlType": "ExternalUrl"
            },
            "toIndex": 36
          }
        ],
        "text": "This account is verified. Learn more"
      },
      "verifiedSinceMsec": "1684981730435"
    }
  }
}