{
  "typename": "User",
  "affiliatesHighlightedLabel": {},
  "businessAccount": {},
  "creatorSubscriptionsCount": 0,
  "hasGraduatedAccess": true,
  "highlightsInfo": {
    "canHighlightTweets": true,
    "highlightedTweets": "8"
  },
  "id": "VXNlcjoyNDEyNDIwMw==",
  "isBlueVerified": true,
  "isProfileTranslatable": true,
  "legacy": {
    "canDm": true,
    "canMediaTag": false,
    "createdAt": "Fri Mar 13 04:05:00 +0000 2009",
    "defaultProfile": false,
    "defaultProfileImage": false,
    "description": "一个自由的程序员，以卖 App 为生。做了熊猫吃短信、ServerCat、后续、DAMA、OpenCat。记录生活和开发日常。私信不用，有事请点 App 内的「联系我们」发邮件。",
    "entities": {
      "description": {
        "urls": []
      }
    },
    "fastFollowersCount": 0,
    "favouritesCount": 20696,
    "followersCount": 146311,
    "following": false,
    "friendsCount": 444,
    "hasCustomTimelines": true,
    "isTranslator": false,
    "listedCount": 1133,
    "location": "中华人民共和国",
    "mediaCount": 630,
    "name": "Baye",
    "normalFollowersCount": 146311,
    "pinnedTweetIdsStr": [
      "1817766319745597450"
    ],
    "possiblySensitive": false,
    "profileImageUrlHttps": "https://pbs.twimg.com/profile_images/1807439424009175040/F2mBMzcN_normal.jpg",
    "profileInterstitialType": "",
    "screenName": "waylybaye",
    "statusesCount": 13543,
    "translatorType": "regular",
    "verified": false,
    "wantRetweets": false,
    "withheldInCountries": []
  },
  "legacyExtendedProfile": {},
  "premiumGiftingEligible": false,
  "profileImageShape": "Circle",
  "restId": "24124203",
  "tipjarSettings": {},
  "userSeedTweetCount": 0,
  "verificationInfo": {
    "isIdentityVerified": false,
    "reason": {
      "description": {
        "entities": [
          {
            "fromIndex": 26,
            "ref": {
              "url": "https://help.twitter.com/managing-your-account/about-twitter-verified-accounts",
              "urlType": "ExternalUrl"
            },
            "toIndex": 36
          }
        ],
        "text": "This account is verified. Learn more"
      },
      "verifiedSinceMsec": "1719841900477"
    }
  }
}