{
  "typename": "User",
  "affiliatesHighlightedLabel": {},
  "businessAccount": {},
  "creatorSubscriptionsCount": 0,
  "hasGraduatedAccess": true,
  "highlightsInfo": {
    "canHighlightTweets": true,
    "highlightedTweets": "3"
  },
  "id": "VXNlcjoyNzIxOTgyOA==",
  "isBlueVerified": true,
  "isProfileTranslatable": true,
  "legacy": {
    "canDm": true,
    "canMediaTag": false,
    "createdAt": "Sat Mar 28 12:28:17 +0000 2009",
    "defaultProfile": false,
    "defaultProfileImage": false,
    "description": "RTFM 爱读文档",
    "entities": {
      "description": {
        "urls": []
      },
      "url": {
        "urls": [
          {
            "display_url": "wong2.me",
            "expanded_url": "https://wong2.me",
            "url": "https://t.co/wp4QUJaKNF",
            "indices": [
              0,
              23
            ]
          }
        ]
      }
    },
    "fastFollowersCount": 0,
    "favouritesCount": 12394,
    "followersCount": 16486,
    "following": false,
    "friendsCount": 2656,
    "hasCustomTimelines": true,
    "isTranslator": false,
    "listedCount": 232,
    "location": "",
    "mediaCount": 730,
    "name": "wong2",
    "normalFollowersCount": 16486,
    "pinnedTweetIdsStr": [
      "1689835443125452800"
    ],
    "possiblySensitive": false,
    "profileBannerUrl": "https://pbs.twimg.com/profile_banners/27219828/1697243632",
    "profileImageUrlHttps": "https://pbs.twimg.com/profile_images/1674463328264134657/IySD9Y3X_normal.jpg",
    "profileInterstitialType": "",
    "screenName": "wong2_x",
    "statusesCount": 3546,
    "translatorType": "none",
    "url": "https://t.co/wp4QUJaKNF",
    "verified": false,
    "wantRetweets": false,
    "withheldInCountries": []
  },
  "legacyExtendedProfile": {},
  "premiumGiftingEligible": false,
  "professional": {
    "category": [
      {
        "iconName": "IconBriefcaseStroke",
        "id": 713,
        "name": "Science & Technology"
      }
    ],
    "professionalType": "Creator",
    "restId": "1662038433332867072"
  },
  "profileImageShape": "Circle",
  "restId": "27219828",
  "tipjarSettings": {
    "isEnabled": true
  },
  "userSeedTweetCount": 0,
  "verificationInfo": {
    "isIdentityVerified": false,
    "reason": {
      "description": {
        "entities": [
          {
            "fromIndex": 26,
            "ref": {
              "url": "https://help.twitter.com/managing-your-account/about-twitter-verified-accounts",
              "urlType": "ExternalUrl"
            },
            "toIndex": 36
          }
        ],
        "text": "This account is verified. Learn more"
      },
      "verifiedSinceMsec": "1681374306332"
    }
  }
}