{
  "typename": "User",
  "affiliatesHighlightedLabel": {},
  "businessAccount": {},
  "creatorSubscriptionsCount": 0,
  "hasGraduatedAccess": true,
  "highlightsInfo": {
    "canHighlightTweets": false,
    "highlightedTweets": "0"
  },
  "id": "VXNlcjoxNzMyNzk0MTQ1Mzk4NDg0OTky",
  "isBlueVerified": false,
  "isProfileTranslatable": false,
  "legacy": {
    "canDm": true,
    "canMediaTag": true,
    "createdAt": "Thu Dec 07 16:08:59 +0000 2023",
    "defaultProfile": true,
    "defaultProfileImage": false,
    "description": "Programmer, Creator of @Datacollie (Database Management & Data Analysis)  #Java #Web #App #Python #DataScience #OpenSource",
    "entities": {
      "description": {
        "urls": []
      },
      "url": {
        "urls": [
          {
            "display_url": "xiongchun.github.io",
            "expanded_url": "https://xiongchun.github.io",
            "url": "https://t.co/dnBAFuKZy1",
            "indices": [
              0,
              23
            ]
          }
        ]
      }
    },
    "fastFollowersCount": 0,
    "favouritesCount": 3350,
    "followersCount": 2802,
    "following": false,
    "friendsCount": 1070,
    "hasCustomTimelines": false,
    "isTranslator": false,
    "listedCount": 20,
    "location": "",
    "mediaCount": 281,
    "name": "Spring Xiong 熊春",
    "normalFollowersCount": 2802,
    "pinnedTweetIdsStr": [],
    "possiblySensitive": false,
    "profileBannerUrl": "https://pbs.twimg.com/profile_banners/1732794145398484992/1713068170",
    "profileImageUrlHttps": "https://pbs.twimg.com/profile_images/1850515744104263680/QdGAs4y6_normal.jpg",
    "profileInterstitialType": "",
    "screenName": "xiongchun007",
    "statusesCount": 1611,
    "translatorType": "none",
    "url": "https://t.co/dnBAFuKZy1",
    "verified": false,
    "wantRetweets": false,
    "withheldInCountries": []
  },
  "legacyExtendedProfile": {},
  "premiumGiftingEligible": false,
  "professional": {
    "category": [
      {
        "iconName": "IconBriefcaseStroke",
        "id": 713,
        "name": "Science & Technology"
      }
    ],
    "professionalType": "Creator",
    "restId": "1861651303308644859"
  },
  "profileImageShape": "Circle",
  "restId": "1732794145398484992",
  "tipjarSettings": {
    "isEnabled": true
  },
  "userSeedTweetCount": 0,
  "verificationInfo": {
    "isIdentityVerified": false
  }
}