{
  "typename": "User",
  "affiliatesHighlightedLabel": {},
  "businessAccount": {},
  "creatorSubscriptionsCount": 0,
  "hasGraduatedAccess": true,
  "highlightsInfo": {
    "canHighlightTweets": true,
    "highlightedTweets": "84"
  },
  "id": "VXNlcjoyNzg5Nzgx",
  "isBlueVerified": true,
  "isProfileTranslatable": false,
  "legacy": {
    "canDm": true,
    "canMediaTag": true,
    "createdAt": "Thu Mar 29 04:50:07 +0000 2007",
    "defaultProfile": false,
    "defaultProfileImage": false,
    "description": "Creator of Go+ (https://t.co/g8JYfPGLvf) and LLGo. Our vision is to enable everyone to become a builder of the digital world. Qiniu Limited CEO.",
    "entities": {
      "description": {
        "urls": [
          {
            "display_url": "github.com/goplus/gop",
            "expanded_url": "http://github.com/goplus/gop",
            "url": "https://t.co/g8JYfPGLvf",
            "indices": [
              16,
              39
            ]
          }
        ]
      },
      "url": {
        "urls": [
          {
            "display_url": "goplus.org",
            "expanded_url": "https://goplus.org/",
            "url": "https://t.co/HRFSWkhlBJ",
            "indices": [
              0,
              23
            ]
          }
        ]
      }
    },
    "fastFollowersCount": 0,
    "favouritesCount": 442,
    "followersCount": 5988,
    "following": false,
    "friendsCount": 461,
    "hasCustomTimelines": false,
    "isTranslator": false,
    "listedCount": 98,
    "location": "",
    "mediaCount": 108,
    "name": "xushiwei",
    "normalFollowersCount": 5988,
    "pinnedTweetIdsStr": [
      "1789853322939175279"
    ],
    "possiblySensitive": false,
    "profileBannerUrl": "https://pbs.twimg.com/profile_banners/2789781/1710403962",
    "profileImageUrlHttps": "https://pbs.twimg.com/profile_images/1272335341064609792/DmF9CslM_normal.jpg",
    "profileInterstitialType": "",
    "screenName": "xushiwei",
    "statusesCount": 1246,
    "translatorType": "none",
    "url": "https://t.co/HRFSWkhlBJ",
    "verified": false,
    "wantRetweets": false,
    "withheldInCountries": []
  },
  "legacyExtendedProfile": {},
  "premiumGiftingEligible": false,
  "profileImageShape": "Circle",
  "restId": "2789781",
  "tipjarSettings": {},
  "userSeedTweetCount": 1,
  "verificationInfo": {
    "isIdentityVerified": false,
    "reason": {
      "description": {
        "entities": [
          {
            "fromIndex": 26,
            "ref": {
              "url": "https://help.twitter.com/managing-your-account/about-twitter-verified-accounts",
              "urlType": "ExternalUrl"
            },
            "toIndex": 36
          }
        ],
        "text": "This account is verified. Learn more"
      },
      "verifiedSinceMsec": "1710380734889"
    }
  }
}