{
  "typename": "User",
  "affiliatesHighlightedLabel": {},
  "businessAccount": {},
  "creatorSubscriptionsCount": 0,
  "hasGraduatedAccess": true,
  "highlightsInfo": {
    "canHighlightTweets": false,
    "highlightedTweets": "0"
  },
  "id": "VXNlcjoxMDE3NjQ4NjIyNjY4Nzk1OTA0",
  "isBlueVerified": false,
  "isProfileTranslatable": true,
  "legacy": {
    "canDm": false,
    "canMediaTag": false,
    "createdAt": "Fri Jul 13 05:55:13 +0000 2018",
    "defaultProfile": true,
    "defaultProfileImage": false,
    "description": "喜欢王小波，大概我们能成为朋友。 我的 2024 https://t.co/HfDF6oduB7 我的 2023 https://t.co/QyV8PiZmOY 我的2022 https://t.co/NLYTn7xtta 我的 2021 我的 2020",
    "entities": {
      "description": {
        "urls": [
          {
            "display_url": "github.com/yihong0618/2024",
            "expanded_url": "http://github.com/yihong0618/2024",
            "url": "https://t.co/HfDF6oduB7",
            "indices": [
              25,
              48
            ]
          },
          {
            "display_url": "github.com/yihong0618/2023",
            "expanded_url": "http://github.com/yihong0618/2023",
            "url": "https://t.co/QyV8PiZmOY",
            "indices": [
              57,
              80
            ]
          },
          {
            "display_url": "github.com/yihong0618/2022",
            "expanded_url": "http://github.com/yihong0618/2022",
            "url": "https://t.co/NLYTn7xtta",
            "indices": [
              88,
              111
            ]
          }
        ]
      },
      "url": {
        "urls": [
          {
            "display_url": "yihong.run",
            "expanded_url": "https://yihong.run",
            "url": "https://t.co/jC9yT8us8S",
            "indices": [
              0,
              23
            ]
          }
        ]
      }
    },
    "fastFollowersCount": 0,
    "favouritesCount": 57496,
    "followersCount": 70328,
    "following": false,
    "friendsCount": 3284,
    "hasCustomTimelines": true,
    "isTranslator": false,
    "listedCount": 520,
    "location": "",
    "mediaCount": 2640,
    "name": "yihong0618",
    "normalFollowersCount": 70328,
    "pinnedTweetIdsStr": [
      "1783309983884710176"
    ],
    "possiblySensitive": false,
    "profileImageUrlHttps": "https://pbs.twimg.com/profile_images/1209446924006223872/wSIVSKnh_normal.jpg",
    "profileInterstitialType": "",
    "screenName": "yihong0618",
    "statusesCount": 24729,
    "translatorType": "none",
    "url": "https://t.co/jC9yT8us8S",
    "verified": false,
    "wantRetweets": false,
    "withheldInCountries": []
  },
  "legacyExtendedProfile": {
    "birthdate": {
      "day": 15,
      "month": 3,
      "visibility": "Public",
      "year": 1989,
      "yearVisibility": "Public"
    }
  },
  "premiumGiftingEligible": true,
  "profileImageShape": "Circle",
  "restId": "1017648622668795904",
  "tipjarSettings": {},
  "userSeedTweetCount": 0,
  "verificationInfo": {
    "isIdentityVerified": false
  }
}