{
  "typename": "User",
  "affiliatesHighlightedLabel": {},
  "businessAccount": {},
  "creatorSubscriptionsCount": 0,
  "hasGraduatedAccess": true,
  "highlightsInfo": {
    "canHighlightTweets": true,
    "highlightedTweets": "7"
  },
  "id": "VXNlcjoxNzE4ODk2OTIyMjc3MzE0NTYw",
  "isBlueVerified": true,
  "isProfileTranslatable": true,
  "legacy": {
    "canDm": true,
    "canMediaTag": true,
    "createdAt": "Mon Oct 30 07:45:42 +0000 2023",
    "defaultProfile": true,
    "defaultProfileImage": false,
    "description": "我的专栏：https://t.co/n3aQPcb9yX ;  独立开发者，NuxtBase作者",
    "entities": {
      "description": {
        "urls": [
          {
            "display_url": "xiaobot.net/p/aisidejob50",
            "expanded_url": "https://xiaobot.net/p/aisidejob50",
            "url": "https://t.co/n3aQPcb9yX",
            "indices": [
              5,
              28
            ]
          }
        ]
      },
      "url": {
        "urls": [
          {
            "display_url": "nuxtbase.site",
            "expanded_url": "https://nuxtbase.site/",
            "url": "https://t.co/cfw5N3hr9H",
            "indices": [
              0,
              23
            ]
          }
        ]
      }
    },
    "fastFollowersCount": 0,
    "favouritesCount": 704,
    "followersCount": 21983,
    "following": false,
    "friendsCount": 452,
    "hasCustomTimelines": false,
    "isTranslator": false,
    "listedCount": 139,
    "location": "Hong Kong",
    "mediaCount": 335,
    "name": "熠辉 Indie",
    "normalFollowersCount": 21983,
    "pinnedTweetIdsStr": [],
    "possiblySensitive": false,
    "profileBannerUrl": "https://pbs.twimg.com/profile_banners/1718896922277314560/1713883724",
    "profileImageUrlHttps": "https://pbs.twimg.com/profile_images/1804848821702377472/fSfFlGTf_normal.jpg",
    "profileInterstitialType": "",
    "screenName": "yihui_indie",
    "statusesCount": 1340,
    "translatorType": "none",
    "url": "https://t.co/cfw5N3hr9H",
    "verified": false,
    "wantRetweets": false,
    "withheldInCountries": []
  },
  "legacyExtendedProfile": {},
  "premiumGiftingEligible": false,
  "profileImageShape": "Circle",
  "restId": "1718896922277314560",
  "tipjarSettings": {
    "isEnabled": true
  },
  "userSeedTweetCount": 0,
  "verificationInfo": {
    "isIdentityVerified": true,
    "reason": {
      "description": {
        "entities": [
          {
            "fromIndex": 26,
            "ref": {
              "url": "https://help.twitter.com/managing-your-account/about-twitter-verified-accounts",
              "urlType": "ExternalUrl"
            },
            "toIndex": 36
          }
        ],
        "text": "This account is verified. Learn more"
      },
      "verifiedSinceMsec": "1718772144280"
    }
  }
}