{
  "typename": "User",
  "affiliatesHighlightedLabel": {},
  "businessAccount": {},
  "creatorSubscriptionsCount": 0,
  "hasGraduatedAccess": true,
  "highlightsInfo": {
    "canHighlightTweets": false,
    "highlightedTweets": "0"
  },
  "id": "VXNlcjo0Mjc2MTIwNTg=",
  "isBlueVerified": false,
  "isProfileTranslatable": true,
  "legacy": {
    "canDm": false,
    "canMediaTag": true,
    "createdAt": "Sat Dec 03 19:03:55 +0000 2011",
    "defaultProfile": true,
    "defaultProfileImage": false,
    "description": "@youyuxi 的中文小号。@voidzerodev 创业中，开源软件开发者，Vue / Vite 作者。此号只聊技术无关的闲话（偶尔破戒警告",
    "entities": {
      "description": {
        "urls": []
      },
      "url": {
        "urls": [
          {
            "display_url": "evanyou.me",
            "expanded_url": "https://evanyou.me",
            "url": "https://t.co/WpxhppiuwL",
            "indices": [
              0,
              23
            ]
          }
        ]
      }
    },
    "fastFollowersCount": 0,
    "favouritesCount": 884,
    "followersCount": 98774,
    "following": false,
    "friendsCount": 230,
    "hasCustomTimelines": false,
    "isTranslator": false,
    "listedCount": 394,
    "location": "Singapore",
    "mediaCount": 153,
    "name": "尤雨溪",
    "normalFollowersCount": 98774,
    "pinnedTweetIdsStr": [],
    "possiblySensitive": false,
    "profileBannerUrl": "https://pbs.twimg.com/profile_banners/427612058/1652336566",
    "profileImageUrlHttps": "https://pbs.twimg.com/profile_images/1671864937/large_3nm7_21222k204236_normal.jpg",
    "profileInterstitialType": "",
    "screenName": "yuxiyou",
    "statusesCount": 1442,
    "translatorType": "none",
    "url": "https://t.co/WpxhppiuwL",
    "verified": false,
    "wantRetweets": false,
    "withheldInCountries": []
  },
  "legacyExtendedProfile": {},
  "premiumGiftingEligible": true,
  "profileImageShape": "Circle",
  "restId": "427612058",
  "tipjarSettings": {},
  "userSeedTweetCount": 0,
  "verificationInfo": {
    "isIdentityVerified": false
  }
}