{
  "typename": "User",
  "affiliatesHighlightedLabel": {},
  "businessAccount": {},
  "creatorSubscriptionsCount": 0,
  "hasGraduatedAccess": true,
  "highlightsInfo": {
    "canHighlightTweets": true,
    "highlightedTweets": "276"
  },
  "id": "VXNlcjoxNTk3NjU0OTk4OTcxNjA0OTky",
  "isBlueVerified": true,
  "isProfileTranslatable": true,
  "legacy": {
    "canDm": false,
    "canMediaTag": true,
    "createdAt": "Tue Nov 29 18:13:44 +0000 2022",
    "defaultProfile": true,
    "defaultProfileImage": false,
    "description": "金融市场老兵. Former Investment manager. 观察和理解这个世界每天在发生着什么，是我的兴趣也是工作。X上的内容只是分享，不是投资建议。\n油管频道：师姐说 https://t.co/41afFnOGrW",
    "entities": {
      "description": {
        "urls": [
          {
            "display_url": "youtube.com/@shijieshuo?si…",
            "expanded_url": "https://youtube.com/@shijieshuo?si=Ys07o6ep9q5qczuT",
            "url": "https://t.co/41afFnOGrW",
            "indices": [
              90,
              113
            ]
          }
        ]
      }
    },
    "fastFollowersCount": 0,
    "favouritesCount": 1382,
    "followersCount": 39943,
    "following": false,
    "friendsCount": 305,
    "hasCustomTimelines": false,
    "isTranslator": false,
    "listedCount": 351,
    "location": "",
    "mediaCount": 3088,
    "name": "金融汪",
    "normalFollowersCount": 39943,
    "pinnedTweetIdsStr": [
      "1867682660921094352"
    ],
    "possiblySensitive": false,
    "profileBannerUrl": "https://pbs.twimg.com/profile_banners/1597654998971604992/1725832829",
    "profileImageUrlHttps": "https://pbs.twimg.com/profile_images/1832901799470411776/mpHf_iT0_normal.jpg",
    "profileInterstitialType": "",
    "screenName": "yuyy614893671",
    "statusesCount": 11784,
    "translatorType": "none",
    "verified": false,
    "wantRetweets": false,
    "withheldInCountries": []
  },
  "legacyExtendedProfile": {},
  "premiumGiftingEligible": false,
  "professional": {
    "category": [
      {
        "iconName": "IconBriefcaseStroke",
        "id": 132,
        "name": "Commercial & Industrial"
      }
    ],
    "professionalType": "Creator",
    "restId": "1710039537622360304"
  },
  "profileImageShape": "Circle",
  "restId": "1597654998971604992",
  "tipjarSettings": {
    "isEnabled": true,
    "venmoHandle": "jinrongwang"
  },
  "userSeedTweetCount": 0,
  "verificationInfo": {
    "isIdentityVerified": false,
    "reason": {
      "description": {
        "entities": [
          {
            "fromIndex": 26,
            "ref": {
              "url": "https://help.twitter.com/managing-your-account/about-twitter-verified-accounts",
              "urlType": "ExternalUrl"
            },
            "toIndex": 36
          }
        ],
        "text": "This account is verified. Learn more"
      },
      "verifiedSinceMsec": "1685641281645"
    }
  }
}